"Username","GivenName","Surname","DisplayName","Lifecycle","Class","Title","OrgUnit","Manager","Groups","EmployeeNumber","EmployeeType","LoginShell","HomeDirectory","Phone","Mobile","Street","City","State","PostalCode","PreferredLanguage","UserAuthType","PasswordState","PrincipalExpiresInDays","SshPublicKeys","CertMapData","RadiusProxy","RadiusUsername","IdentityProvider","IdpUserId","NoPrivateGroup","PrimaryGroup","Tier","Purpose"
"awhitfield","Ada","Whitfield","Ada Whitfield","Active","employee","Chief Technology Officer","Engineering","","all-staff;dept-engineering;lab-admins","E1001","Employee","/bin/bash","","+1 206 555 0100","+1 206 555 0101","123 Corporate Plaza","Seattle","WA","98101","en-US","","Current","","ssh-ed25519 AAAAC3NzaC1lZDI1NTE5AAAAIA4gGtU71XgUkkWUP5Fml4ryubaKKx3teK8Ss91W3lN+ awhitfield@lab","CN=Lab Issuing CA,O=IPALAB|CN=Ada Whitfield,O=IPALAB","","","","","FALSE","","Core","Top of the manager chain; a certificate mapping, a key, and a direct member of a seeded role"
"jnino","José","Niño","José Niño","Active","employee","Platform Engineer","Engineering","awhitfield","all-staff;dept-engineering;team-platform","E1002","Employee","/bin/bash","","+1 206 555 0102","","123 Corporate Plaza","Seattle","WA","98101","es-ES","otp","MustChange","","ssh-ed25519 AAAAC3NzaC1lZDI1NTE5AAAAIN7uuCaVaBovANREx8ZtA/Z/9iYBbOFftGaA5qG4mK4n jnino@lab","","","","","","FALSE","","Core","Accented name; three-deep group membership; must use a token, and has one"
"zmueller","Zoë","Müller","Zoë Müller","Active","employee","Platform Engineer","Engineering","jnino","all-staff;dept-engineering;team-platform;site-zurich","E1003","Employee","/usr/bin/zsh","/home/zurich/zmueller","+41 44 555 0103","+41 79 555 0103","Bahnhofstrasse 1","Zürich","ZH","8001","de-CH","","MustChange","","ssh-ed25519 AAAAC3NzaC1lZDI1NTE5AAAAIMik4KnGs+fSxHyHt+78pGwX8LUOCh9Fj5ndgN3HEhWd zmueller1@lab;ssh-rsa AAAAB3NzaC1yc2EAAAADAQABAAABAQDVvhmrKYrGfAnMpJCRQWV0uGrBrAFGCeYfnJ0RPUiIzab1N4P7hr34K3g2Db2vzMopmdA6B/0J5LVd3beXecSxLg0FGEUA0R8FLbZyR2yTQ7Gd5peGqf/Zk81Cj4Pqj7/JmzZWL/7YCCTR20sV+RflusBXf2C0ioCOqzMEXM0yEArPfwygOEHKqr+SKrBTOpLtslo6JdJ6AoCj9XC+iTyR3Fv1y3Yl1NpOV/B/sr0GkF1MUlueXiGarPOEK1MiEqIiw9O29VabZTK7eB5ai7LtYQvIgiqs5zusWgndO9JO5SClgfAxL47ecbqOrakdLQ6B4YneUJllBIl45y+hikm7 zmueller-legacy@lab","","","","","","FALSE","","Core","Accented name and city; a shell and home that are not the defaults; two keys; overridden by the ID view on the legacy host"
"mbell","Marcus","Bell","Marcus Bell","Active","employee","Sales Director","Sales","awhitfield","all-staff;dept-sales","E1004","Employee","/bin/bash","","+1 713 555 0104","+1 713 555 0105","500 Sales Tower","Houston","TX","77002","en-US","","MustChange","","","","","","","","FALSE","","Core","A department with no children; holds a token that expired yesterday"
"praghunathan","Priya","Raghunathan","Priya Raghunathan","Active","employee","Finance Manager","Finance","awhitfield","all-staff;dept-finance","E1005","Employee","/bin/bash","","+1 206 555 0106","","123 Corporate Plaza","Seattle","WA","98101","en-US","radius","None","","","","legacy-radius","praghu","","","FALSE","","Core","The only user the payroll rule admits, and admitted twice: by name and by group"
"talvarez","Tomás","Álvarez","Tomás Álvarez","Disabled","employee","Account Executive","Sales","mbell","all-staff;dept-sales","E1006","Employee","/bin/bash","","+1 713 555 0107","","500 Sales Tower","Houston","TX","77002","es-MX","","MustChange","","","","","","","","FALSE","","Core","Disabled account that still holds memberships, an HBAC rule, a sudo rule, a disabled token and an override"
"hkobayashi","Hana","Kobayashi","Hana Kobayashi","Active","contractor","Security Consultant","Contractors","","contractors","C2001","Contractor","/bin/bash","","","+81 90 5555 0201","","Tokyo","","","ja-JP","otp","MustChange","","","","","","","","FALSE","","Core","Contractor whose authentication type demands a token nobody enrolled, so she cannot log in and nothing says so"
"ofitzgerald","Orla","Fitzgerald","Orla Fitzgerald","Active","contractor","UX Contractor","Contractors","","contractors","","Contractor","/bin/bash","","","","","Dublin","","","en-IE","idp","None","-14","","","","","github","ofitzgerald-gh","TRUE","contractors","Core","No private group, so her primary GID is the contractors group; her principal expired two weeks ago and the account was never disabled"
"nsorensen","Nadia","Sørensen","Nadia Sørensen","Active","intern","Intern","Engineering","jnino","all-staff;dept-engineering","","Intern","/bin/bash","/home/interns/nsorensen","","","123 Corporate Plaza","Seattle","WA","98101","da-DK","","None","","","","","","","","FALSE","","Core","No employee number and no password ever set; a report must cope with a missing attribute"
"svc-reporting","Reporting","Service","Reporting Service","Active","service","Reporting service account","IT","awhitfield","svc-accounts","","Service","/sbin/nologin","","","","","","","","","","None","","","","","","","","FALSE","","Core","A service account among the humans, with no shell to log in with"
"lchen","Lin","Chen","Lin Chen","Staged","employee","Site Reliability Engineer","Engineering","awhitfield","","E1011","Employee","/bin/bash","","","","","Seattle","WA","98101","zh-CN","","None","","","","","","","","FALSE","","Core","A hire who has not started: staged, invisible to user-find, and unable to hold a membership until activated"
"rokafor","Rita","Okafor","Rita Okafor","Preserved","employee","Account Executive","Sales","mbell","all-staff;dept-sales","E1012","Employee","/bin/bash","","","","","Houston","TX","77002","en-US","","None","","","","","","","","FALSE","","Core","A leaver kept for the audit trail: created with these memberships, then preserved, which strips every one of them"
"aaronp","Aaron","Painter","Aaron Painter","Active","employee","Strategy Consulting Manager","Strategy Consulting","christk","all-staff;allemployees;fulltimeemployees;strategyconsulting;newyorkoffice;managers;emailusers;calendarusers;internetaccessbasic;conferenceroombooking;fileshareusers;internetaccessfull;expensesystemaccess;engineeringfileaccess","EMP026","Full-time","/bin/bash","","(212) 555-8335","(212) 555-8336","456 Madison Ave","New York","NY","10022","en-US","","None","","","","","","","","FALSE","","Bulk","Bulk directory volume, mapped from the AD provider (Strategy Consulting)"
"adamb","Adam","Barr","Adam Barr","Active","employee","General Manager of Professional Services","Operations","danj","all-staff;allemployees;fulltimeemployees;operations;seattlemainoffice;managers;emailusers;calendarusers;internetaccessbasic;conferenceroombooking;fileshareusers;internetaccessfull;expensesystemaccess;testserveroperators","EMP002","Full-time","/bin/bash","","(206) 555-5472","(206) 555-5473","123 Corporate Plaza","Seattle","WA","98101","en-US","","None","","","","","","","","FALSE","","Bulk","Bulk directory volume, mapped from the AD provider (Operations)"
"alanb","Alan","Brewer","Alan Brewer","Active","employee","Regional Sales Manager","Sales","jackc","all-staff;allemployees;fulltimeemployees;sales;richmondoffice;managers;emailusers;calendarusers;internetaccessbasic;conferenceroombooking;fileshareusers;internetaccessfull;expensesystemaccess","EMP016","Full-time","/bin/bash","","(804) 555-2217","(804) 555-2218","456 Capitol St","Richmond","VA","23219","en-US","","None","","","","","","","","FALSE","","Bulk","Bulk directory volume, mapped from the AD provider (Sales)"
"alans","Alan","Steiner","Alan Steiner","Active","employee","Director of Project Management Team","Project Management","adamb","all-staff;allemployees;fulltimeemployees;projectmanagement;seattlemainoffice;directors;emailusers;calendarusers;internetaccessbasic;conferenceroombooking;fileshareusers;internetaccessfull;expensesystemaccess","EMP003","Full-time","/bin/bash","","(206) 555-2443","(206) 555-2444","123 Corporate Plaza","Seattle","WA","98101","en-US","","None","","","","","","","","FALSE","","Bulk","Bulk directory volume, mapped from the AD provider (Project Management)"
"alexans","Alexandre","Silva","Alexandre Silva","Active","contractor","Project Manager","1099 Contractor","briang","contractors;allcontractors;contractworkers;seattlemainoffice;managers","EMP098","Contractor","/bin/bash","","(206) 555-5413","(206) 555-5414","123 Corporate Plaza","Seattle","WA","98101","en-US","","None","","","","","","","","FALSE","","Bulk","Bulk directory volume, mapped from the AD provider (1099 Contractor)"
"alfonsp","Alfons","Parovszky","Alfons Parovszky","Active","employee","Content Management Consultant","Content Management Consulting","stano","all-staff;allemployees;fulltimeemployees;contentmanagement;seattlemainoffice;emailusers;calendarusers;internetaccessbasic;conferenceroombooking;fileshareusers;internetaccessfull;expensesystemaccess","EMP125","Full-time","/bin/bash","","(206) 555-1659","(206) 555-1660","123 Corporate Plaza","Seattle","WA","98101","en-US","","None","","","","","","","","FALSE","","Bulk","Bulk directory volume, mapped from the AD provider (Content Management Consulting)"
"aliciat","Alicia","Thomber","Alicia Thomber","Active","employee","Salesperson","Sales","davids","all-staff;allemployees;fulltimeemployees;sales;seattlemainoffice;emailusers;calendarusers;internetaccessbasic;conferenceroombooking;fileshareusers;internetaccessfull;expensesystemaccess","EMP227","Full-time","/bin/bash","","(714) 555-4825","(714) 555-4826","123 Corporate Plaza","Seattle","WA","98101","en-US","","None","","","","","","","","FALSE","","Bulk","Bulk directory volume, mapped from the AD provider (Sales)"
"alisal","Alisa","Lawyer","Alisa Lawyer","Active","employee","Project Manager","Project Management","scottb","all-staff;allemployees;fulltimeemployees;projectmanagement;seattlemainoffice;managers;emailusers;calendarusers;internetaccessbasic;conferenceroombooking;fileshareusers;internetaccessfull;expensesystemaccess;salesmanagement;compliancereporting","EMP163","Full-time","/bin/bash","","(206) 555-4738","(206) 555-4739","123 Corporate Plaza","Seattle","WA","98101","en-US","","None","","","","","","","","FALSE","","Bulk","Bulk directory volume, mapped from the AD provider (Project Management)"
"allang","Allan","Guinot","Allan Guinot","Active","employee","Engineer","Engineering Operations","carolt","all-staff;allemployees;fulltimeemployees;engineeringoperations;seattleengineeringoffice;emailusers;calendarusers;internetaccessbasic;conferenceroombooking;fileshareusers;internetaccessfull;expensesystemaccess","EMP069","Full-time","/bin/bash","","(206) 555-6127","(206) 555-6128","456 Innovation Drive","Seattle","WA","98102","en-US","","None","","","","","","","","FALSE","","Bulk","Bulk directory volume, mapped from the AD provider (Engineering Operations)"
"allisob","Allison","Brown","Allison Brown","Active","employee","Strategy Consultant","Strategy Consulting","aaronp","all-staff;allemployees;fulltimeemployees;strategyconsulting;seattlemainoffice;emailusers;calendarusers;internetaccessbasic;conferenceroombooking;fileshareusers;internetaccessfull;expensesystemaccess;testserveroperators","EMP087","Full-time","/bin/bash","","(206) 555-5461","(206) 555-5462","123 Corporate Plaza","Seattle","WA","98101","en-US","","None","","","","","","","","FALSE","","Bulk","Bulk directory volume, mapped from the AD provider (Strategy Consulting)"
"amya","Amy","Alberts","Amy Alberts","Active","employee","HR Manager","Human Resources","garthf","all-staff;allemployees;fulltimeemployees;humanresources;seattlemainoffice;managers;emailusers;calendarusers;internetaccessbasic;conferenceroombooking;fileshareusers;internetaccessfull;expensesystemaccess;printeraccessmain","EMP031","Full-time","/bin/bash","","(206) 555-1346","(206) 555-1347","123 Corporate Plaza","Seattle","WA","98101","en-US","","None","","","","","","","","FALSE","","Bulk","Bulk directory volume, mapped from the AD provider (Human Resources)"
"andersm","Anders","Madsen","Anders Madsen","Active","contractor","Project Manager","1099 Contractor","briang","contractors;allcontractors;contractworkers;seattlemainoffice;managers","EMP097","Contractor","/bin/bash","","(206) 555-7593","(206) 555-7594","123 Corporate Plaza","Seattle","WA","98101","en-US","","None","","","","","","","","FALSE","","Bulk","Bulk directory volume, mapped from the AD provider (1099 Contractor)"
"andread","Andrea","Dunker","Andrea Dunker","Active","contractor","Project Manager","1099 Contractor","briang","contractors;allcontractors;contractworkers;seattlemainoffice;managers","EMP116","Contractor","/bin/bash","","(206) 555-1413","(206) 555-1414","123 Corporate Plaza","Seattle","WA","98101","en-US","","None","","","","","","","","FALSE","","Bulk","Bulk directory volume, mapped from the AD provider (1099 Contractor)"
"andrewm","Andrew","Ma","Andrew Ma","Active","employee","Senior Project Manager","Project Management","alans","all-staff;allemployees;fulltimeemployees;projectmanagement;seattlemainoffice;managers;emailusers;calendarusers;internetaccessbasic;conferenceroombooking;fileshareusers;internetaccessfull;expensesystemaccess;printeraccessfinance","EMP027","Full-time","/bin/bash","","(206) 555-6345","(206) 555-6346","123 Corporate Plaza","Seattle","WA","98101","en-US","","None","","","","","","","","FALSE","","Bulk","Bulk directory volume, mapped from the AD provider (Project Management)"
"andyj","Andy","Jacobs","Andy Jacobs","Active","employee","Senior Project Manager","Project Management","scottb","all-staff;allemployees;fulltimeemployees;projectmanagement;seattlemainoffice;managers;emailusers;calendarusers;internetaccessbasic;conferenceroombooking;fileshareusers;internetaccessfull;expensesystemaccess","EMP179","Full-time","/bin/bash","","(206) 555-4262","(206) 555-4263","123 Corporate Plaza","Seattle","WA","98101","en-US","","None","","","","","","","","FALSE","","Bulk","Bulk directory volume, mapped from the AD provider (Project Management)"
"annal","Anna","Lidman","Anna Lidman","Active","employee","SVP of Online Services","Senior Management","christg","all-staff;allemployees;fulltimeemployees;seniormanagement;seattlemainoffice;vpsandabove;emailusers;calendarusers;internetaccessbasic;conferenceroombooking;fileshareusers;internetaccessfull;expensesystemaccess","EMP018","Full-time","/bin/bash","","(425) 555-0172","(425) 555-0173","123 Corporate Plaza","Seattle","WA","98101","en-US","","None","","","","","","","","FALSE","","Bulk","Bulk directory volume, mapped from the AD provider (Senior Management)"
"anneliz","Annelie","Zubar","Annelie Zubar","Active","employee","Salesperson","Sales","joses","all-staff;allemployees;fulltimeemployees;sales;seattlemainoffice;emailusers;calendarusers;internetaccessbasic;conferenceroombooking;fileshareusers;internetaccessfull;expensesystemaccess;salesmanagement;compliancereporting","EMP225","Full-time","/bin/bash","","2555-4845","","123 Corporate Plaza","Seattle","WA","98101","en-US","","None","","","","","","","","FALSE","","Bulk","Bulk directory volume, mapped from the AD provider (Sales)"
"annew","Anne","Weiler","Anne Weiler","Active","employee","Strategy Consultant","Strategy Consulting","cesarg","all-staff;allemployees;fulltimeemployees;strategyconsulting;seattlemainoffice;emailusers;calendarusers;internetaccessbasic;conferenceroombooking;fileshareusers;internetaccessfull;expensesystemaccess","EMP086","Full-time","/bin/bash","","(206) 555-6443","(206) 555-6444","123 Corporate Plaza","Seattle","WA","98101","en-US","","None","","","","","","","","FALSE","","Bulk","Bulk directory volume, mapped from the AD provider (Strategy Consulting)"
"anud","Anu","Deshpande","Anu Deshpande","Active","employee","Engineer","Creative","carolt","all-staff;allemployees;fulltimeemployees;marketing;seattlemainoffice;emailusers;calendarusers;internetaccessbasic;conferenceroombooking;fileshareusers;internetaccessfull;expensesystemaccess","EMP068","Full-time","/bin/bash","","(206) 555-6699","(206) 555-6700","123 Corporate Plaza","Seattle","WA","98101","en-US","","None","","","","","","","","FALSE","","Bulk","Bulk directory volume, mapped from the AD provider (Creative)"
"aprils","April","Stewart","April Stewart","Active","employee","Sales Manager","Sales","eduardd","all-staff;allemployees;fulltimeemployees;sales;chicagooffice;managers;emailusers;calendarusers;internetaccessbasic;conferenceroombooking;fileshareusers;internetaccessfull;expensesystemaccess;printeraccessmain","EMP025","Full-time","/bin/bash","","(312) 555-5454","(312) 555-5455","234 Michigan Ave","Chicago","IL","60601","en-US","","None","","","","","","","","FALSE","","Bulk","Bulk directory volume, mapped from the AD provider (Sales)"
"aris","Ari","Suominen","Ari Suominen","Active","employee","Engineer","Engineering Operations","carolt","all-staff;allemployees;fulltimeemployees;engineeringoperations;seattleengineeringoffice;emailusers;calendarusers;internetaccessbasic;conferenceroombooking;fileshareusers;internetaccessfull;expensesystemaccess;printeraccessfinance","EMP067","Full-time","/bin/bash","","(206) 555-7231","(206) 555-7232","456 Innovation Drive","Seattle","WA","98102","en-US","","None","","","","","","","","FALSE","","Bulk","Bulk directory volume, mapped from the AD provider (Engineering Operations)"
"arleneh","Arlene","Huff","Arlene Huff","Active","employee","Strategy Consultant","Strategy Consulting","jennim","all-staff;allemployees;fulltimeemployees;strategyconsulting;seattlemainoffice;emailusers;calendarusers;internetaccessbasic;conferenceroombooking;fileshareusers;internetaccessfull;expensesystemaccess","EMP238","Full-time","/bin/bash","","(206) 555-9538","(206) 555-9539","123 Corporate Plaza","Seattle","WA","98101","en-US","","None","","","","","","","","FALSE","","Bulk","Bulk directory volume, mapped from the AD provider (Strategy Consulting)"
"arthury","Arthur","Yasinski","Arthur Yasinski","Active","employee","Sales Manager","Sales Engagement Management","spencel","all-staff;allemployees;fulltimeemployees;sales;managers;emailusers;calendarusers;internetaccessbasic;conferenceroombooking;fileshareusers;internetaccessfull;expensesystemaccess","EMP029","Full-time","/bin/bash","","(214) 555-3187","(214) 555-3188","890 Commerce St","Dallas","TX","75202","en-US","","None","","","","","","","","FALSE","","Bulk","Bulk directory volume, mapped from the AD provider (Sales Engagement Management)"
"arturol","Arturo","Lopez","Arturo Lopez","Active","employee","IT Director","Operations","kellyw","all-staff;allemployees;fulltimeemployees;operations;seattlemainoffice;directors;emailusers;calendarusers;internetaccessbasic;conferenceroombooking;fileshareusers;internetaccessfull;expensesystemaccess;compliancereporting","EMP024","Full-time","/bin/bash","","(206) 555-3186","(206) 555-3187","123 Corporate Plaza","Seattle","WA","98101","en-US","","None","","","","","","","","FALSE","","Bulk","Bulk directory volume, mapped from the AD provider (Operations)"
"aylak","Ayla","Kol","Ayla Kol","Active","employee","Project Manager","Project Management","scottb","all-staff;allemployees;fulltimeemployees;projectmanagement;seattlemainoffice;managers;emailusers;calendarusers;internetaccessbasic;conferenceroombooking;fileshareusers;internetaccessfull;expensesystemaccess","EMP162","Full-time","/bin/bash","","(206) 555-3448","(206) 555-3449","123 Corporate Plaza","Seattle","WA","98101","en-US","","None","","","","","","","","FALSE","","Bulk","Bulk directory volume, mapped from the AD provider (Project Management)"
"barryj","Barry","Johnson","Barry Johnson","Active","employee","Project Manager","Project Management","alans","all-staff;allemployees;fulltimeemployees;projectmanagement;seattlemainoffice;managers;emailusers;calendarusers;internetaccessbasic;conferenceroombooking;fileshareusers;internetaccessfull;expensesystemaccess","EMP042","Full-time","/bin/bash","","(206) 555-8673","(206) 555-8674","123 Corporate Plaza","Seattle","WA","98101","en-US","","None","","","","","","","","FALSE","","Bulk","Bulk directory volume, mapped from the AD provider (Project Management)"
"bens","Ben","Spain","Ben Spain","Active","employee","Manager","Operations","adamb","all-staff;allemployees;fulltimeemployees;operations;seattlemainoffice;managers;emailusers;calendarusers;internetaccessbasic;conferenceroombooking;fileshareusers;internetaccessfull;expensesystemaccess;printeraccessmain","EMP044","Full-time","/bin/bash","","(206) 555-8216","(206) 555-8217","123 Corporate Plaza","Seattle","WA","98101","en-US","","None","","","","","","","","FALSE","","Bulk","Bulk directory volume, mapped from the AD provider (Operations)"
"bernart","Bernard","Tham","Bernard Tham","Active","employee","Engineer","Engineering Operations","carolt","all-staff;allemployees;fulltimeemployees;engineeringoperations;seattleengineeringoffice;emailusers;calendarusers;internetaccessbasic;conferenceroombooking;fileshareusers;internetaccessfull;expensesystemaccess;printeraccessfinance","EMP066","Full-time","/bin/bash","","(206) 555-3119","(206) 555-3120","456 Innovation Drive","Seattle","WA","98102","en-US","","None","","","","","","","","FALSE","","Bulk","Bulk directory volume, mapped from the AD provider (Engineering Operations)"
"bjorna","Björn","Åberg","Björn Åberg","Active","employee","IT Systems Administrator","Operations","arturol","all-staff;allemployees;fulltimeemployees;operations;seattlemainoffice;emailusers;calendarusers;internetaccessbasic;conferenceroombooking;fileshareusers;internetaccessfull;expensesystemaccess;wifiusers","EMP289","Full-time","/bin/bash","","(206) 555-0313","(206) 555-0314","123 Corporate Plaza","Seattle","WA","98101","en-US","","None","","","","","","","","FALSE","","Bulk","Bulk directory volume, mapped from the AD provider (Operations)"
"blained","Blaine","Dockter","Blaine Dockter","Active","employee","Strategy Consultant","Strategy Consulting","ellena","all-staff;allemployees;fulltimeemployees;strategyconsulting;seattlemainoffice;emailusers;calendarusers;internetaccessbasic;conferenceroombooking;fileshareusers;internetaccessfull;expensesystemaccess","EMP085","Full-time","/bin/bash","","(206) 555-4484","(206) 555-4485","123 Corporate Plaza","Seattle","WA","98101","en-US","","None","","","","","","","","FALSE","","Bulk","Bulk directory volume, mapped from the AD provider (Strategy Consulting)"
"brads","Brad","Sutton","Brad Sutton","Active","employee","Strategy Consulting Manager","Strategy Consulting","christk","all-staff;allemployees;fulltimeemployees;strategyconsulting;newyorkoffice;managers;emailusers;calendarusers;internetaccessbasic;conferenceroombooking;fileshareusers;internetaccessfull;expensesystemaccess","EMP030","Full-time","/bin/bash","","(212) 555-9758","(212) 555-9759","456 Madison Ave","New York","NY","10022","en-US","","None","","","","","","","","FALSE","","Bulk","Bulk directory volume, mapped from the AD provider (Strategy Consulting)"
"brianc","Brian","Cox","Brian Cox","Active","employee","Procurement Manager","Operations","keithd","all-staff;allemployees;fulltimeemployees;operations;seattlemainoffice;managers;emailusers;calendarusers;internetaccessbasic;conferenceroombooking;fileshareusers;internetaccessfull;expensesystemaccess","EMP260","Full-time","/bin/bash","","(206) 555-4515","(206) 555-4516","123 Corporate Plaza","Seattle","WA","98101","en-US","","None","","","","","","","","FALSE","","Bulk","Bulk directory volume, mapped from the AD provider (Operations)"
"briang","Brian","Groth","Brian Groth","Active","employee","Project Manager","Project Management","barryj","all-staff;allemployees;fulltimeemployees;projectmanagement;seattlemainoffice;managers;emailusers;calendarusers;internetaccessbasic;conferenceroombooking;fileshareusers;internetaccessfull;expensesystemaccess","EMP048","Full-time","/bin/bash","","(206) 555-9642","(206) 555-9643","123 Corporate Plaza","Seattle","WA","98101","en-US","","None","","","","","","","","FALSE","","Bulk","Bulk directory volume, mapped from the AD provider (Project Management)"
"carid","Cari","Drummelle","Cari Drummelle","Active","employee","Content Management Consultant","Content Management Consulting","stano","all-staff;allemployees;fulltimeemployees;contentmanagement;newyorkoffice;emailusers;calendarusers;internetaccessbasic;conferenceroombooking;fileshareusers;internetaccessfull;expensesystemaccess;printeraccessmain","EMP124","Full-time","/bin/bash","","(212) 555-3889","(212) 555-3890","456 Madison Ave","New York","NY","10022","en-US","","None","","","","","","","","FALSE","","Bulk","Bulk directory volume, mapped from the AD provider (Content Management Consulting)"
"carlosg","Carlos","Grilo","Carlos Grilo","Active","contractor","Project Manager","1099 Contractor","briang","contractors;allcontractors;contractworkers;seattlemainoffice;managers","EMP117","Contractor","/bin/bash","","(206) 555-4536","(206) 555-4537","123 Corporate Plaza","Seattle","WA","98101","en-US","","None","","","","","","","","FALSE","","Bulk","Bulk directory volume, mapped from the AD provider (1099 Contractor)"
"carolt","Carol","Troup","Carol Troup","Active","employee","Strategy Consulting Manager","Engineering Operations","davidz","all-staff;allemployees;fulltimeemployees;engineeringoperations;seattleengineeringoffice;managers;emailusers;calendarusers;internetaccessbasic;conferenceroombooking;fileshareusers;internetaccessfull;expensesystemaccess;printeraccessfinance","EMP046","Full-time","/bin/bash","","(206) 555-7223","(206) 555-7224","456 Innovation Drive","Seattle","WA","98102","en-US","","None","","","","","","","","FALSE","","Bulk","Bulk directory volume, mapped from the AD provider (Engineering Operations)"
"cassieh","Cassie","Hicks","Cassie Hicks","Active","employee","Director of Client Services","Senior Management","adamb","all-staff;allemployees;fulltimeemployees;seniormanagement;seattlemainoffice;directors;emailusers;calendarusers;internetaccessbasic;conferenceroombooking;fileshareusers;internetaccessfull;expensesystemaccess;wifiusers","EMP183","Full-time","/bin/bash","","(425) 555-0129","(425) 555-0130","123 Corporate Plaza","Seattle","WA","98101","en-US","","None","","","","","","","","FALSE","","Bulk","Bulk directory volume, mapped from the AD provider (Senior Management)"
"cesarg","Cesar","Garcia","Cesar Garcia","Active","employee","Strategy Consulting Manager","Strategy Consulting","christk","all-staff;allemployees;fulltimeemployees;strategyconsulting;newyorkoffice;managers;emailusers;calendarusers;internetaccessbasic;conferenceroombooking;fileshareusers;internetaccessfull;expensesystemaccess;testenterpriseadmins","EMP012","Full-time","/bin/bash","","(212) 555-4178","(212) 555-4179","456 Madison Ave","New York","NY","10022","en-US","","None","","","","","","","","FALSE","","Bulk","Bulk directory volume, mapped from the AD provider (Strategy Consulting)"
"chasec","Chase","Carpenter","Chase Carpenter","Active","employee","Accountant","Accounting","karimm","all-staff;allemployees;fulltimeemployees;accounting;seattlefinanceoffice;emailusers;calendarusers;internetaccessbasic;conferenceroombooking;fileshareusers;internetaccessfull;expensesystemaccess;printeraccessengineering","EMP106","Full-time","/bin/bash","","(206) 555-9764","(206) 555-9765","789 Financial Center","Seattle","WA","98103","en-US","","None","","","","","","","","FALSE","","Bulk","Bulk directory volume, mapped from the AD provider (Accounting)"
"cheny","Chen","Yang","Chen Yang","Active","employee","Engineer","Engineering Operations","carolt","all-staff;allemployees;fulltimeemployees;engineeringoperations;seattleengineeringoffice;emailusers;calendarusers;internetaccessbasic;conferenceroombooking;fileshareusers;internetaccessfull;expensesystemaccess","EMP065","Full-time","/bin/bash","","(206) 555-6173","(206) 555-6174","456 Innovation Drive","Seattle","WA","98102","en-US","","None","","","","","","","","FALSE","","Bulk","Bulk directory volume, mapped from the AD provider (Engineering Operations)"
"chrisb","Chris","Barry","Chris Barry","Active","employee","Project Manager","Project Management","miken","all-staff;allemployees;fulltimeemployees;projectmanagement;seattlemainoffice;managers;emailusers;calendarusers;internetaccessbasic;conferenceroombooking;fileshareusers;internetaccessfull;expensesystemaccess","EMP161","Full-time","/bin/bash","","(206) 555-9267","(206) 555-9268","123 Corporate Plaza","Seattle","WA","98101","en-US","","None","","","","","","","","FALSE","","Bulk","Bulk directory volume, mapped from the AD provider (Project Management)"
"chrisg","Chris","Gray","Chris Gray","Active","employee","Senior Engineer","Engineering Operations","carolt","all-staff;allemployees;fulltimeemployees;engineeringoperations;seattleengineeringoffice;emailusers;calendarusers;internetaccessbasic;conferenceroombooking;fileshareusers;internetaccessfull;expensesystemaccess;workstationusers;printeraccessmain","EMP234","Full-time","/bin/bash","","(206) 555-9244","(206) 555-9245","456 Innovation Drive","Seattle","WA","98102","en-US","","None","","","","","","","","FALSE","","Bulk","Bulk directory volume, mapped from the AD provider (Engineering Operations)"
"chrisj","Chris","Johnson","Chris Johnson","Active","employee","Marketing Specialist","Marketing","kellyk","all-staff;allemployees;fulltimeemployees;marketing;seattlemainoffice;emailusers;calendarusers;internetaccessbasic;conferenceroombooking;fileshareusers;internetaccessfull;expensesystemaccess","EMP268","Full-time","/bin/bash","","(206) 555-9000","(206) 555-9001","123 Corporate Plaza","Seattle","WA","98101","en-US","","None","","","","","","","","FALSE","","Bulk","Bulk directory volume, mapped from the AD provider (Marketing)"
"chrisjoh","Chris","Johnson","Chris M. Johnson","Active","employee","Accountant","Accounting","karimm","all-staff;allemployees;fulltimeemployees;accounting;seattlefinanceoffice;emailusers;calendarusers;internetaccessbasic;conferenceroombooking;fileshareusers;internetaccessfull;expensesystemaccess;wifiusers","EMP270","Full-time","/bin/bash","","(206) 555-9002","(206) 555-9003","789 Financial Center","Seattle","WA","98103","en-US","","None","","","","","","","","FALSE","","Bulk","Bulk directory volume, mapped from the AD provider (Accounting)"
"chrisjohn","Chris","Johnson","Chris F. Johnson","Active","employee","Senior Engineer","Engineering Operations","carolt","all-staff;allemployees;fulltimeemployees;engineeringoperations;seattleengineeringoffice;emailusers;calendarusers;internetaccessbasic;conferenceroombooking;fileshareusers;internetaccessfull;expensesystemaccess;testenterpriseadmins","EMP271","Full-time","/bin/bash","","(206) 555-9003","(206) 555-9004","456 Innovation Drive","Seattle","WA","98102","en-US","","None","","","","","","","","FALSE","","Bulk","Bulk directory volume, mapped from the AD provider (Engineering Operations)"
"chrisjohns","Chris","Johnson","Chris A. Johnson","Active","employee","Salesperson","Sales Engagement Management","aprils","all-staff;allemployees;fulltimeemployees;sales;seattlemainoffice;emailusers;calendarusers;internetaccessbasic;conferenceroombooking;fileshareusers;internetaccessfull;expensesystemaccess;printeraccessengineering","EMP272","Full-time","/bin/bash","","(206) 555-9004","(206) 555-9005","123 Corporate Plaza","Seattle","WA","98101","en-US","","None","","","","","","","","FALSE","","Bulk","Bulk directory volume, mapped from the AD provider (Sales Engagement Management)"
"chrism","Chris","McGurk","Chris McGurk","Active","contractor","Project Manager","1099 Contractor","briang","contractors;allcontractors;contractworkers;seattlemainoffice;managers","EMP118","Contractor","/bin/bash","","(206) 555-1833","(206) 555-1834","123 Corporate Plaza","Seattle","WA","98101","en-US","","None","","","","","","","","FALSE","","Bulk","Bulk directory volume, mapped from the AD provider (1099 Contractor)"
"chrisn","Chris","Norred","Chris Norred","Active","employee","Project Manager","Project Management","alans","all-staff;allemployees;fulltimeemployees;projectmanagement;seattlemainoffice;managers;emailusers;calendarusers;internetaccessbasic;conferenceroombooking;fileshareusers;internetaccessfull;expensesystemaccess","EMP004","Full-time","/bin/bash","","(206) 555-1931","(206) 555-1932","123 Corporate Plaza","Seattle","WA","98101","en-US","","None","","","","","","","","FALSE","","Bulk","Bulk directory volume, mapped from the AD provider (Project Management)"
"christg","Christa","Geller","Christa Geller","Active","employee","CVP of Online","Executive","jeffh","all-staff;allemployees;fulltimeemployees;executives;seattlemainoffice;vpsandabove;emailusers;calendarusers;internetaccessbasic;conferenceroombooking;fileshareusers;internetaccessfull;expensesystemaccess","EMP013","Full-time","/bin/bash","","(425) 555-0177","(425) 555-0178","123 Corporate Plaza","Seattle","WA","98101","en-US","","None","","","","","","","","FALSE","","Bulk","Bulk directory volume, mapped from the AD provider (Executive)"
"christj","Christian","Jene","Christian Jene","Active","employee","Marketing Specialist","Marketing","kellyk","all-staff;allemployees;fulltimeemployees;marketing;seattlemainoffice;emailusers;calendarusers;internetaccessbasic;conferenceroombooking;fileshareusers;internetaccessfull;expensesystemaccess;workstationusers;printeraccessmain","EMP255","Full-time","/bin/bash","","(206) 555-8834","(206) 555-8835","123 Corporate Plaza","Seattle","WA","98101","en-US","","None","","","","","","","","FALSE","","Bulk","Bulk directory volume, mapped from the AD provider (Marketing)"
"christk","Christine","Koch","Christine Koch","Active","employee","Managing Director","Engineering","adamb","all-staff;allemployees;fulltimeemployees;engineering;seattleengineeringoffice;directors;emailusers;calendarusers;internetaccessbasic;conferenceroombooking;fileshareusers;internetaccessfull;expensesystemaccess;developmenttools","EMP006","Full-time","/bin/bash","","(206) 555-2987","(206) 555-2988","456 Innovation Drive","Seattle","WA","98102","en-US","","None","","","","","","","","FALSE","","Bulk","Bulk directory volume, mapped from the AD provider (Engineering)"
"christopherm","Christopher","Miller","Christopher Miller","Disabled","employee","Former Network Administrator","IT Support","arturol","all-staff;allemployees;fulltimeemployees;seattlemainoffice;emailusers;calendarusers;internetaccessbasic;conferenceroombooking;fileshareusers;internetaccessfull;expensesystemaccess;wifiusers","EMP286","Full-time","/bin/bash","","(206) 555-7027","(206) 555-7028","123 Corporate Plaza","Seattle","WA","98101","en-US","","None","","","","","","","","FALSE","","Bulk","Bulk directory volume, mapped from the AD provider (IT Support)"
"christr","Christian","Rytt","Christian Rytt","Active","employee","Project Manager","Project Management","chrisn","all-staff;allemployees;fulltimeemployees;projectmanagement;seattlemainoffice;managers;emailusers;calendarusers;internetaccessbasic;conferenceroombooking;fileshareusers;internetaccessfull;expensesystemaccess;testenterpriseadmins","EMP171","Full-time","/bin/bash","","(206) 555-5488","(206) 555-5489","123 Corporate Plaza","Seattle","WA","98101","en-US","","None","","","","","","","","FALSE","","Bulk","Bulk directory volume, mapped from the AD provider (Project Management)"
"cliffd","Cliff","Diddier","Cliff Diddier","Active","employee","Engineer","Engineering Operations","carolt","all-staff;allemployees;fulltimeemployees;engineeringoperations;seattleengineeringoffice;emailusers;calendarusers;internetaccessbasic;conferenceroombooking;fileshareusers;internetaccessfull;expensesystemaccess;printeraccessengineering","EMP064","Full-time","/bin/bash","","(206) 555-3748","(206) 555-3749","456 Innovation Drive","Seattle","WA","98102","en-US","","None","","","","","","","","FALSE","","Bulk","Bulk directory volume, mapped from the AD provider (Engineering Operations)"
"corinnb","Corinna","Bolender","Corinna Bolender","Active","employee","Engineer","Engineering Operations","carolt","all-staff;allemployees;fulltimeemployees;engineeringoperations;seattleengineeringoffice;emailusers;calendarusers;internetaccessbasic;conferenceroombooking;fileshareusers;internetaccessfull;expensesystemaccess","EMP131","Full-time","/bin/bash","","(206) 555-9821","(206) 555-9822","456 Innovation Drive","Seattle","WA","98102","en-US","","None","","","","","","","","FALSE","","Bulk","Bulk directory volume, mapped from the AD provider (Engineering Operations)"
"danb","Dan","Bacon","Dan Bacon","Active","contractor","Project Manager","1099 Contractor","briang","contractors;allcontractors;contractworkers;seattlemainoffice;managers","EMP119","Contractor","/bin/bash","","(206) 555-2464","(206) 555-2465","123 Corporate Plaza","Seattle","WA","98101","en-US","","None","","","","","","","","FALSE","","Bulk","Bulk directory volume, mapped from the AD provider (1099 Contractor)"
"danh","Dan","Hough","Dan Hough","Active","employee","Salesperson","Sales","arthury","all-staff;allemployees;fulltimeemployees;sales;seattlemainoffice;emailusers;calendarusers;internetaccessbasic;conferenceroombooking;fileshareusers;internetaccessfull;expensesystemaccess","EMP215","Full-time","/bin/bash","","(607) 555-4568","(607) 555-4569","123 Corporate Plaza","Seattle","WA","98101","en-US","","None","","","","","","","","FALSE","","Bulk","Bulk directory volume, mapped from the AD provider (Sales)"
"danield","Daniel","Durrer","Daniel Durrer","Active","contractor","Project Manager","1099 Contractor","briang","contractors;allcontractors;contractworkers;seattlemainoffice;managers","EMP120","Contractor","/bin/bash","","(206) 555-8793","(206) 555-8794","123 Corporate Plaza","Seattle","WA","98101","en-US","","None","","","","","","","","FALSE","","Bulk","Bulk directory volume, mapped from the AD provider (1099 Contractor)"
"danj","Dan","Jump","Dan Jump","Active","employee","CEO","Executive","","all-staff;allemployees;fulltimeemployees;executives;seattlemainoffice;clevel;vpsandabove;emailusers;calendarusers;internetaccessbasic;conferenceroombooking;fileshareusers;internetaccessfull;expensesystemaccess;workstationusers;printeraccessmain","EMP001","Full-time","/bin/bash","","(425) 555-0179","(425) 555-0179","123 Corporate Plaza","Seattle","WA","98101","en-US","","None","","","","","","","","FALSE","","Bulk","Bulk directory volume, mapped from the AD provider (Executive)"
"dannio","Danni","Ortman","Danni Ortman","Active","employee","Senior Project Manager","Project Management","andrewm","all-staff;allemployees;fulltimeemployees;projectmanagement;seattlemainoffice;managers;emailusers;calendarusers;internetaccessbasic;conferenceroombooking;fileshareusers;internetaccessfull;expensesystemaccess;developmenttools","EMP178","Full-time","/bin/bash","","(206) 555-6667","(206) 555-6668","123 Corporate Plaza","Seattle","WA","98101","en-US","","None","","","","","","","","FALSE","","Bulk","Bulk directory volume, mapped from the AD provider (Project Management)"
"danp","Dan","Park","Dan Park","Active","employee","Vice President NA Sales","Sales","adamb","all-staff;allemployees;fulltimeemployees;sales;houstonoffice;vpsandabove;emailusers;calendarusers;internetaccessbasic;conferenceroombooking;fileshareusers;internetaccessfull;expensesystemaccess;wifiusers","EMP009","Full-time","/bin/bash","","(713) 555-6563","(713) 555-6564","321 Sales Tower","Houston","TX","77001","en-US","","None","","","","","","","","FALSE","","Bulk","Bulk directory volume, mapped from the AD provider (Sales)"
"daven","Dave","Natsuhara","Dave Natsuhara","Active","employee","Project Manager","Project Management","chrisn","all-staff;allemployees;fulltimeemployees;projectmanagement;seattlemainoffice;managers;emailusers;calendarusers;internetaccessbasic;conferenceroombooking;fileshareusers;internetaccessfull;expensesystemaccess;testenterpriseadmins","EMP170","Full-time","/bin/bash","","(206) 555-9299","(206) 555-9300","123 Corporate Plaza","Seattle","WA","98101","en-US","","None","","","","","","","","FALSE","","Bulk","Bulk directory volume, mapped from the AD provider (Project Management)"
"davidb","David","Bossard","David Bossard","Active","employee","Salesperson","Sales","aprils","all-staff;allemployees;fulltimeemployees;sales;seattlemainoffice;emailusers;calendarusers;internetaccessbasic;conferenceroombooking;fileshareusers;internetaccessfull;expensesystemaccess;printeraccessengineering","EMP226","Full-time","/bin/bash","","(206) 555-1422","(206) 555-1423","123 Corporate Plaza","Seattle","WA","98101","en-US","","None","","","","","","","","FALSE","","Bulk","Bulk directory volume, mapped from the AD provider (Sales)"
"davidb1","David","Bradley","David Bradley","Active","employee","Manager","Operations","bens","all-staff;allemployees;fulltimeemployees;operations;seattlemainoffice;managers;emailusers;calendarusers;internetaccessbasic;conferenceroombooking;fileshareusers;internetaccessfull;expensesystemaccess","EMP247","Full-time","/bin/bash","","(206) 555-5934","(206) 555-5935","123 Corporate Plaza","Seattle","WA","98101","en-US","","None","","","","","","","","FALSE","","Bulk","Bulk directory volume, mapped from the AD provider (Operations)"
"davidb2","David","Brown","David Brown","Disabled","contractor","Former Junior Accountant","Accounting","karimm","contractors;allcontractors;contractworkers;accounting;seattlefinanceoffice","EMP276","Contractor","/bin/bash","","(206) 555-7007","(206) 555-7008","789 Financial Center","Seattle","WA","98103","en-US","","None","","","","","","","","FALSE","","Bulk","Bulk directory volume, mapped from the AD provider (Accounting)"
"davidd","David","Derwin","David Derwin","Active","contractor","Project Manager","1099 Contractor","briang","contractors;allcontractors;contractworkers;seattlemainoffice;managers","EMP092","Contractor","/bin/bash","","(206) 555-7749","(206) 555-7750","123 Corporate Plaza","Seattle","WA","98101","en-US","","None","","","","","","","","FALSE","","Bulk","Bulk directory volume, mapped from the AD provider (1099 Contractor)"
"davidh","David","Hamilton","David Hamilton","Active","employee","CRM Consultant","Content Management Consulting","stano","all-staff;allemployees;fulltimeemployees;contentmanagement;londonoffice;emailusers;calendarusers;internetaccessbasic;conferenceroombooking;fileshareusers;internetaccessfull;expensesystemaccess","EMP056","Full-time","/bin/bash","","(20) 5555-7963","","100 London Bridge St","London","UK","SE1 9SG","en-GB","","None","","","","","","","","FALSE","","Bulk","Bulk directory volume, mapped from the AD provider (Content Management Consulting)"
"davidm","David","Maman","David Maman","Active","employee","Strategy Consulting Manager","Strategy Consulting","christk","all-staff;allemployees;fulltimeemployees;strategyconsulting;newyorkoffice;managers;emailusers;calendarusers;internetaccessbasic;conferenceroombooking;fileshareusers;internetaccessfull;expensesystemaccess;workstationusers","EMP015","Full-time","/bin/bash","","(212) 555-2867","(212) 555-2868","456 Madison Ave","New York","NY","10022","en-US","","None","","","","","","","","FALSE","","Bulk","Bulk directory volume, mapped from the AD provider (Strategy Consulting)"
"davids","David","Simpson","David Simpson","Active","employee","Sales Manager","Sales Engagement Management","alanb","all-staff;allemployees;fulltimeemployees;sales;seattlemainoffice;managers;emailusers;calendarusers;internetaccessbasic;conferenceroombooking;fileshareusers;internetaccessfull;expensesystemaccess;developmenttools","EMP017","Full-time","/bin/bash","","(206) 555-1123","(206) 555-1124","123 Corporate Plaza","Seattle","WA","98101","en-US","","None","","","","","","","","FALSE","","Bulk","Bulk directory volume, mapped from the AD provider (Sales Engagement Management)"
"davids1","David","So","David So","Active","contractor","Project Manager","1099 Contractor","briang","contractors;allcontractors;contractworkers;seattlemainoffice;managers","EMP096","Contractor","/bin/bash","","(206) 555-1459","(206) 555-1460","123 Corporate Plaza","Seattle","WA","98101","en-US","","None","","","","","","","","FALSE","","Bulk","Bulk directory volume, mapped from the AD provider (1099 Contractor)"
"davidw","David","Wright","David Wright","Active","employee","Salesperson","Sales","davids","all-staff;allemployees;fulltimeemployees;sales;atlantaoffice;emailusers;calendarusers;internetaccessbasic;conferenceroombooking;fileshareusers;internetaccessfull;expensesystemaccess;wifiusers","EMP160","Full-time","/bin/bash","","(404) 555-9264","(404) 555-9265","678 Peachtree St","Atlanta","GA","30309","en-US","","None","","","","","","","","FALSE","","Bulk","Bulk directory volume, mapped from the AD provider (Sales)"
"davidz","David","Zazzo","David Zazzo","Active","employee","Managing Director","Engineering Operations","adamb","all-staff;allemployees;fulltimeemployees;engineeringoperations;seattleengineeringoffice;directors;emailusers;calendarusers;internetaccessbasic;conferenceroombooking;fileshareusers;internetaccessfull;expensesystemaccess;testenterpriseadmins","EMP045","Full-time","/bin/bash","","(206) 555-4122","(206) 555-4123","456 Innovation Drive","Seattle","WA","98102","en-US","","None","","","","","","","","FALSE","","Bulk","Bulk directory volume, mapped from the AD provider (Engineering Operations)"
"denisd","Denis","Dehenne","Denis Dehenne","Active","employee","Project Manager","Project Management","barryj","all-staff;allemployees;fulltimeemployees;projectmanagement;seattlemainoffice;managers;emailusers;calendarusers;internetaccessbasic;conferenceroombooking;fileshareusers;internetaccessfull;expensesystemaccess","EMP159","Full-time","/bin/bash","","(206) 555-6492","(206) 555-6493","123 Corporate Plaza","Seattle","WA","98101","en-US","","None","","","","","","","","FALSE","","Bulk","Bulk directory volume, mapped from the AD provider (Project Management)"
"dianeg","Diane","Glimp","Diane Glimp","Active","employee","Content Management Consultant","Content Management Consulting","stano","all-staff;allemployees;fulltimeemployees;contentmanagement;newyorkoffice;emailusers;calendarusers;internetaccessbasic;conferenceroombooking;fileshareusers;internetaccessfull;expensesystemaccess","EMP152","Full-time","/bin/bash","","(212) 555-3984","(212) 555-3985","456 Madison Ave","New York","NY","10022","en-US","","None","","","","","","","","FALSE","","Bulk","Bulk directory volume, mapped from the AD provider (Content Management Consulting)"
"dianep","Diane","Prescott","Diane Prescott","Active","employee","Director of Ad Sales","Marketing","mollyc","all-staff;allemployees;fulltimeemployees;marketing;seattlemainoffice;directors;emailusers;calendarusers;internetaccessbasic;conferenceroombooking;fileshareusers;internetaccessfull;expensesystemaccess","EMP028","Full-time","/bin/bash","","(425) 555-0164","(425) 555-0165","123 Corporate Plaza","Seattle","WA","98101","en-US","","None","","","","","","","","FALSE","","Bulk","Bulk directory volume, mapped from the AD provider (Marketing)"
"dianet","Diane","Tibbot","Diane Tibbot","Active","employee","CFO of Professional Services","Operations","adamb","all-staff;allemployees;fulltimeemployees;operations;seattlemainoffice;clevel;vpsandabove;emailusers;calendarusers;internetaccessbasic;conferenceroombooking;fileshareusers;internetaccessfull;expensesystemaccess;workstationusers","EMP005","Full-time","/bin/bash","","(206) 555-9327","(206) 555-9328","123 Corporate Plaza","Seattle","WA","98101","en-US","","None","","","","","","","","FALSE","","Bulk","Bulk directory volume, mapped from the AD provider (Operations)"
"dominip","Dominik","Paiha","Dominik Paiha","Active","employee","Salesperson","Sales","joses","all-staff;allemployees;fulltimeemployees;sales;newyorkoffice;emailusers;calendarusers;internetaccessbasic;conferenceroombooking;fileshareusers;internetaccessfull;expensesystemaccess;developmenttools","EMP214","Full-time","/bin/bash","","(212) 555-2538","(212) 555-2539","456 Madison Ave","New York","NY","10022","en-US","","None","","","","","","","","FALSE","","Bulk","Bulk directory volume, mapped from the AD provider (Sales)"
"donf","Don","Funk","Don Funk","Active","employee","Project Manager","Project Management","chrisn","all-staff;allemployees;fulltimeemployees;projectmanagement;seattlemainoffice;managers;emailusers;calendarusers;internetaccessbasic;conferenceroombooking;fileshareusers;internetaccessfull;expensesystemaccess;wifiusers;zrichsiteaccess","EMP169","Full-time","/bin/bash","","(206) 555-6561","(206) 555-6562","123 Corporate Plaza","Seattle","WA","98101","en-US","","None","","","","","","","","FALSE","","Bulk","Bulk directory volume, mapped from the AD provider (Project Management)"
"donh","Don","Hall","Don Hall","Active","employee","Strategy Consultant","Strategy Consulting","ellena","all-staff;allemployees;fulltimeemployees;strategyconsulting;seattlemainoffice;emailusers;calendarusers;internetaccessbasic;conferenceroombooking;fileshareusers;internetaccessfull;expensesystemaccess;testenterpriseadmins","EMP084","Full-time","/bin/bash","","(206) 555-3518","(206) 555-3519","123 Corporate Plaza","Seattle","WA","98101","en-US","","None","","","","","","","","FALSE","","Bulk","Bulk directory volume, mapped from the AD provider (Strategy Consulting)"
"doughm","Dough","Mahugh","Dough Mahugh","Active","contractor","Project Manager","1099 Contractor","briang","contractors;allcontractors;contractworkers;seattlemainoffice;managers","EMP115","Contractor","/bin/bash","","(206) 555-7139","(206) 555-7140","123 Corporate Plaza","Seattle","WA","98101","en-US","","None","","","","","","","","FALSE","","Bulk","Bulk directory volume, mapped from the AD provider (1099 Contractor)"
"eduardd","Eduard","Dell","Eduard Dell","Active","employee","Regional Sales Manager","Sales","jackc","all-staff;allemployees;fulltimeemployees;sales;managers;emailusers;calendarusers;internetaccessbasic;conferenceroombooking;fileshareusers;internetaccessfull;expensesystemaccess","EMP019","Full-time","/bin/bash","","(360) 555-4638","(360) 555-4639","101 Tech Park Way","Bellevue","WA","98004","en-US","","None","","","","","","","","FALSE","","Bulk","Bulk directory volume, mapped from the AD provider (Sales)"
"elizaba","Elizabeth","Andersen","Elizabeth Andersen","Active","employee","Salesperson","Sales","arthury","all-staff;allemployees;fulltimeemployees;sales;bostonoffice;emailusers;calendarusers;internetaccessbasic;conferenceroombooking;fileshareusers;internetaccessfull;expensesystemaccess;executiveflooraccess","EMP158","Full-time","/bin/bash","","(617) 555-7395","(617) 555-7396","345 Beacon St","Boston","MA","02116","en-US","","None","","","","","","","","FALSE","","Bulk","Bulk directory volume, mapped from the AD provider (Sales)"
"ellena","Ellen","Adams","Ellen Adams","Active","employee","Strategy Consulting Manager","Strategy Consulting","christk","all-staff;allemployees;fulltimeemployees;strategyconsulting;newyorkoffice;managers;emailusers;calendarusers;internetaccessbasic;conferenceroombooking;fileshareusers;internetaccessfull;expensesystemaccess","EMP043","Full-time","/bin/bash","","(212) 555-1397","(212) 555-1398","456 Madison Ave","New York","NY","10022","en-US","","None","","","","","","","","FALSE","","Bulk","Bulk directory volume, mapped from the AD provider (Strategy Consulting)"
"emilyr","Emily","Rodriguez","Emily Rodriguez","Active","intern","HR Intern","Human Resources","amya","all-staff;allinterns;internemployees;humanresources;seattlemainoffice;emailusers;calendarusers;internetaccessbasic;conferenceroombooking;fileshareusers","INT003","Intern","/bin/bash","","(206) 555-9104","(206) 555-9105","123 Corporate Plaza","Seattle","WA","98101","en-US","","None","","","","","","","","FALSE","","Bulk","Bulk directory volume, mapped from the AD provider (Human Resources)"
"eranh","Eran","Harel","Eran Harel","Active","employee","Salesperson","Sales","joses","all-staff;allemployees;fulltimeemployees;sales;losangelesoffice;emailusers;calendarusers;internetaccessbasic;conferenceroombooking;fileshareusers;internetaccessfull;expensesystemaccess","EMP204","Full-time","/bin/bash","","(213) 555-1265","(213) 555-1266","567 Sunset Blvd","Los Angeles","CA","90028","en-US","","None","","","","","","","","FALSE","","Bulk","Bulk directory volume, mapped from the AD provider (Sales)"
"erica","Erik","Andersen","Erik Andersen","Active","employee","Content Management Consultant","Content Management Consulting","stano","all-staff;allemployees;fulltimeemployees;contentmanagement;seattlemainoffice;emailusers;calendarusers;internetaccessbasic;conferenceroombooking;fileshareusers;internetaccessfull;expensesystemaccess;zrichsiteaccess","EMP130","Full-time","/bin/bash","","(206) 555-6448","(206) 555-6449","123 Corporate Plaza","Seattle","WA","98101","en-US","","None","","","","","","","","FALSE","","Bulk","Bulk directory volume, mapped from the AD provider (Content Management Consulting)"
"ericg","Eric","Gruber","Eric Gruber","Active","employee","Salesperson","Sales","lenea","all-staff;allemployees;fulltimeemployees;sales;seattlemainoffice;emailusers;calendarusers;internetaccessbasic;conferenceroombooking;fileshareusers;internetaccessfull;expensesystemaccess;testenterpriseadmins","EMP211","Full-time","/bin/bash","","(206) 555-4629","(206) 555-4630","123 Corporate Plaza","Seattle","WA","98101","en-US","","None","","","","","","","","FALSE","","Bulk","Bulk directory volume, mapped from the AD provider (Sales)"
"erikac","Erika","Cheley","Erika Cheley","Active","employee","Manager","Operations","bens","all-staff;allemployees;fulltimeemployees;operations;seattlemainoffice;managers;emailusers;calendarusers;internetaccessbasic;conferenceroombooking;fileshareusers;internetaccessfull;expensesystemaccess","EMP047","Full-time","/bin/bash","","(206) 555-1242","(206) 555-1243","123 Corporate Plaza","Seattle","WA","98101","en-US","","None","","","","","","","","FALSE","","Bulk","Bulk directory volume, mapped from the AD provider (Operations)"
"erikg","Erik","Gubbels","Erik Gubbels","Active","employee","Salesperson","Sales","aprils","all-staff;allemployees;fulltimeemployees;sales;seattlemainoffice;emailusers;calendarusers;internetaccessbasic;conferenceroombooking;fileshareusers;internetaccessfull;expensesystemaccess;executiveflooraccess","EMP213","Full-time","/bin/bash","","(425) 555-9296","(425) 555-9297","123 Corporate Plaza","Seattle","WA","98101","en-US","","None","","","","","","","","FALSE","","Bulk","Bulk directory volume, mapped from the AD provider (Sales)"
"erwinz","Erwin","Zischka","Erwin Zischka","Active","employee","Engineer","Engineering Operations","carolt","all-staff;allemployees;fulltimeemployees;engineeringoperations;seattleengineeringoffice;emailusers;calendarusers;internetaccessbasic;conferenceroombooking;fileshareusers;internetaccessfull;expensesystemaccess","EMP240","Full-time","/bin/bash","","(206) 555-8835","(206) 555-8836","456 Innovation Drive","Seattle","WA","98102","en-US","","None","","","","","","","","FALSE","","Bulk","Bulk directory volume, mapped from the AD provider (Engineering Operations)"
"estherv","Esther","Valle","Esther Valle","Active","employee","Content Management Consultant","Content Management Consulting","stano","all-staff;allemployees;fulltimeemployees;contentmanagement;londonoffice;emailusers;calendarusers;internetaccessbasic;conferenceroombooking;fileshareusers;internetaccessfull;expensesystemaccess","EMP062","Full-time","/bin/bash","","(20) 5555-8548","","100 London Bridge St","London","UK","SE1 9SG","en-GB","","None","","","","","","","","FALSE","","Bulk","Bulk directory volume, mapped from the AD provider (Content Management Consulting)"
"euang","Euan","Garden","Euan Garden","Active","employee","Salesperson","Sales Engagement Management","aprils","all-staff;allemployees;fulltimeemployees;sales;richmondoffice;emailusers;calendarusers;internetaccessbasic;conferenceroombooking;fileshareusers;internetaccessfull;expensesystemaccess","EMP203","Full-time","/bin/bash","","(804) 555-3383","(804) 555-3384","456 Capitol St","Richmond","VA","23219","en-US","","None","","","","","","","","FALSE","","Bulk","Bulk directory volume, mapped from the AD provider (Sales Engagement Management)"
"fabricc","Fabrice","Canel","Fabrice Canel","Active","employee","Salesperson","Sales Engagement Management","arthury","all-staff;allemployees;fulltimeemployees;sales;emailusers;calendarusers;internetaccessbasic;conferenceroombooking;fileshareusers;internetaccessfull;expensesystemaccess;zrichsiteaccess","EMP196","Full-time","/bin/bash","","(214) 555-8815","(214) 555-8816","890 Commerce St","Dallas","TX","75202","en-US","","None","","","","","","","","FALSE","","Bulk","Bulk directory volume, mapped from the AD provider (Sales Engagement Management)"
"felipem","Felipe","Martins","Felipe Martins","Active","employee","Marketing Specialist","Marketing","kellyk","all-staff;allemployees;fulltimeemployees;marketing;seattlemainoffice;emailusers;calendarusers;internetaccessbasic;conferenceroombooking;fileshareusers;internetaccessfull;expensesystemaccess;projectfileaccess","EMP256","Full-time","/bin/bash","","(206) 555-2312","(206) 555-2313","123 Corporate Plaza","Seattle","WA","98101","en-US","","None","","","","","","","","FALSE","","Bulk","Bulk directory volume, mapped from the AD provider (Marketing)"
"francoisl","François","Lefèvre","François Lefèvre","Active","employee","Financial Analyst","Accounting","karimm","all-staff;allemployees;fulltimeemployees;accounting;seattlefinanceoffice;emailusers;calendarusers;internetaccessbasic;conferenceroombooking;fileshareusers;internetaccessfull;expensesystemaccess","EMP290","Full-time","/bin/bash","","(206) 555-0315","(206) 555-0316","789 Finance Center","Seattle","WA","98103","en-US","","None","","","","","","","","FALSE","","Bulk","Bulk directory volume, mapped from the AD provider (Accounting)"
"frankm","Frank","Miller","Frank Miller","Active","employee","Strategy Consultant","Strategy Consulting","davidm","all-staff;allemployees;fulltimeemployees;strategyconsulting;newyorkoffice;emailusers;calendarusers;internetaccessbasic;conferenceroombooking;fileshareusers;internetaccessfull;expensesystemaccess;executiveflooraccess","EMP073","Full-time","/bin/bash","","(212) 555-5231","(212) 555-5232","456 Madison Ave","New York","NY","10022","en-US","","None","","","","","","","","FALSE","","Bulk","Bulk directory volume, mapped from the AD provider (Strategy Consulting)"
"frankm1","Frank","Martinez","Frank Martinez","Active","employee","COO","Executive","danj","all-staff;allemployees;fulltimeemployees;executives;seattlemainoffice;clevel;vpsandabove;emailusers;calendarusers;internetaccessbasic;conferenceroombooking;fileshareusers;internetaccessfull;expensesystemaccess","EMP007","Full-time","/bin/bash","","(425) 555-0121","(425) 555-0122","123 Corporate Plaza","Seattle","WA","98101","en-US","","None","","","","","","","","FALSE","","Bulk","Bulk directory volume, mapped from the AD provider (Executive)"
"garethc","Gareth","Chan","Gareth Chan","Active","employee","Content Management Consultant","Content Management Consulting","stano","all-staff;allemployees;fulltimeemployees;contentmanagement;londonoffice;emailusers;calendarusers;internetaccessbasic;conferenceroombooking;fileshareusers;internetaccessfull;expensesystemaccess","EMP054","Full-time","/bin/bash","","(20) 5555-5894","","100 London Bridge St","London","UK","SE1 9SG","en-GB","","None","","","","","","","","FALSE","","Bulk","Bulk directory volume, mapped from the AD provider (Content Management Consulting)"
"garthf","Garth","Fort","Garth Fort","Active","employee","HR Manager","Human Resources","karimm","all-staff;allemployees;fulltimeemployees;humanresources;seattlemainoffice;managers;emailusers;calendarusers;internetaccessbasic;conferenceroombooking;fileshareusers;internetaccessfull;expensesystemaccess","EMP011","Full-time","/bin/bash","","(206) 555-8258","(206) 555-8259","123 Corporate Plaza","Seattle","WA","98101","en-US","","None","","","","","","","","FALSE","","Bulk","Bulk directory volume, mapped from the AD provider (Human Resources)"
"ginab","Gina","Boyer","Gina Boyer","Active","employee","Salesperson","Sales","arthury","all-staff;allemployees;fulltimeemployees;sales;seattlemainoffice;emailusers;calendarusers;internetaccessbasic;conferenceroombooking;fileshareusers;internetaccessfull;expensesystemaccess;zrichsiteaccess","EMP224","Full-time","/bin/bash","","(509) 555-3766","(509) 555-3767","123 Corporate Plaza","Seattle","WA","98101","en-US","","None","","","","","","","","FALSE","","Bulk","Bulk directory volume, mapped from the AD provider (Sales)"
"gregw","Greg","Winston","Greg Winston","Active","employee","President of Management","Senior Management","jeffh","all-staff;allemployees;fulltimeemployees;seniormanagement;seattlemainoffice;emailusers;calendarusers;internetaccessbasic;conferenceroombooking;fileshareusers;internetaccessfull;expensesystemaccess;projectfileaccess","EMP187","Full-time","/bin/bash","","(425) 555-0140","(425) 555-0141","123 Corporate Plaza","Seattle","WA","98101","en-US","","None","","","","","","","","FALSE","","Bulk","Bulk directory volume, mapped from the AD provider (Senior Management)"
"guidop","Guido","Pica","Guido Pica","Active","contractor","Project Manager","1099 Contractor","briang","contractors;allcontractors;contractworkers;seattlemainoffice;managers","EMP104","Contractor","/bin/bash","","(206) 555-4724","(206) 555-4725","123 Corporate Plaza","Seattle","WA","98101","en-US","","None","","","","","","","","FALSE","","Bulk","Bulk directory volume, mapped from the AD provider (1099 Contractor)"
"hansg","Hans","Gufler","Hans Gufler","Active","employee","Manager","Operations","bens","all-staff;allemployees;fulltimeemployees;operations;seattlemainoffice;managers;emailusers;calendarusers;internetaccessbasic;conferenceroombooking;fileshareusers;internetaccessfull;expensesystemaccess","EMP246","Full-time","/bin/bash","","(206) 555-1298","(206) 555-1299","123 Corporate Plaza","Seattle","WA","98101","en-US","","None","","","","","","","","FALSE","","Bulk","Bulk directory volume, mapped from the AD provider (Operations)"
"hazema","Hazem","Abolrous","Hazem Abolrous","Active","employee","Salesperson","Sales","lenea","all-staff;allemployees;fulltimeemployees;sales;seattlemainoffice;emailusers;calendarusers;internetaccessbasic;conferenceroombooking;fileshareusers;internetaccessfull;expensesystemaccess;executiveflooraccess","EMP166","Full-time","/bin/bash","","(707) 555-3823","(707) 555-3824","123 Corporate Plaza","Seattle","WA","98101","en-US","","None","","","","","","","","FALSE","","Bulk","Bulk directory volume, mapped from the AD provider (Sales)"
"heinrif","Heinrich","Fischer","Heinrich Fischer","Active","employee","IT Manager","Operations","arturol","all-staff;allemployees;fulltimeemployees;operations;seattlemainoffice;managers;emailusers;calendarusers;internetaccessbasic;conferenceroombooking;fileshareusers;internetaccessfull;expensesystemaccess","EMP258","Full-time","/bin/bash","","(206) 555-3325","(206) 555-3326","123 Corporate Plaza","Seattle","WA","98101","en-US","","None","","","","","","","","FALSE","","Bulk","Bulk directory volume, mapped from the AD provider (Operations)"
"howardg","Howard","Gonzalez","Howard Gonzalez","Active","employee","Salesperson","Sales","lenea","all-staff;allemployees;fulltimeemployees;sales;londonoffice;emailusers;calendarusers;internetaccessbasic;conferenceroombooking;fileshareusers;internetaccessfull;expensesystemaccess","EMP157","Full-time","/bin/bash","","(20) 5555-6851","","100 London Bridge St","London","UK","SE1 9SG","en-GB","","None","","","","","","","","FALSE","","Bulk","Bulk directory volume, mapped from the AD provider (Sales)"
"hugog","Hugo","Garcia","Hugo Garcia","Active","contractor","Strategy Consultant","1099 Contractor","jennim","contractors;allcontractors;contractworkers;seattlemainoffice","EMP108","Contractor","/bin/bash","","(206) 555-6852","(206) 555-6853","123 Corporate Plaza","Seattle","WA","98101","en-US","","None","","","","","","","","FALSE","","Bulk","Bulk directory volume, mapped from the AD provider (1099 Contractor)"
"humbera","Humberto","Acevedo","Humberto Acevedo","Active","contractor","Project Manager","1099 Contractor","briang","contractors;allcontractors;contractworkers;seattlemainoffice;managers","EMP095","Contractor","/bin/bash","","(206) 555-9549","(206) 555-9550","123 Corporate Plaza","Seattle","WA","98101","en-US","","None","","","","","","","","FALSE","","Bulk","Bulk directory volume, mapped from the AD provider (1099 Contractor)"
"iant","Ian","Tien","Ian Tien","Active","employee","HR Specialist","Human Resources","amya","all-staff;allemployees;fulltimeemployees;humanresources;seattlemainoffice;emailusers;calendarusers;internetaccessbasic;conferenceroombooking;fileshareusers;internetaccessfull;expensesystemaccess;colorprinteraccess","EMP222","Full-time","/bin/bash","","(206) 555-1437","(206) 555-1438","123 Corporate Plaza","Seattle","WA","98101","en-US","","None","","","","","","","","FALSE","","Bulk","Bulk directory volume, mapped from the AD provider (Human Resources)"
"ibent","Iben","Thorell","Iben Thorell","Active","employee","Strategy Consultant","Strategy Consulting","brads","all-staff;allemployees;fulltimeemployees;strategyconsulting;seattlemainoffice;emailusers;calendarusers;internetaccessbasic;conferenceroombooking;fileshareusers;internetaccessfull;expensesystemaccess;zrichsiteaccess","EMP128","Full-time","/bin/bash","","(206) 555-7167","(206) 555-7168","123 Corporate Plaza","Seattle","WA","98101","en-US","","None","","","","","","","","FALSE","","Bulk","Bulk directory volume, mapped from the AD provider (Strategy Consulting)"
"idanr","Idan","Rubin","Idan Rubin","Active","employee","Strategy Consultant","Strategy Consulting","brads","all-staff;allemployees;fulltimeemployees;strategyconsulting;seattlemainoffice;emailusers;calendarusers;internetaccessbasic;conferenceroombooking;fileshareusers;internetaccessfull;expensesystemaccess;executivecomputing;salescomputing;projectfileaccess","EMP083","Full-time","/bin/bash","","(206) 555-5862","(206) 555-5863","123 Corporate Plaza","Seattle","WA","98101","en-US","","None","","","","","","","","FALSE","","Bulk","Bulk directory volume, mapped from the AD provider (Strategy Consulting)"
"ivos","Ivo","Salmre","Ivo Salmre","Active","employee","Project Manager","Project Management","andrewm","all-staff;allemployees;fulltimeemployees;projectmanagement;seattlemainoffice;managers;emailusers;calendarusers;internetaccessbasic;conferenceroombooking;fileshareusers;internetaccessfull;expensesystemaccess","EMP156","Full-time","/bin/bash","","(206) 555-2699","(206) 555-2700","123 Corporate Plaza","Seattle","WA","98101","en-US","","None","","","","","","","","FALSE","","Bulk","Bulk directory volume, mapped from the AD provider (Project Management)"
"jackc","Jack","Creasey","Jack Creasey","Active","employee","Managing Director","Sales Engagement Management","danp","all-staff;allemployees;fulltimeemployees;sales;seattlemainoffice;directors;emailusers;calendarusers;internetaccessbasic;conferenceroombooking;fileshareusers;internetaccessfull;expensesystemaccess;executiveflooraccess","EMP014","Full-time","/bin/bash","","(206) 555-4676","(206) 555-4677","123 Corporate Plaza","Seattle","WA","98101","en-US","","None","","","","","","","","FALSE","","Bulk","Bulk directory volume, mapped from the AD provider (Sales Engagement Management)"
"jakas","Jaka","Stele","Jaka Stele","Active","contractor","Project Manager","1099 Contractor","briang","contractors;allcontractors;contractworkers;seattlemainoffice;managers","EMP113","Contractor","/bin/bash","","(206) 555-6963","(206) 555-6964","123 Corporate Plaza","Seattle","WA","98101","en-US","","None","","","","","","","","FALSE","","Bulk","Bulk directory volume, mapped from the AD provider (1099 Contractor)"
"jamesl","James","Lee","James Lee","Disabled","employee","Former Senior Accountant","Accounting","karimm","all-staff;allemployees;fulltimeemployees;accounting;seattlefinanceoffice;emailusers;calendarusers;internetaccessbasic;conferenceroombooking;fileshareusers;internetaccessfull;expensesystemaccess","EMP284","Full-time","/bin/bash","","(206) 555-7023","(206) 555-7024","789 Financial Center","Seattle","WA","98103","en-US","","None","","","","","","","","FALSE","","Bulk","Bulk directory volume, mapped from the AD provider (Accounting)"
"jamesw","James","Wittrell","James Wittrell","Active","employee","Accountant","Accounting","karimm","all-staff;allemployees;fulltimeemployees;accounting;seattlefinanceoffice;emailusers;calendarusers;internetaccessbasic;conferenceroombooking;fileshareusers;internetaccessfull;expensesystemaccess;softwareinstallation","EMP121","Full-time","/bin/bash","","(415) 555-2597","(415) 555-2598","789 Financial Center","Seattle","WA","98103","en-US","","None","","","","","","","","FALSE","","Bulk","Bulk directory volume, mapped from the AD provider (Accounting)"
"jamesw2","James","Wilson","James Wilson","Active","intern","Marketing Intern","Marketing","kellyk","all-staff;allinterns;internemployees;marketing;seattlemainoffice;emailusers;calendarusers;internetaccessbasic;conferenceroombooking;fileshareusers;colorprinteraccess","INT002","Intern","/bin/bash","","(206) 555-9102","(206) 555-9103","123 Corporate Plaza","Seattle","WA","98101","en-US","","None","","","","","","","","FALSE","","Bulk","Bulk directory volume, mapped from the AD provider (Marketing)"
"jamier","Jamie","Reding","Jamie Reding","Active","employee","Salesperson","Sales Engagement Management","davids","all-staff;allemployees;fulltimeemployees;sales;seattlemainoffice;emailusers;calendarusers;internetaccessbasic;conferenceroombooking;fileshareusers;internetaccessfull;expensesystemaccess","EMP193","Full-time","/bin/bash","","(206) 555-2363","(206) 555-2364","123 Corporate Plaza","Seattle","WA","98101","en-US","","None","","","","","","","","FALSE","","Bulk","Bulk directory volume, mapped from the AD provider (Sales Engagement Management)"
"jank","Jan","Kotas","Jan Kotas","Active","employee","Strategy Consultant","Strategy Consulting","brads","all-staff;allemployees;fulltimeemployees;strategyconsulting;seattlemainoffice;emailusers;calendarusers;internetaccessbasic;conferenceroombooking;fileshareusers;internetaccessfull;expensesystemaccess;executivecomputing;salescomputing;projectfileaccess;genvefinancereview","EMP136","Full-time","/bin/bash","","(206) 555-4747","(206) 555-4748","123 Corporate Plaza","Seattle","WA","98101","en-US","","None","","","","","","","","FALSE","","Bulk","Bulk directory volume, mapped from the AD provider (Strategy Consulting)"
"jasonc","Jason","Carlson","Jason Carlson","Active","employee","CRM Consultant","CRM Strategy","syeda","all-staff;allemployees;fulltimeemployees;crmstrategy;londonoffice;emailusers;calendarusers;internetaccessbasic;conferenceroombooking;fileshareusers;internetaccessfull;expensesystemaccess","EMP080","Full-time","/bin/bash","","(20) 5555-6548","","100 London Bridge St","London","UK","SE1 9SG","en-GB","","None","","","","","","","","FALSE","","Bulk","Bulk directory volume, mapped from the AD provider (CRM Strategy)"
"jeffh","Jeff","Hay","Jeff Hay","Active","employee","CVP of Operations","Executive","frankm1","all-staff;allemployees;fulltimeemployees;executives;seattlemainoffice;vpsandabove;emailusers;calendarusers;internetaccessbasic;conferenceroombooking;fileshareusers;internetaccessfull;expensesystemaccess;executiveflooraccess","EMP010","Full-time","/bin/bash","","(425) 555-0187","(425) 555-0188","123 Corporate Plaza","Seattle","WA","98101","en-US","","None","","","","","","","","FALSE","","Bulk","Bulk directory volume, mapped from the AD provider (Executive)"
"jeffw","Jeff","Williams","Jeff Williams","Active","employee","CRM Consultant","CRM Strategy","syeda","all-staff;allemployees;fulltimeemployees;crmstrategy;londonoffice;emailusers;calendarusers;internetaccessbasic;conferenceroombooking;fileshareusers;internetaccessfull;expensesystemaccess","EMP072","Full-time","/bin/bash","","(20) 5555-2592","","100 London Bridge St","London","UK","SE1 9SG","en-GB","","None","","","","","","","","FALSE","","Bulk","Bulk directory volume, mapped from the AD provider (CRM Strategy)"
"jellev","Jelle","Visser","Jelle Visser","Active","employee","Procurement Manager","Operations","keithd","all-staff;allemployees;fulltimeemployees;operations;seattlemainoffice;managers;emailusers;calendarusers;internetaccessbasic;conferenceroombooking;fileshareusers;internetaccessfull;expensesystemaccess;softwareinstallation","EMP212","Full-time","/bin/bash","","(206) 555-4932","(206) 555-4933","123 Corporate Plaza","Seattle","WA","98101","en-US","","None","","","","","","","","FALSE","","Bulk","Bulk directory volume, mapped from the AD provider (Operations)"
"jenniferw","Jennifer","Williams","Jennifer Williams","Disabled","employee","Former Marketing Coordinator","Marketing","kellyk","all-staff;allemployees;fulltimeemployees;marketing;seattlemainoffice;emailusers;calendarusers;internetaccessbasic;conferenceroombooking;fileshareusers;internetaccessfull;expensesystemaccess;colorprinteraccess","EMP275","Full-time","/bin/bash","","(206) 555-7005","(206) 555-7006","123 Corporate Plaza","Seattle","WA","98101","en-US","","None","","","","","","","","FALSE","","Bulk","Bulk directory volume, mapped from the AD provider (Marketing)"
"jennim","Jenni","Merrifield","Jenni Merrifield","Active","employee","Strategy Consultant","Strategy Consulting","davidm","all-staff;allemployees;fulltimeemployees;strategyconsulting;seattlemainoffice;emailusers;calendarusers;internetaccessbasic;conferenceroombooking;fileshareusers;internetaccessfull;expensesystemaccess","EMP038","Full-time","/bin/bash","","(206) 555-3965","(206) 555-3966","123 Corporate Plaza","Seattle","WA","98101","en-US","","None","","","","","","","","FALSE","","Bulk","Bulk directory volume, mapped from the AD provider (Strategy Consulting)"
"jennyl","Jenny","Lysaker","Jenny Lysaker","Active","employee","Salesperson","Sales","aprils","all-staff;allemployees;fulltimeemployees;sales;seattlemainoffice;emailusers;calendarusers;internetaccessbasic;conferenceroombooking;fileshareusers;internetaccessfull;expensesystemaccess;laptopusers;executivecomputing;salescomputing;genvefinancereview","EMP265","Full-time","/bin/bash","","(860) 555-4516","(860) 555-4517","123 Corporate Plaza","Seattle","WA","98101","en-US","","None","","","","","","","","FALSE","","Bulk","Bulk directory volume, mapped from the AD provider (Sales)"
"jeremyl","Jeremy","Los","Jeremy Los","Active","contractor","Strategy Consultant","1099 Contractor","jennim","contractors;allcontractors;contractworkers;seattlemainoffice","EMP109","Contractor","/bin/bash","","(206) 555-8792","(206) 555-8793","123 Corporate Plaza","Seattle","WA","98101","en-US","","None","","","","","","","","FALSE","","Bulk","Bulk directory volume, mapped from the AD provider (1099 Contractor)"
"jespera","Jesper","Aaberg","Jesper Aaberg","Active","employee","Project Manager","Project Management","chrisn","all-staff;allemployees;fulltimeemployees;projectmanagement;seattlemainoffice;managers;emailusers;calendarusers;internetaccessbasic;conferenceroombooking;fileshareusers;internetaccessfull;expensesystemaccess","EMP177","Full-time","/bin/bash","","(206) 555-1783","(206) 555-1784","123 Corporate Plaza","Seattle","WA","98101","en-US","","None","","","","","","","","FALSE","","Bulk","Bulk directory volume, mapped from the AD provider (Project Management)"
"jessica","Jessica","Arnold","Jessica Arnold","Active","contractor","Project Manager","1099 Contractor","briang","contractors;allcontractors;contractworkers;seattlemainoffice;managers","EMP105","Contractor","/bin/bash","","(206) 555-3415","(206) 555-3416","123 Corporate Plaza","Seattle","WA","98101","en-US","","None","","","","","","","","FALSE","","Bulk","Bulk directory volume, mapped from the AD provider (1099 Contractor)"
"jesuse","Jesus","Escolar","Jesus Escolar","Active","employee","Strategy Consultant","Strategy Consulting","aaronp","all-staff;allemployees;fulltimeemployees;strategyconsulting;seattlemainoffice;emailusers;calendarusers;internetaccessbasic;conferenceroombooking;fileshareusers;internetaccessfull;expensesystemaccess;executiveflooraccess","EMP082","Full-time","/bin/bash","","(206) 555-5784","(206) 555-5785","123 Corporate Plaza","Seattle","WA","98101","en-US","","None","","","","","","","","FALSE","","Bulk","Bulk directory volume, mapped from the AD provider (Strategy Consulting)"
"jillf","Jill","Frank","Jill Frank","Active","employee","Accountant","Accounting","karimm","all-staff;allemployees;fulltimeemployees;accounting;seattlefinanceoffice;emailusers;calendarusers;internetaccessbasic;conferenceroombooking;fileshareusers;internetaccessfull;expensesystemaccess","EMP140","Full-time","/bin/bash","","(425) 555-9559","(425) 555-9560","789 Financial Center","Seattle","WA","98103","en-US","","None","","","","","","","","FALSE","","Bulk","Bulk directory volume, mapped from the AD provider (Accounting)"
"jimc","Jim","Corbin","Jim Corbin","Active","employee","Strategy Consultant","Strategy Consulting","davidm","all-staff;allemployees;fulltimeemployees;strategyconsulting;seattlemainoffice;emailusers;calendarusers;internetaccessbasic;conferenceroombooking;fileshareusers;internetaccessfull;expensesystemaccess;softwareinstallation","EMP081","Full-time","/bin/bash","","(206) 555-8157","(206) 555-8158","123 Corporate Plaza","Seattle","WA","98101","en-US","","None","","","","","","","","FALSE","","Bulk","Bulk directory volume, mapped from the AD provider (Strategy Consulting)"
"jimd","Jim","Daly","Jim Daly","Active","employee","CFO","Executive","danj","all-staff;allemployees;fulltimeemployees;executives;seattlemainoffice;clevel;vpsandabove;emailusers;calendarusers;internetaccessbasic;conferenceroombooking;fileshareusers;internetaccessfull;expensesystemaccess","EMP190","Full-time","/bin/bash","","(425) 555-0116","(425) 555-0117","123 Corporate Plaza","Seattle","WA","98101","en-US","","None","","","","","","","","FALSE","","Bulk","Bulk directory volume, mapped from the AD provider (Executive)"
"jiml","Jim","Lucey","Jim Lucey","Active","employee","Content Management Consultant","Content Management Consulting","stano","all-staff;allemployees;fulltimeemployees;contentmanagement;londonoffice;emailusers;calendarusers;internetaccessbasic;conferenceroombooking;fileshareusers;internetaccessfull;expensesystemaccess","EMP053","Full-time","/bin/bash","","(20) 5555-1626","","100 London Bridge St","London","UK","SE1 9SG","en-GB","","None","","","","","","","","FALSE","","Bulk","Bulk directory volume, mapped from the AD provider (Content Management Consulting)"
"job","Jo","Berry","Jo Berry","Active","employee","Manager","Operations","bens","all-staff;allemployees;fulltimeemployees;operations;seattlemainoffice;managers;emailusers;calendarusers;internetaccessbasic;conferenceroombooking;fileshareusers;internetaccessfull;expensesystemaccess;laptopusers;executivecomputing;salescomputing;genvefinancereview","EMP245","Full-time","/bin/bash","","(206) 555-9867","(206) 555-9868","123 Corporate Plaza","Seattle","WA","98101","en-US","","None","","","","","","","","FALSE","","Bulk","Bulk directory volume, mapped from the AD provider (Operations)"
"joell","Joel","Lachance","Joel Lachance","Active","employee","Accountant","Accounting","karimm","all-staff;allemployees;fulltimeemployees;accounting;seattlefinanceoffice;emailusers;calendarusers;internetaccessbasic;conferenceroombooking;fileshareusers;internetaccessfull;expensesystemaccess;hrapplications","EMP141","Full-time","/bin/bash","","(206) 555-6848","(206) 555-6849","789 Financial Center","Seattle","WA","98103","en-US","","None","","","","","","","","FALSE","","Bulk","Bulk directory volume, mapped from the AD provider (Accounting)"
"johne","John","John","John John","Active","employee","Strategy Consultant","Strategy Consulting","aaronp","all-staff;allemployees;fulltimeemployees;strategyconsulting;seattlemainoffice;emailusers;calendarusers;internetaccessbasic;conferenceroombooking;fileshareusers;internetaccessfull;expensesystemaccess","EMP142","Full-time","/bin/bash","","(206) 555-5846","(206) 555-5847","123 Corporate Plaza","Seattle","WA","98101","en-US","","None","","","","","","","","FALSE","","Bulk","Bulk directory volume, mapped from the AD provider (Strategy Consulting)"
"johnev","John","Evans","John Evans","Active","employee","Marketing Specialist","Marketing","kellyk","all-staff;allemployees;fulltimeemployees;marketing;seattlemainoffice;emailusers;calendarusers;internetaccessbasic;conferenceroombooking;fileshareusers;internetaccessfull;expensesystemaccess;monitoringsystemaccess","EMP257","Full-time","/bin/bash","","(206) 555-8951","(206) 555-8952","123 Corporate Plaza","Seattle","WA","98101","en-US","","None","","","","","","","","FALSE","","Bulk","Bulk directory volume, mapped from the AD provider (Marketing)"
"johng","John","Ganio","John Ganio","Active","contractor","Strategy Consultant","1099 Contractor","jennim","contractors;allcontractors;contractworkers;seattlemainoffice","EMP110","Contractor","/bin/bash","","(206) 555-6235","(206) 555-6236","123 Corporate Plaza","Seattle","WA","98101","en-US","","None","","","","","","","","FALSE","","Bulk","Bulk directory volume, mapped from the AD provider (1099 Contractor)"
"johnk","John","Kane","John Kane","Active","employee","Salesperson","Sales","joses","all-staff;allemployees;fulltimeemployees;sales;emailusers;calendarusers;internetaccessbasic;conferenceroombooking;fileshareusers;internetaccessfull;expensesystemaccess;softwareinstallation","EMP133","Full-time","/bin/bash","","(214) 555-8332","(214) 555-8333","890 Commerce St","Dallas","TX","75202","en-US","","None","","","","","","","","FALSE","","Bulk","Bulk directory volume, mapped from the AD provider (Sales)"
"johny","John","Yokum","John Yokum","Active","employee","Strategy Consultant","Strategy Consulting","ellena","all-staff;allemployees;fulltimeemployees;strategyconsulting;seattlemainoffice;emailusers;calendarusers;internetaccessbasic;conferenceroombooking;fileshareusers;internetaccessfull;expensesystemaccess","EMP093","Full-time","/bin/bash","","(206) 555-8147","(206) 555-8148","123 Corporate Plaza","Seattle","WA","98101","en-US","","None","","","","","","","","FALSE","","Bulk","Bulk directory volume, mapped from the AD provider (Strategy Consulting)"
"jong","Jon","Grande","Jon Grande","Active","employee","Manager","Operations","erikac","all-staff;allemployees;fulltimeemployees;operations;seattlemainoffice;managers;emailusers;calendarusers;internetaccessbasic;conferenceroombooking;fileshareusers;internetaccessfull;expensesystemaccess","EMP244","Full-time","/bin/bash","","(206) 555-7649","(206) 555-7650","123 Corporate Plaza","Seattle","WA","98101","en-US","","None","","","","","","","","FALSE","","Bulk","Bulk directory volume, mapped from the AD provider (Operations)"
"jonj","Jon","Jaffe","Jon Jaffe","Active","employee","Strategy Consultant","Strategy Consulting","brads","all-staff;allemployees;fulltimeemployees;strategyconsulting;seattlemainoffice;emailusers;calendarusers;internetaccessbasic;conferenceroombooking;fileshareusers;internetaccessfull;expensesystemaccess;testbackupoperators;laptopusers;executivecomputing;salescomputing;genvefinancereview;ingnierierseau","EMP076","Full-time","/bin/bash","","(206) 555-5499","(206) 555-5500","123 Corporate Plaza","Seattle","WA","98101","en-US","","None","","","","","","","","FALSE","","Bulk","Bulk directory volume, mapped from the AD provider (Strategy Consulting)"
"jordaom","Jordao","Moreno","Jordao Moreno","Active","employee","Marketing Specialist","Marketing","kellyk","all-staff;allemployees;fulltimeemployees;marketing;seattlemainoffice;emailusers;calendarusers;internetaccessbasic;conferenceroombooking;fileshareusers;internetaccessfull;expensesystemaccess;testremotedesktopusers;finance;hrapplications","EMP266","Full-time","/bin/bash","","(206) 555-6811","(206) 555-6812","123 Corporate Plaza","Seattle","WA","98101","en-US","","None","","","","","","","","FALSE","","Bulk","Bulk directory volume, mapped from the AD provider (Marketing)"
"josen","José","Niño","José Niño","Active","employee","Senior Network Engineer","Engineering","christk","all-staff;allemployees;fulltimeemployees;engineering;seattleengineeringoffice;emailusers;calendarusers;internetaccessbasic;conferenceroombooking;fileshareusers;internetaccessfull;expensesystemaccess","EMP288","Full-time","/bin/bash","","(206) 555-0311","(206) 555-0312","456 Innovation Drive","Seattle","WA","98102","en-US","","None","","","","","","","","FALSE","","Bulk","Bulk directory volume, mapped from the AD provider (Engineering)"
"joses","Jose","Saraiva","Jose Saraiva","Active","employee","Sales Manager","Sales","larryz","all-staff;allemployees;fulltimeemployees;sales;seattlemainoffice;managers;emailusers;calendarusers;internetaccessbasic;conferenceroombooking;fileshareusers;internetaccessfull;expensesystemaccess;monitoringsystemaccess","EMP040","Full-time","/bin/bash","","(206) 555-9337","(206) 555-9338","123 Corporate Plaza","Seattle","WA","98101","en-US","","None","","","","","","","","FALSE","","Bulk","Bulk directory volume, mapped from the AD provider (Sales)"
"joshe","Josh","Edwards","Josh Edwards","Active","employee","Salesperson","Sales","lenea","all-staff;allemployees;fulltimeemployees;sales;seattlemainoffice;emailusers;calendarusers;internetaccessbasic;conferenceroombooking;fileshareusers;internetaccessfull;expensesystemaccess","EMP267","Full-time","/bin/bash","","(026) 555-8454","(026) 555-8455","123 Corporate Plaza","Seattle","WA","98101","en-US","","None","","","","","","","","FALSE","","Bulk","Bulk directory volume, mapped from the AD provider (Sales)"
"juliani","Julian","Isla","Julian Isla","Active","employee","Sr. Business Development Manager","Senior Management","mollyc","all-staff;allemployees;fulltimeemployees;seniormanagement;seattlemainoffice;managers;emailusers;calendarusers;internetaccessbasic;conferenceroombooking;fileshareusers;internetaccessfull;expensesystemaccess","EMP033","Full-time","/bin/bash","","(425) 555-0184","(425) 555-0185","123 Corporate Plaza","Seattle","WA","98101","en-US","","None","","","","","","","","FALSE","","Bulk","Bulk directory volume, mapped from the AD provider (Senior Management)"
"junc","Jun","Cao","Jun Cao","Active","employee","Strategy Consultant","Strategy Consulting","cesarg","all-staff;allemployees;fulltimeemployees;strategyconsulting;seattlemainoffice;emailusers;calendarusers;internetaccessbasic;conferenceroombooking;fileshareusers;internetaccessfull;expensesystemaccess","EMP143","Full-time","/bin/bash","","(206) 555-3449","(206) 555-3450","123 Corporate Plaza","Seattle","WA","98101","en-US","","None","","","","","","","","FALSE","","Bulk","Bulk directory volume, mapped from the AD provider (Strategy Consulting)"
"justint","Justin","Thorp","Justin Thorp","Active","employee","Manager","Operations","erikac","all-staff;allemployees;fulltimeemployees;operations;seattlemainoffice;managers;emailusers;calendarusers;internetaccessbasic;conferenceroombooking;fileshareusers;internetaccessfull;expensesystemaccess;testbackupoperators;laptopusers;executivecomputing;salescomputing;ingnierierseau","EMP243","Full-time","/bin/bash","","(206) 555-1393","(206) 555-1394","123 Corporate Plaza","Seattle","WA","98101","en-US","","None","","","","","","","","FALSE","","Bulk","Bulk directory volume, mapped from the AD provider (Operations)"
"kaia","Kai","Axford","Kai Axford","Active","employee","IT Manager","Operations","arturol","all-staff;allemployees;fulltimeemployees;operations;seattlemainoffice;managers;emailusers;calendarusers;internetaccessbasic;conferenceroombooking;fileshareusers;internetaccessfull;expensesystemaccess;testremotedesktopusers;finance;hrapplications","EMP250","Full-time","/bin/bash","","(206) 555-9541","(206) 555-9542","123 Corporate Plaza","Seattle","WA","98101","en-US","","None","","","","","","","","FALSE","","Bulk","Bulk directory volume, mapped from the AD provider (Operations)"
"karenb","Karen","Berg","Karen Berg","Active","employee","Sr. Account Manager","Senior Management","juliani","all-staff;allemployees;fulltimeemployees;seniormanagement;seattlemainoffice;managers;emailusers;calendarusers;internetaccessbasic;conferenceroombooking;fileshareusers;internetaccessfull;expensesystemaccess;financefileaccess","EMP221","Full-time","/bin/bash","","(425) 555-0174","(425) 555-0175","123 Corporate Plaza","Seattle","WA","98101","en-US","","None","","","","","","","","FALSE","","Bulk","Bulk directory volume, mapped from the AD provider (Senior Management)"
"karif","Kari","Furse","Kari Furse","Active","employee","Salesperson","Sales","joses","all-staff;allemployees;fulltimeemployees;sales;seattlemainoffice;emailusers;calendarusers;internetaccessbasic;conferenceroombooking;fileshareusers;internetaccessfull;expensesystemaccess;monitoringsystemaccess","EMP220","Full-time","/bin/bash","","(541) 555-2668","(541) 555-2669","123 Corporate Plaza","Seattle","WA","98101","en-US","","None","","","","","","","","FALSE","","Bulk","Bulk directory volume, mapped from the AD provider (Sales)"
"karimm","Karim","Manar","Karim Manar","Active","employee","Controller","Accounting","dianet","all-staff;allemployees;fulltimeemployees;accounting;seattlefinanceoffice;emailusers;calendarusers;internetaccessbasic;conferenceroombooking;fileshareusers;internetaccessfull;expensesystemaccess","EMP008","Full-time","/bin/bash","","(206) 555-4156","(206) 555-4157","789 Financial Center","Seattle","WA","98103","en-US","","None","","","","","","","","FALSE","","Bulk","Bulk directory volume, mapped from the AD provider (Accounting)"
"karinl","Karin","Lamb","Karin Lamb","Active","employee","CRM Consultant","CRM Strategy","syeda","all-staff;allemployees;fulltimeemployees;crmstrategy;londonoffice;emailusers;calendarusers;internetaccessbasic;conferenceroombooking;fileshareusers;internetaccessfull;expensesystemaccess","EMP055","Full-time","/bin/bash","","(20) 5555-9834","","100 London Bridge St","London","UK","SE1 9SG","en-GB","","None","","","","","","","","FALSE","","Bulk","Bulk directory volume, mapped from the AD provider (CRM Strategy)"
"katet","Kate","Taneyhill","Kate Taneyhill","Active","employee","Senior Engineer","Engineering Operations","carolt","all-staff;allemployees;fulltimeemployees;engineeringoperations;seattleengineeringoffice;emailusers;calendarusers;internetaccessbasic;conferenceroombooking;fileshareusers;internetaccessfull;expensesystemaccess","EMP233","Full-time","/bin/bash","","(206) 555-2732","(206) 555-2733","456 Innovation Drive","Seattle","WA","98102","en-US","","None","","","","","","","","FALSE","","Bulk","Bulk directory volume, mapped from the AD provider (Engineering Operations)"
"keithd","Keith","Dishmo","Keith Dishmo","Active","employee","Procurement Manager","Operations","adamb","all-staff;allemployees;fulltimeemployees;operations;seattlemainoffice;managers;emailusers;calendarusers;internetaccessbasic;conferenceroombooking;fileshareusers;internetaccessfull;expensesystemaccess;testbackupoperators;laptopusers;executivecomputing;ingnierierseau","EMP039","Full-time","/bin/bash","","(206) 555-7436","(206) 555-7437","123 Corporate Plaza","Seattle","WA","98101","en-US","","None","","","","","","","","FALSE","","Bulk","Bulk directory volume, mapped from the AD provider (Operations)"
"kellyk","Kelly","Krout","Kelly Krout","Active","employee","Marketing Manager","Marketing","adamb","all-staff;allemployees;fulltimeemployees;marketing;seattlemainoffice;managers;emailusers;calendarusers;internetaccessbasic;conferenceroombooking;fileshareusers;internetaccessfull;expensesystemaccess;testremotedesktopusers;finance;hrapplications","EMP035","Full-time","/bin/bash","","(206) 555-6511","(206) 555-6512","123 Corporate Plaza","Seattle","WA","98101","en-US","","None","","","","","","","","FALSE","","Bulk","Bulk directory volume, mapped from the AD provider (Marketing)"
"kellyw","Kelly","Weadock","Kelly Weadock","Active","employee","CTO of Professional Services","Operations","adamb","all-staff;allemployees;fulltimeemployees;operations;seattlemainoffice;clevel;vpsandabove;emailusers;calendarusers;internetaccessbasic;conferenceroombooking;fileshareusers;internetaccessfull;expensesystemaccess;financefileaccess","EMP021","Full-time","/bin/bash","","(206) 555-8936","(206) 555-8937","123 Corporate Plaza","Seattle","WA","98101","en-US","","None","","","","","","","","FALSE","","Bulk","Bulk directory volume, mapped from the AD provider (Operations)"
"kene","Ken","Ewert","Ken Ewert","Active","employee","Manager","Operations","erikac","all-staff;allemployees;fulltimeemployees;operations;seattlemainoffice;managers;emailusers;calendarusers;internetaccessbasic;conferenceroombooking;fileshareusers;internetaccessfull;expensesystemaccess;monitoringsystemaccess","EMP242","Full-time","/bin/bash","","(206) 555-7698","(206) 555-7699","123 Corporate Plaza","Seattle","WA","98101","en-US","","None","","","","","","","","FALSE","","Bulk","Bulk directory volume, mapped from the AD provider (Operations)"
"kenm","Ken","Malcolmson","Ken Malcolmson","Active","employee","Strategy Consultant","Strategy Consulting","ellena","all-staff;allemployees;fulltimeemployees;strategyconsulting;seattlemainoffice;emailusers;calendarusers;internetaccessbasic;conferenceroombooking;fileshareusers;internetaccessfull;expensesystemaccess;testprintoperators","EMP153","Full-time","/bin/bash","","(206) 555-8879","(206) 555-8880","123 Corporate Plaza","Seattle","WA","98101","en-US","","None","","","","","","","","FALSE","","Bulk","Bulk directory volume, mapped from the AD provider (Strategy Consulting)"
"kennetc","Kenneth","Cools","Kenneth Cools","Active","employee","Strategy Consultant","Strategy Consulting","brads","all-staff;allemployees;fulltimeemployees;strategyconsulting;seattlemainoffice;emailusers;calendarusers;internetaccessbasic;conferenceroombooking;fileshareusers;internetaccessfull;expensesystemaccess","EMP145","Full-time","/bin/bash","","(206) 555-4886","(206) 555-4887","123 Corporate Plaza","Seattle","WA","98101","en-US","","None","","","","","","","","FALSE","","Bulk","Bulk directory volume, mapped from the AD provider (Strategy Consulting)"
"kerimh","Kerim","Hanif","Kerim Hanif","Active","employee","Salesperson","Sales Engagement Management","davids","all-staff;allemployees;fulltimeemployees;sales;seattlemainoffice;emailusers;calendarusers;internetaccessbasic;conferenceroombooking;fileshareusers;internetaccessfull;expensesystemaccess","EMP192","Full-time","/bin/bash","","(206) 555-5661","(206) 555-5662","123 Corporate Plaza","Seattle","WA","98101","en-US","","None","","","","","","","","FALSE","","Bulk","Bulk directory volume, mapped from the AD provider (Sales Engagement Management)"
"kevina","Kevin","Anderson","Kevin Anderson","Active","employee","Sales Representative","Sales","danp","all-staff;allemployees;fulltimeemployees;sales;houstonoffice;emailusers;calendarusers;internetaccessbasic;conferenceroombooking;fileshareusers;internetaccessfull;expensesystemaccess;testbackupoperators;laptopusers;executivecomputing;ingnierierseau","EMP278","Full-time","/bin/bash","","(713) 555-7011","(713) 555-7012","321 Sales Tower","Houston","TX","77001","en-US","","None","","","","","","","","FALSE","","Bulk","Bulk directory volume, mapped from the AD provider (Sales)"
"kevink","Kevin","Kennedy","Kevin Kennedy","Active","employee","IT Manager","Operations","arturol","all-staff;allemployees;fulltimeemployees;operations;seattlemainoffice;managers;emailusers;calendarusers;internetaccessbasic;conferenceroombooking;fileshareusers;internetaccessfull;expensesystemaccess;hrapplications","EMP249","Full-time","/bin/bash","","(206) 555-7455","(206) 555-7456","123 Corporate Plaza","Seattle","WA","98101","en-US","","None","","","","","","","","FALSE","","Bulk","Bulk directory volume, mapped from the AD provider (Operations)"
"kevinv","Kevin","Verboort","Kevin Verboort","Active","employee","Salesperson","Sales","arthury","all-staff;allemployees;fulltimeemployees;sales;seattlemainoffice;emailusers;calendarusers;internetaccessbasic;conferenceroombooking;fileshareusers;internetaccessfull;expensesystemaccess;financefileaccess","EMP254","Full-time","/bin/bash","","(206) 555-3654","(206) 555-3655","123 Corporate Plaza","Seattle","WA","98101","en-US","","None","","","","","","","","FALSE","","Bulk","Bulk directory volume, mapped from the AD provider (Sales)"
"kima","Kim","Abercrombie","Kim Abercrombie","Active","employee","Salesperson","Sales","joses","all-staff;allemployees;fulltimeemployees;sales;seattlemainoffice;emailusers;calendarusers;internetaccessbasic;conferenceroombooking;fileshareusers;internetaccessfull;expensesystemaccess;monitoringsystemaccess","EMP206","Full-time","/bin/bash","","(410) 555-3839","(410) 555-3840","123 Corporate Plaza","Seattle","WA","98101","en-US","","None","","","","","","","","FALSE","","Bulk","Bulk directory volume, mapped from the AD provider (Sales)"
"kimr","Kim","Ralls","Kim Ralls","Active","employee","Strategy Consultant","Strategy Consulting","davidm","all-staff;allemployees;fulltimeemployees;strategyconsulting;seattlemainoffice;emailusers;calendarusers;internetaccessbasic;conferenceroombooking;fileshareusers;internetaccessfull;expensesystemaccess;testprintoperators","EMP135","Full-time","/bin/bash","","(206) 555-1443","(206) 555-1444","123 Corporate Plaza","Seattle","WA","98101","en-US","","None","","","","","","","","FALSE","","Bulk","Bulk directory volume, mapped from the AD provider (Strategy Consulting)"
"kirkj","Kirk","Nason","Kirk Nason","Active","employee","Salesperson","Sales","joses","all-staff;allemployees;fulltimeemployees;sales;seattlemainoffice;emailusers;calendarusers;internetaccessbasic;conferenceroombooking;fileshareusers;internetaccessfull;expensesystemaccess","EMP259","Full-time","/bin/bash","","(91) 555-8595","(91) 555-8596","123 Corporate Plaza","Seattle","WA","98101","en-US","","None","","","","","","","","FALSE","","Bulk","Bulk directory volume, mapped from the AD provider (Sales)"
"krisj","Kris","Johnsen","Kris Johnsen","Active","employee","IT Manager","Operations","arturol","all-staff;allemployees;fulltimeemployees;operations;seattlemainoffice;managers;emailusers;calendarusers;internetaccessbasic;conferenceroombooking;fileshareusers;internetaccessfull;expensesystemaccess","EMP269","Full-time","/bin/bash","","(206) 555-9001","(206) 555-9002","123 Corporate Plaza","Seattle","WA","98101","en-US","","None","","","","","","","","FALSE","","Bulk","Bulk directory volume, mapped from the AD provider (Operations)"
"larryz","Larry","Zhang","Larry Zhang","Active","employee","Regional Sales Manager","Sales","jackc","all-staff;allemployees;fulltimeemployees;sales;newyorkoffice;managers;emailusers;calendarusers;internetaccessbasic;conferenceroombooking;fileshareusers;internetaccessfull;expensesystemaccess;testbackupoperators;laptopusers;ingnierierseau","EMP023","Full-time","/bin/bash","","(914) 555-7414","(914) 555-7415","123 Wall Street","New York","NY","10005","en-US","","None","","","","","","","","FALSE","","Bulk","Bulk directory volume, mapped from the AD provider (Sales)"
"larsh","Lars","Hansson","Lars Hansson","Active","employee","Accounting Manager","Accounting","karimm","all-staff;allemployees;fulltimeemployees;accounting;seattlefinanceoffice;managers;emailusers;calendarusers;internetaccessbasic;conferenceroombooking;fileshareusers;internetaccessfull;expensesystemaccess;hrapplications","EMP139","Full-time","/bin/bash","","(415) 555-7777","(415) 555-7778","789 Financial Center","Seattle","WA","98103","en-US","","None","","","","","","","","FALSE","","Bulk","Bulk directory volume, mapped from the AD provider (Accounting)"
"larss","Lars","Sørensen","Lars Sørensen","Active","employee","Account Executive","Sales","mollyc","all-staff;allemployees;fulltimeemployees;sales;houstonoffice;emailusers;calendarusers;internetaccessbasic;conferenceroombooking;fileshareusers;internetaccessfull;expensesystemaccess;financefileaccess;backupsystemaccess","EMP293","Full-time","/bin/bash","","(713) 555-0321","(713) 555-0322","321 Sales Tower","Houston","TX","77001","en-US","","None","","","","","","","","FALSE","","Bulk","Bulk directory volume, mapped from the AD provider (Sales)"
"lenea","Lene","Aalling","Lene Aalling","Active","employee","Sales Manager","Sales Engagement Management","stevel","all-staff;allemployees;fulltimeemployees;sales;remoteworkers;managers;emailusers;calendarusers;internetaccessbasic;conferenceroombooking;fileshareusers;internetaccessfull;expensesystemaccess;monitoringsystemaccess","EMP041","Full-time","/bin/bash","","(701) 555-3621","(701) 555-3622","Remote Location","","","","en-US","","None","","","","","","","","FALSE","","Bulk","Bulk directory volume, mapped from the AD provider (Sales Engagement Management)"
"linaa","Lina","Abola","Lina Abola","Active","contractor","Strategy Consultant","1099 Contractor","jennim","contractors;allcontractors;contractworkers;seattlemainoffice","EMP111","Contractor","/bin/bash","","(206) 555-4666","(206) 555-4667","123 Corporate Plaza","Seattle","WA","98101","en-US","","None","","","","","","","","FALSE","","Bulk","Bulk directory volume, mapped from the AD provider (1099 Contractor)"
"lisaa","Lisa","Andrews","Lisa Andrews","Active","employee","Content Management Consultant","Content Management Consulting","stano","all-staff;allemployees;fulltimeemployees;contentmanagement;londonoffice;emailusers;calendarusers;internetaccessbasic;conferenceroombooking;fileshareusers;internetaccessfull;expensesystemaccess;testprintoperators","EMP052","Full-time","/bin/bash","","(20) 5555-7545","","100 London Bridge St","London","UK","SE1 9SG","en-GB","","None","","","","","","","","FALSE","","Bulk","Bulk directory volume, mapped from the AD provider (Content Management Consulting)"
"lisam","Lisa","Miller","Lisa Miller","Active","employee","Strategy Consultant","Strategy Consulting","cesarg","all-staff;allemployees;fulltimeemployees;strategyconsulting;seattlemainoffice;emailusers;calendarusers;internetaccessbasic;conferenceroombooking;fileshareusers;internetaccessfull;expensesystemaccess","EMP079","Full-time","/bin/bash","","(206) 555-7947","(206) 555-7948","123 Corporate Plaza","Seattle","WA","98101","en-US","","None","","","","","","","","FALSE","","Bulk","Bulk directory volume, mapped from the AD provider (Strategy Consulting)"
"lisamart","Lisa","Martinez","Lisa Martinez","Disabled","employee","Former Help Desk Technician","IT Support","arturol","all-staff;allemployees;fulltimeemployees;seattlemainoffice;emailusers;calendarusers;internetaccessbasic;conferenceroombooking;fileshareusers;internetaccessfull;expensesystemaccess","EMP277","Full-time","/bin/bash","","(206) 555-7009","(206) 555-7010","123 Corporate Plaza","Seattle","WA","98101","en-US","","None","","","","","","","","FALSE","","Bulk","Bulk directory volume, mapped from the AD provider (IT Support)"
"lolans","Lolan","Song","Lolan Song","Active","employee","Strategy Consultant","Strategy Consulting","davidm","all-staff;allemployees;fulltimeemployees;strategyconsulting;seattlemainoffice;emailusers;calendarusers;internetaccessbasic;conferenceroombooking;fileshareusers;internetaccessfull;expensesystemaccess;testbackupoperators;ingnierierseau","EMP138","Full-time","/bin/bash","","(206) 555-1913","(206) 555-1914","123 Corporate Plaza","Seattle","WA","98101","en-US","","None","","","","","","","","FALSE","","Bulk","Bulk directory volume, mapped from the AD provider (Strategy Consulting)"
"lorik","Lori","Kane","Lori Kane","Active","employee","Strategy Consultant","Strategy Consulting","brads","all-staff;allemployees;fulltimeemployees;strategyconsulting;seattlemainoffice;emailusers;calendarusers;internetaccessbasic;conferenceroombooking;fileshareusers;internetaccessfull;expensesystemaccess;hrapplications","EMP063","Full-time","/bin/bash","","(206) 555-5292","(206) 555-5293","123 Corporate Plaza","Seattle","WA","98101","en-US","","None","","","","","","","","FALSE","","Bulk","Bulk directory volume, mapped from the AD provider (Strategy Consulting)"
"lorrain","Lorraine","Nay","Lorraine Nay","Active","employee","CRM Consultant","CRM Strategy","syeda","all-staff;allemployees;fulltimeemployees;crmstrategy;londonoffice;emailusers;calendarusers;internetaccessbasic;conferenceroombooking;fileshareusers;internetaccessfull;expensesystemaccess;vpnusers;payrollsystemaccess;backupsystemaccess","EMP127","Full-time","/bin/bash","","(20) 5555-8569","","100 London Bridge St","London","UK","SE1 9SG","en-GB","","None","","","","","","","","FALSE","","Bulk","Bulk directory volume, mapped from the AD provider (CRM Strategy)"
"lubork","Lubor","Kollar","Lubor Kollar","Active","employee","Strategy Consultant","Strategy Consulting","aaronp","all-staff;allemployees;fulltimeemployees;strategyconsulting;seattlemainoffice;emailusers;calendarusers;internetaccessbasic;conferenceroombooking;fileshareusers;internetaccessfull;expensesystemaccess;databaseaccesswrite;monitoringsystemaccess","EMP147","Full-time","/bin/bash","","(206) 555-8223","(206) 555-8224","123 Corporate Plaza","Seattle","WA","98101","en-US","","None","","","","","","","","FALSE","","Bulk","Bulk directory volume, mapped from the AD provider (Strategy Consulting)"
"lucad","Luca","Dellamore","Luca Dellamore","Active","employee","Salesperson","Sales","aprils","all-staff;allemployees;fulltimeemployees;sales;seattlemainoffice;emailusers;calendarusers;internetaccessbasic;conferenceroombooking;fileshareusers;internetaccessfull;expensesystemaccess;testdomainadmins;testprintoperators;financialapplications","EMP155","Full-time","/bin/bash","","(06) 5555-8461","","123 Corporate Plaza","Seattle","WA","98101","en-US","","None","","","","","","","","FALSE","","Bulk","Bulk directory volume, mapped from the AD provider (Sales)"
"luisb","Luis","Bonifaz","Luis Bonifaz","Active","employee","Salesperson","Sales","arthury","all-staff;allemployees;fulltimeemployees;sales;seattlemainoffice;emailusers;calendarusers;internetaccessbasic;conferenceroombooking;fileshareusers;internetaccessfull;expensesystemaccess","EMP253","Full-time","/bin/bash","","(108) 5-7862","","123 Corporate Plaza","Seattle","WA","98101","en-US","","None","","","","","","","","FALSE","","Bulk","Bulk directory volume, mapped from the AD provider (Sales)"
"lukaa","Luka","Abrus","Luka Abrus","Active","employee","Salesperson","Sales Engagement Management","aprils","all-staff;allemployees;fulltimeemployees;sales;richmondoffice;emailusers;calendarusers;internetaccessbasic;conferenceroombooking;fileshareusers;internetaccessfull;expensesystemaccess","EMP202","Full-time","/bin/bash","","(804) 555-3648","(804) 555-3649","456 Capitol St","Richmond","VA","23219","en-US","","None","","","","","","","","FALSE","","Bulk","Bulk directory volume, mapped from the AD provider (Sales Engagement Management)"
"lukask","Lukas","Keller","Lukas Keller","Active","employee","Manager","Operations","erikac","all-staff;allemployees;fulltimeemployees;operations;seattlemainoffice;managers;emailusers;calendarusers;internetaccessbasic;conferenceroombooking;fileshareusers;internetaccessfull;expensesystemaccess;testbackupoperators","EMP241","Full-time","/bin/bash","","(206) 555-3556","(206) 555-3557","123 Corporate Plaza","Seattle","WA","98101","en-US","","None","","","","","","","","FALSE","","Bulk","Bulk directory volume, mapped from the AD provider (Operations)"
"magnush","Magnus","Hedlund","Magnus Hedlund","Active","employee","Business Process Manager","Content Management Consulting","stano","all-staff;allemployees;fulltimeemployees;contentmanagement;seattlemainoffice;managers;emailusers;calendarusers;internetaccessbasic;conferenceroombooking;fileshareusers;internetaccessfull;expensesystemaccess;hrapplications","EMP129","Full-time","/bin/bash","","(206) 555-7213","(206) 555-7214","123 Corporate Plaza","Seattle","WA","98101","en-US","","None","","","","","","","","FALSE","","Bulk","Bulk directory volume, mapped from the AD provider (Content Management Consulting)"
"manishc","Manish","Chopra","Manish Chopra","Active","employee","Salesperson","Sales","lenea","all-staff;allemployees;fulltimeemployees;sales;seattlemainoffice;emailusers;calendarusers;internetaccessbasic;conferenceroombooking;fileshareusers;internetaccessfull;expensesystemaccess;vpnusers;payrollsystemaccess;backupsystemaccess","EMP251","Full-time","/bin/bash","","(413) 555-3855","(413) 555-3856","123 Corporate Plaza","Seattle","WA","98101","en-US","","None","","","","","","","","FALSE","","Bulk","Bulk directory volume, mapped from the AD provider (Sales)"
"manueam","Manueal","Machado","Manueal Machado","Active","employee","Senior Project Manager","Project Management","barryj","all-staff;allemployees;fulltimeemployees;projectmanagement;seattlemainoffice;managers;emailusers;calendarusers;internetaccessbasic;conferenceroombooking;fileshareusers;internetaccessfull;expensesystemaccess;databaseaccesswrite;monitoringsystemaccess","EMP154","Full-time","/bin/bash","","(206) 555-2246","(206) 555-2247","123 Corporate Plaza","Seattle","WA","98101","en-US","","None","","","","","","","","FALSE","","Bulk","Bulk directory volume, mapped from the AD provider (Project Management)"
"marcelt","Marcelo","Truffat","Marcelo Truffat","Active","employee","Salesperson","Sales","joses","all-staff;allemployees;fulltimeemployees;sales;seattlemainoffice;emailusers;calendarusers;internetaccessbasic;conferenceroombooking;fileshareusers;internetaccessfull;expensesystemaccess;testdomainadmins;testprintoperators;financialapplications","EMP228","Full-time","/bin/bash","","(206) 555-1785","(206) 555-1786","123 Corporate Plaza","Seattle","WA","98101","en-US","","None","","","","","","","","FALSE","","Bulk","Bulk directory volume, mapped from the AD provider (Sales)"
"marcf","Marc","Faerber","Marc Faerber","Active","employee","Salesperson","Sales","davids","all-staff;allemployees;fulltimeemployees;sales;losangelesoffice;emailusers;calendarusers;internetaccessbasic;conferenceroombooking;fileshareusers;internetaccessfull;expensesystemaccess;executivefileaccess","EMP219","Full-time","/bin/bash","","(213) 555-3269","(213) 555-3270","567 Sunset Blvd","Los Angeles","CA","90028","en-US","","None","","","","","","","","FALSE","","Bulk","Bulk directory volume, mapped from the AD provider (Sales)"
"margara","Margaret","Au","Margaret Au","Active","employee","Business Process Manager","Project Management","chrisn","all-staff;allemployees;fulltimeemployees;projectmanagement;seattlemainoffice;managers;emailusers;calendarusers;internetaccessbasic;conferenceroombooking;fileshareusers;internetaccessfull;expensesystemaccess","EMP176","Full-time","/bin/bash","","(206) 555-2918","(206) 555-2919","123 Corporate Plaza","Seattle","WA","98101","en-US","","None","","","","","","","","FALSE","","Bulk","Bulk directory volume, mapped from the AD provider (Project Management)"
"mariar","Maria","Rodriguez","Maria Rodriguez","Active","contractor","Marketing Analyst","Marketing","kellyk","contractors;allcontractors;contractworkers;marketing;seattlemainoffice","EMP285","Contractor","/bin/bash","","(206) 555-7025","(206) 555-7026","123 Corporate Plaza","Seattle","WA","98101","en-US","","None","","","","","","","","FALSE","","Bulk","Bulk directory volume, mapped from the AD provider (Marketing)"
"maried","Marie","Dubois","Marie Dubois","Active","employee","IT Manager","Operations","arturol","all-staff;allemployees;fulltimeemployees;operations;seattlemainoffice;managers;emailusers;calendarusers;internetaccessbasic;conferenceroombooking;fileshareusers;internetaccessfull;expensesystemaccess","EMP248","Full-time","/bin/bash","","(206) 555-5567","(206) 555-5568","123 Corporate Plaza","Seattle","WA","98101","en-US","","None","","","","","","","","FALSE","","Bulk","Bulk directory volume, mapped from the AD provider (Operations)"
"markh","Mark","Hanson","Mark Hanson","Active","contractor","Strategy Consultant","1099 Contractor","jennim","contractors;allcontractors;contractworkers;seattlemainoffice","EMP112","Contractor","/bin/bash","","(206) 555-7794","(206) 555-7795","123 Corporate Plaza","Seattle","WA","98101","en-US","","None","","","","","","","","FALSE","","Bulk","Bulk directory volume, mapped from the AD provider (1099 Contractor)"
"markj","Mark","Johnson","Mark Johnson","Active","employee","Project Coordinator","Project Management","alans","all-staff;allemployees;fulltimeemployees;projectmanagement;seattlemainoffice;emailusers;calendarusers;internetaccessbasic;conferenceroombooking;fileshareusers;internetaccessfull;expensesystemaccess","EMP280","Full-time","/bin/bash","","(206) 555-7015","(206) 555-7016","123 Corporate Plaza","Seattle","WA","98101","en-US","","None","","","","","","","","FALSE","","Bulk","Bulk directory volume, mapped from the AD provider (Project Management)"
"markoz","Marko","Zajc","Marko Zajc","Active","employee","Salesperson","Sales","aprils","all-staff;allemployees;fulltimeemployees;sales;seattlemainoffice;emailusers;calendarusers;internetaccessbasic;conferenceroombooking;fileshareusers;internetaccessfull;expensesystemaccess;vpnusers;payrollsystemaccess","EMP195","Full-time","/bin/bash","","(09) 5555-3784","","123 Corporate Plaza","Seattle","WA","98101","en-US","","None","","","","","","","","FALSE","","Bulk","Bulk directory volume, mapped from the AD provider (Sales)"
"marus","Maru","Subrmani","Maru Subrmani","Active","employee","Salesperson","Sales","aprils","all-staff;allemployees;fulltimeemployees;sales;seattlemainoffice;emailusers;calendarusers;internetaccessbasic;conferenceroombooking;fileshareusers;internetaccessfull;expensesystemaccess;databaseaccesswrite","EMP218","Full-time","/bin/bash","","(850) 555-5277","(850) 555-5278","123 Corporate Plaza","Seattle","WA","98101","en-US","","None","","","","","","","","FALSE","","Bulk","Bulk directory volume, mapped from the AD provider (Sales)"
"maryc","Mary","Cha","Mary Cha","Active","employee","Content Management Consultant","Content Management Consulting","stano","all-staff;allemployees;fulltimeemployees;contentmanagement;londonoffice;emailusers;calendarusers;internetaccessbasic;conferenceroombooking;fileshareusers;internetaccessfull;expensesystemaccess;testdomainadmins;testprintoperators;mobiledeviceusers;financialapplications","EMP051","Full-time","/bin/bash","","(20) 5555-4594","","100 London Bridge St","London","UK","SE1 9SG","en-GB","","None","","","","","","","","FALSE","","Bulk","Bulk directory volume, mapped from the AD provider (Content Management Consulting)"
"matth","Matt","Hink","Matt Hink","Active","employee","Content Management Consultant","Content Management Consulting","stano","all-staff;allemployees;fulltimeemployees;contentmanagement;seattlemainoffice;emailusers;calendarusers;internetaccessbasic;conferenceroombooking;fileshareusers;internetaccessfull;expensesystemaccess;executivefileaccess","EMP126","Full-time","/bin/bash","","(206) 555-4157","(206) 555-4158","123 Corporate Plaza","Seattle","WA","98101","en-US","","None","","","","","","","","FALSE","","Bulk","Bulk directory volume, mapped from the AD provider (Content Management Consulting)"
"maurict","Maurice","Taylor","Maurice Taylor","Active","contractor","Project Manager","1099 Contractor","briang","contractors;allcontractors;contractworkers;seattlemainoffice;managers","EMP103","Contractor","/bin/bash","","(206) 555-3382","(206) 555-3383","123 Corporate Plaza","Seattle","WA","98101","en-US","","None","","","","","","","","FALSE","","Bulk","Bulk directory volume, mapped from the AD provider (1099 Contractor)"
"mchielw","Mchiel","Wories","Mchiel Wories","Active","employee","Procurement Manager","Operations","keithd","all-staff;allemployees;fulltimeemployees;operations;seattlemainoffice;managers;emailusers;calendarusers;internetaccessbasic;conferenceroombooking;fileshareusers;internetaccessfull;expensesystemaccess;testschemaadmins","EMP180","Full-time","/bin/bash","","(206) 555-4539","(206) 555-4540","123 Corporate Plaza","Seattle","WA","98101","en-US","","None","","","","","","","","FALSE","","Bulk","Bulk directory volume, mapped from the AD provider (Operations)"
"meravs","Merav","Sror","Merav Sror","Active","employee","CRM Consultant","CRM Strategy","syeda","all-staff;allemployees;fulltimeemployees;crmstrategy;londonoffice;emailusers;calendarusers;internetaccessbasic;conferenceroombooking;fileshareusers;internetaccessfull;expensesystemaccess","EMP057","Full-time","/bin/bash","","(20) 5555-2697","","100 London Bridge St","London","UK","SE1 9SG","en-GB","","None","","","","","","","","FALSE","","Bulk","Bulk directory volume, mapped from the AD provider (CRM Strategy)"
"michael","Michael","Ludwig","Michael Ludwig","Active","employee","Strategy Consultant","Strategy Consulting","cesarg","all-staff;allemployees;fulltimeemployees;strategyconsulting;seattlemainoffice;emailusers;calendarusers;internetaccessbasic;conferenceroombooking;fileshareusers;internetaccessfull;expensesystemaccess","EMP148","Full-time","/bin/bash","","(206) 555-6621","(206) 555-6622","123 Corporate Plaza","Seattle","WA","98101","en-US","","None","","","","","","","","FALSE","","Bulk","Bulk directory volume, mapped from the AD provider (Strategy Consulting)"
"michaeld","Michael","Davis","Michael Davis","Disabled","employee","Former Software Engineer","Engineering","christk","all-staff;allemployees;fulltimeemployees;engineering;seattleengineeringoffice;emailusers;calendarusers;internetaccessbasic;conferenceroombooking;fileshareusers;internetaccessfull;expensesystemaccess;vpnusers;payrollsystemaccess","EMP274","Full-time","/bin/bash","","(206) 555-7003","(206) 555-7004","456 Innovation Drive","Seattle","WA","98102","en-US","","None","","","","","","","","FALSE","","Bulk","Bulk directory volume, mapped from the AD provider (Engineering)"
"michaem","Michael","Mainer","Michael Mainer","Active","employee","Manager","Operations","erikac","all-staff;allemployees;fulltimeemployees;operations;seattlemainoffice;managers;emailusers;calendarusers;internetaccessbasic;conferenceroombooking;fileshareusers;internetaccessfull;expensesystemaccess","EMP209","Full-time","/bin/bash","","(206) 555-4542","(206) 555-4543","123 Corporate Plaza","Seattle","WA","98101","en-US","","None","","","","","","","","FALSE","","Bulk","Bulk directory volume, mapped from the AD provider (Operations)"
"michaeo","Michael","Ovesen","Michael Ovesen","Active","employee","Salesperson","Sales","joses","all-staff;allemployees;fulltimeemployees;sales;seattlemainoffice;emailusers;calendarusers;internetaccessbasic;conferenceroombooking;fileshareusers;internetaccessfull;expensesystemaccess;testprintoperators;mobiledeviceusers;financialapplications","EMP205","Full-time","/bin/bash","","(201) 555-5625","(201) 555-5626","123 Corporate Plaza","Seattle","WA","98101","en-US","","None","","","","","","","","FALSE","","Bulk","Bulk directory volume, mapped from the AD provider (Sales)"
"michaes","Michael","Sullivan","Michael Sullivan","Active","employee","Strategy Consultant","Strategy Consulting","brads","all-staff;allemployees;fulltimeemployees;strategyconsulting;seattlemainoffice;emailusers;calendarusers;internetaccessbasic;conferenceroombooking;fileshareusers;internetaccessfull;expensesystemaccess;executivefileaccess;hrfileaccess;businessintelligence","EMP150","Full-time","/bin/bash","","(206) 555-8398","(206) 555-8399","123 Corporate Plaza","Seattle","WA","98101","en-US","","None","","","","","","","","FALSE","","Bulk","Bulk directory volume, mapped from the AD provider (Strategy Consulting)"
"michaez","Michael","Zeman","Michael Zeman","Active","contractor","Project Manager","1099 Contractor","briang","contractors;allcontractors;contractworkers;seattlemainoffice;managers","EMP102","Contractor","/bin/bash","","(206) 555-7177","(206) 555-7178","123 Corporate Plaza","Seattle","WA","98101","en-US","","None","","","","","","","","FALSE","","Bulk","Bulk directory volume, mapped from the AD provider (1099 Contractor)"
"michal1","Michael","Lund","Michael Lund","Active","employee","Strategy Consultant","Strategy Consulting","ellena","all-staff;allemployees;fulltimeemployees;strategyconsulting;seattlemainoffice;emailusers;calendarusers;internetaccessbasic;conferenceroombooking;fileshareusers;internetaccessfull;expensesystemaccess;testschemaadmins;crmsystemaccess","EMP149","Full-time","/bin/bash","","(206) 555-4295","(206) 555-4296","123 Corporate Plaza","Seattle","WA","98101","en-US","","None","","","","","","","","FALSE","","Bulk","Bulk directory volume, mapped from the AD provider (Strategy Consulting)"
"michelf","Michelle","Fredette","Michelle Fredette","Active","employee","Engineer","Engineering Operations","carolt","all-staff;allemployees;fulltimeemployees;engineeringoperations;seattleengineeringoffice;emailusers;calendarusers;internetaccessbasic;conferenceroombooking;fileshareusers;internetaccessfull;expensesystemaccess","EMP237","Full-time","/bin/bash","","(206) 555-6132","(206) 555-6133","456 Innovation Drive","Seattle","WA","98102","en-US","","None","","","","","","","","FALSE","","Bulk","Bulk directory volume, mapped from the AD provider (Engineering Operations)"
"michellt","Michelle","Thompson","Michelle Thompson","Active","employee","Account Executive","Sales","danp","all-staff;allemployees;fulltimeemployees;sales;houstonoffice;emailusers;calendarusers;internetaccessbasic;conferenceroombooking;fileshareusers;internetaccessfull;expensesystemaccess","EMP287","Full-time","/bin/bash","","(713) 555-7029","(713) 555-7030","321 Sales Tower","Houston","TX","77001","en-US","","None","","","","","","","","FALSE","","Bulk","Bulk directory volume, mapped from the AD provider (Sales)"
"michiko","Michiko","Osada","Michiko Osada","Active","contractor","Project Manager","1099 Contractor","briang","contractors;allcontractors;contractworkers;seattlemainoffice;managers","EMP101","Contractor","/bin/bash","","(206) 555-1577","(206) 555-1578","123 Corporate Plaza","Seattle","WA","98101","en-US","","None","","","","","","","","FALSE","","Bulk","Bulk directory volume, mapped from the AD provider (1099 Contractor)"
"miken","Mike","Nash","Mike Nash","Active","employee","Senior Project Manager","Project Management","alans","all-staff;allemployees;fulltimeemployees;projectmanagement;seattlemainoffice;managers;emailusers;calendarusers;internetaccessbasic;conferenceroombooking;fileshareusers;internetaccessfull;expensesystemaccess;vpnusers;payrollsystemaccess","EMP037","Full-time","/bin/bash","","(206) 555-8148","(206) 555-8149","123 Corporate Plaza","Seattle","WA","98101","en-US","","None","","","","","","","","FALSE","","Bulk","Bulk directory volume, mapped from the AD provider (Project Management)"
"miker","Mike","Ray","Mike Ray","Active","employee","Strategy Consultant","Strategy Consulting","davidm","all-staff;allemployees;fulltimeemployees;strategyconsulting;newyorkoffice;emailusers;calendarusers;internetaccessbasic;conferenceroombooking;fileshareusers;internetaccessfull;expensesystemaccess","EMP077","Full-time","/bin/bash","","(212) 555-1665","(212) 555-1666","456 Madison Ave","New York","NY","10022","en-US","","None","","","","","","","","FALSE","","Bulk","Bulk directory volume, mapped from the AD provider (Strategy Consulting)"
"miket","Mike","Tiano","Mike Tiano","Active","employee","Business Process Manager","Project Management","chrisn","all-staff;allemployees;fulltimeemployees;projectmanagement;seattlemainoffice;managers;emailusers;calendarusers;internetaccessbasic;conferenceroombooking;fileshareusers;internetaccessfull;expensesystemaccess;testprintoperators;mobiledeviceusers;financialapplications","EMP175","Full-time","/bin/bash","","(206) 555-6552","(206) 555-6553","123 Corporate Plaza","Seattle","WA","98101","en-US","","None","","","","","","","","FALSE","","Bulk","Bulk directory volume, mapped from the AD provider (Project Management)"
"mollyc","Molly","Clark","Molly Clark","Active","employee","GM of Online Ad Sales and Affiliate Marketing","Senior Management","annal","all-staff;allemployees;fulltimeemployees;seniormanagement;seattlemainoffice;emailusers;calendarusers;internetaccessbasic;conferenceroombooking;fileshareusers;internetaccessfull;expensesystemaccess;executivefileaccess;hrfileaccess;businessintelligence","EMP022","Full-time","/bin/bash","","(425) 555-0192","(425) 555-0193","123 Corporate Plaza","Seattle","WA","98101","en-US","","None","","","","","","","","FALSE","","Bulk","Bulk directory volume, mapped from the AD provider (Senior Management)"
"nancyw","Nancy","White","Nancy White","Active","employee","HR Specialist","Human Resources","amya","all-staff;allemployees;fulltimeemployees;humanresources;seattlemainoffice;emailusers;calendarusers;internetaccessbasic;conferenceroombooking;fileshareusers;internetaccessfull;expensesystemaccess;testschemaadmins;crmsystemaccess","EMP281","Full-time","/bin/bash","","(206) 555-7017","(206) 555-7018","123 Corporate Plaza","Seattle","WA","98101","en-US","","None","","","","","","","","FALSE","","Bulk","Bulk directory volume, mapped from the AD provider (Human Resources)"
"nates","Nate","Sun","Nate Sun","Active","employee","Salesperson","Sales Engagement Management","lenea","all-staff;allemployees;fulltimeemployees;sales;remoteworkers;emailusers;calendarusers;internetaccessbasic;conferenceroombooking;fileshareusers;internetaccessfull;expensesystemaccess","EMP199","Full-time","/bin/bash","","(701) 555-7818","(701) 555-7819","Remote Location","","","","en-US","","None","","","","","","","","FALSE","","Bulk","Bulk directory volume, mapped from the AD provider (Sales Engagement Management)"
"nedf","Ned","Friend","Ned Friend","Active","employee","Project Manager","Project Management","chrisn","all-staff;allemployees;fulltimeemployees;projectmanagement;seattlemainoffice;managers;emailusers;calendarusers;internetaccessbasic;conferenceroombooking;fileshareusers;internetaccessfull;expensesystemaccess","EMP167","Full-time","/bin/bash","","(206) 555-8382","(206) 555-8383","123 Corporate Plaza","Seattle","WA","98101","en-US","","None","","","","","","","","FALSE","","Bulk","Bulk directory volume, mapped from the AD provider (Project Management)"
"neilo","Neil","Orint","Neil Orint","Active","employee","Salesperson","Sales Engagement Management","aprils","all-staff;allemployees;fulltimeemployees;sales;richmondoffice;emailusers;calendarusers;internetaccessbasic;conferenceroombooking;fileshareusers;internetaccessfull;expensesystemaccess;vpnusers;payrollsystemaccess","EMP201","Full-time","/bin/bash","","(804) 555-5958","(804) 555-5959","456 Capitol St","Richmond","VA","23219","en-US","","None","","","","","","","","FALSE","","Bulk","Bulk directory volume, mapped from the AD provider (Sales Engagement Management)"
"nunof","Nuno","Farinha","Nuno Farinha","Active","employee","Salesperson","Sales","davids","all-staff;allemployees;fulltimeemployees;sales;emailusers;calendarusers;internetaccessbasic;conferenceroombooking;fileshareusers;internetaccessfull;expensesystemaccess","EMP217","Full-time","/bin/bash","","(214) 555-1812","(214) 555-1813","890 Commerce St","Dallas","TX","75202","en-US","","None","","","","","","","","FALSE","","Bulk","Bulk directory volume, mapped from the AD provider (Sales)"
"nuriag","Nuria","Gonzalez","Nuria Gonzalez","Active","employee","Senior Project Manager","Project Management","miken","all-staff;allemployees;fulltimeemployees;projectmanagement;seattlemainoffice;managers;emailusers;calendarusers;internetaccessbasic;conferenceroombooking;fileshareusers;internetaccessfull;expensesystemaccess;mobiledeviceusers;financialapplications","EMP181","Full-time","/bin/bash","","(206) 555-8185","(206) 555-8186","123 Corporate Plaza","Seattle","WA","98101","en-US","","None","","","","","","","","FALSE","","Bulk","Bulk directory volume, mapped from the AD provider (Project Management)"
"olivief","Olivier","Fontana","Olivier Fontana","Active","employee","Engineer","Engineering Operations","carolt","all-staff;allemployees;fulltimeemployees;engineeringoperations;seattleengineeringoffice;emailusers;calendarusers;internetaccessbasic;conferenceroombooking;fileshareusers;internetaccessfull;expensesystemaccess;executivefileaccess;hrfileaccess;businessintelligence","EMP236","Full-time","/bin/bash","","(206) 555-7444","(206) 555-7445","456 Innovation Drive","Seattle","WA","98102","en-US","","None","","","","","","","","FALSE","","Bulk","Bulk directory volume, mapped from the AD provider (Engineering Operations)"
"parnak","Parna","Khot","Parna Khot","Active","employee","Strategy Consultant","Strategy Consulting","aaronp","all-staff;allemployees;fulltimeemployees;strategyconsulting;seattlemainoffice;emailusers;calendarusers;internetaccessbasic;conferenceroombooking;fileshareusers;internetaccessfull;expensesystemaccess;testschemaadmins;afterhoursaccess;crmsystemaccess","EMP134","Full-time","/bin/bash","","(206) 555-8454","(206) 555-8455","123 Corporate Plaza","Seattle","WA","98101","en-US","","None","","","","","","","","FALSE","","Bulk","Bulk directory volume, mapped from the AD provider (Strategy Consulting)"
"patricd","Patricia","Doyle","Patricia Doyle","Active","employee","Salesperson","Sales","lenea","all-staff;allemployees;fulltimeemployees;sales;chicagooffice;emailusers;calendarusers;internetaccessbasic;conferenceroombooking;fileshareusers;internetaccessfull;expensesystemaccess","EMP261","Full-time","/bin/bash","","(312) 555-9181","(312) 555-9182","234 Michigan Ave","Chicago","IL","60601","en-US","","None","","","","","","","","FALSE","","Bulk","Bulk directory volume, mapped from the AD provider (Sales)"
"patriciag","Patricia","Garcia","Patricia Garcia","Active","employee","DevOps Engineer","Engineering","christk","all-staff;allemployees;fulltimeemployees;engineering;seattleengineeringoffice;emailusers;calendarusers;internetaccessbasic;conferenceroombooking;fileshareusers;internetaccessfull;expensesystemaccess;testaccountoperators","EMP283","Full-time","/bin/bash","","(206) 555-7021","(206) 555-7022","456 Innovation Drive","Seattle","WA","98102","en-US","","None","","","","","","","","FALSE","","Bulk","Bulk directory volume, mapped from the AD provider (Engineering)"
"pauld","Paul","Duffy","Paul Duffy","Active","employee","Senior Engineer","Engineering Operations","carolt","all-staff;allemployees;fulltimeemployees;engineeringoperations;seattleengineeringoffice;emailusers;calendarusers;internetaccessbasic;conferenceroombooking;fileshareusers;internetaccessfull;expensesystemaccess;vpnusers;payrollsystemaccess","EMP232","Full-time","/bin/bash","","(206) 555-9351","(206) 555-9352","456 Innovation Drive","Seattle","WA","98102","en-US","","None","","","","","","","","FALSE","","Bulk","Bulk directory volume, mapped from the AD provider (Engineering Operations)"
"pavels","Pavel","Simsa","Pavel Simsa","Active","employee","Salesperson","Sales","davids","all-staff;allemployees;fulltimeemployees;sales;seattlemainoffice;emailusers;calendarusers;internetaccessbasic;conferenceroombooking;fileshareusers;internetaccessfull;expensesystemaccess","EMP197","Full-time","/bin/bash","","(06) 5555-1284","","123 Corporate Plaza","Seattle","WA","98101","en-US","","None","","","","","","","","FALSE","","Bulk","Bulk directory volume, mapped from the AD provider (Sales)"
"pedert","Peder","Thode","Peder Thode","Active","employee","Content Management Consultant","Content Management Consulting","stano","all-staff;allemployees;fulltimeemployees;contentmanagement;londonoffice;emailusers;calendarusers;internetaccessbasic;conferenceroombooking;fileshareusers;internetaccessfull;expensesystemaccess;mobiledeviceusers","EMP050","Full-time","/bin/bash","","(20) 5555-7862","","100 London Bridge St","London","UK","SE1 9SG","en-GB","","None","","","","","","","","FALSE","","Bulk","Bulk directory volume, mapped from the AD provider (Content Management Consulting)"
"peters","Peter","Saddow","Peter Saddow","Active","employee","Content Management Consultant","Content Management Consulting","stano","all-staff;allemployees;fulltimeemployees;contentmanagement;newyorkoffice;emailusers;calendarusers;internetaccessbasic;conferenceroombooking;fileshareusers;internetaccessfull;expensesystemaccess;executivefileaccess;hrfileaccess;businessintelligence","EMP060","Full-time","/bin/bash","","(212) 555-9437","(212) 555-9438","456 Madison Ave","New York","NY","10022","en-US","","None","","","","","","","","FALSE","","Bulk","Bulk directory volume, mapped from the AD provider (Content Management Consulting)"
"phyllih","Phyllis","Harris","Phyllis Harris","Active","employee","Marketing Specialist","Marketing","kellyk","all-staff;allemployees;fulltimeemployees;marketing;seattlemainoffice;emailusers;calendarusers;internetaccessbasic;conferenceroombooking;fileshareusers;internetaccessfull;expensesystemaccess;testschemaadmins;afterhoursaccess;crmsystemaccess","EMP264","Full-time","/bin/bash","","(206) 555-1214","(206) 555-1215","123 Corporate Plaza","Seattle","WA","98101","en-US","","None","","","","","","","","FALSE","","Bulk","Bulk directory volume, mapped from the AD provider (Marketing)"
"pieterw","Pieter","Wycoff","Pieter Wycoff","Active","employee","Marketing Specialist","Marketing","kellyk","all-staff;allemployees;fulltimeemployees;marketing;seattlemainoffice;emailusers;calendarusers;internetaccessbasic;conferenceroombooking;fileshareusers;internetaccessfull;expensesystemaccess","EMP239","Full-time","/bin/bash","","(206) 555-9269","(206) 555-9270","123 Corporate Plaza","Seattle","WA","98101","en-US","","None","","","","","","","","FALSE","","Bulk","Bulk directory volume, mapped from the AD provider (Marketing)"
"qiongw","Qiong","Wu","Qiong Wu","Active","contractor","Project Manager","1099 Contractor","briang","contractors;allcontractors;contractworkers;seattlemainoffice;managers","EMP100","Contractor","/bin/bash","","(206) 555-2342","(206) 555-2343","123 Corporate Plaza","Seattle","WA","98101","en-US","","None","","","","","","","","FALSE","","Bulk","Bulk directory volume, mapped from the AD provider (1099 Contractor)"
"rayc","Ray","Chow","Ray Chow","Active","employee","Strategy Consultant","Strategy Consulting","davidm","all-staff;allemployees;fulltimeemployees;strategyconsulting;seattlemainoffice;emailusers;calendarusers;internetaccessbasic;conferenceroombooking;fileshareusers;internetaccessfull;expensesystemaccess;testaccountoperators","EMP151","Full-time","/bin/bash","","(206) 555-5295","(206) 555-5296","123 Corporate Plaza","Seattle","WA","98101","en-US","","None","","","","","","","","FALSE","","Bulk","Bulk directory volume, mapped from the AD provider (Strategy Consulting)"
"raym","Ray","Mohrman","Ray Mohrman","Active","employee","Senior Project Manager","Project Management","barryj","all-staff;allemployees;fulltimeemployees;projectmanagement;seattlemainoffice;managers;emailusers;calendarusers;internetaccessbasic;conferenceroombooking;fileshareusers;internetaccessfull;expensesystemaccess","EMP174","Full-time","/bin/bash","","(206) 555-1471","(206) 555-1472","123 Corporate Plaza","Seattle","WA","98101","en-US","","None","","","","","","","","FALSE","","Bulk","Bulk directory volume, mapped from the AD provider (Project Management)"
"reinac","Reina","Cabatana","Reina Cabatana","Active","employee","Content Management Consultant","Content Management Consulting","stano","all-staff;allemployees;fulltimeemployees;contentmanagement;londonoffice;emailusers;calendarusers;internetaccessbasic;conferenceroombooking;fileshareusers;internetaccessfull;expensesystemaccess;projectmanagementtools","EMP058","Full-time","/bin/bash","","(20) 5555-3658","","100 London Bridge St","London","UK","SE1 9SG","en-GB","","None","","","","","","","","FALSE","","Bulk","Bulk directory volume, mapped from the AD provider (Content Management Consulting)"
"reneed","Renée","Dubois","Renée Dubois","Active","employee","Marketing Manager","Marketing","dianep","all-staff;allemployees;fulltimeemployees;marketing;seattlemainoffice;managers;emailusers;calendarusers;internetaccessbasic;conferenceroombooking;fileshareusers;internetaccessfull;expensesystemaccess","EMP291","Full-time","/bin/bash","","(206) 555-0317","(206) 555-0318","123 Corporate Plaza","Seattle","WA","98101","en-US","","None","","","","","","","","FALSE","","Bulk","Bulk directory volume, mapped from the AD provider (Marketing)"
"reneel","Renee","Lo","Renee Lo","Active","employee","Strategy Consultant","Strategy Consulting","aaronp","all-staff;allemployees;fulltimeemployees;strategyconsulting;seattlemainoffice;emailusers;calendarusers;internetaccessbasic;conferenceroombooking;fileshareusers;internetaccessfull;expensesystemaccess;executivefileaccess;hrfileaccess;businessintelligence","EMP123","Full-time","/bin/bash","","(206) 555-6864","(206) 555-6865","123 Corporate Plaza","Seattle","WA","98101","en-US","","None","","","","","","","","FALSE","","Bulk","Bulk directory volume, mapped from the AD provider (Strategy Consulting)"
"richart","Richard","Tupy","Richard Tupy","Active","employee","Project Manager","Project Management","andrewm","all-staff;allemployees;fulltimeemployees;projectmanagement;seattlemainoffice;managers;emailusers;calendarusers;internetaccessbasic;conferenceroombooking;fileshareusers;internetaccessfull;expensesystemaccess;testschemaadmins;afterhoursaccess","EMP168","Full-time","/bin/bash","","(206) 555-1694","(206) 555-1695","123 Corporate Plaza","Seattle","WA","98101","en-US","","None","","","","","","","","FALSE","","Bulk","Bulk directory volume, mapped from the AD provider (Project Management)"
"robb","Rob","Barker","Rob Barker","Active","employee","Project Manager","Project Management","chrisn","all-staff;allemployees;fulltimeemployees;projectmanagement;seattlemainoffice;managers;emailusers;calendarusers;internetaccessbasic;conferenceroombooking;fileshareusers;internetaccessfull;expensesystemaccess","EMP165","Full-time","/bin/bash","","(206) 555-2474","(206) 555-2475","123 Corporate Plaza","Seattle","WA","98101","en-US","","None","","","","","","","","FALSE","","Bulk","Bulk directory volume, mapped from the AD provider (Project Management)"
"roberto","Robert","O'Hara","Robert O'Hara","Active","employee","Content Management Consultant","Content Management Consulting","stano","all-staff;allemployees;fulltimeemployees;contentmanagement;seattlemainoffice;emailusers;calendarusers;internetaccessbasic;conferenceroombooking;fileshareusers;internetaccessfull;expensesystemaccess;testaccountoperators;engineeringfileaccess","EMP078","Full-time","/bin/bash","","(206) 555-3434","(206) 555-3435","123 Corporate Plaza","Seattle","WA","98101","en-US","","None","","","","","","","","FALSE","","Bulk","Bulk directory volume, mapped from the AD provider (Content Management Consulting)"
"robertt","Robert","Thompson","Robert Thompson","Disabled","employee","Former Sales Manager","Sales","danp","all-staff;allemployees;fulltimeemployees;sales;houstonoffice;managers;emailusers;calendarusers;internetaccessbasic;conferenceroombooking;fileshareusers;internetaccessfull;expensesystemaccess","EMP273","Full-time","/bin/bash","","(713) 555-7001","(713) 555-7002","321 Sales Tower","Houston","TX","77001","en-US","","None","","","","","","","","FALSE","","Bulk","Bulk directory volume, mapped from the AD provider (Sales)"
"robiny","Robin","Young","Robin Young","Active","employee","Content Management Consultant","Content Management Consulting","stano","all-staff;allemployees;fulltimeemployees;contentmanagement;newyorkoffice;emailusers;calendarusers;internetaccessbasic;conferenceroombooking;fileshareusers;internetaccessfull;expensesystemaccess;projectmanagementtools","EMP059","Full-time","/bin/bash","","(212) 555-4428","(212) 555-4429","456 Madison Ave","New York","NY","10022","en-US","","None","","","","","","","","FALSE","","Bulk","Bulk directory volume, mapped from the AD provider (Content Management Consulting)"
"roby","Rob","Young","Rob Young","Active","employee","IT Manager","Operations","arturol","all-staff;allemployees;fulltimeemployees;operations;seattlemainoffice;managers;emailusers;calendarusers;internetaccessbasic;conferenceroombooking;fileshareusers;internetaccessfull;expensesystemaccess","EMP207","Full-time","/bin/bash","","(206) 555-1739","(206) 555-1740","123 Corporate Plaza","Seattle","WA","98101","en-US","","None","","","","","","","","FALSE","","Bulk","Bulk directory volume, mapped from the AD provider (Operations)"
"rolandw","Roland","Wacker","Roland Wacker","Active","employee","Strategy Consultant","Strategy Consulting","aaronp","all-staff;allemployees;fulltimeemployees;strategyconsulting;newyorkoffice;emailusers;calendarusers;internetaccessbasic;conferenceroombooking;fileshareusers;internetaccessfull;expensesystemaccess;hrfileaccess;databaseaccessread","EMP091","Full-time","/bin/bash","","(212) 555-8236","(212) 555-8237","456 Madison Ave","New York","NY","10022","en-US","","None","","","","","","","","FALSE","","Bulk","Bulk directory volume, mapped from the AD provider (Strategy Consulting)"
"rong","Ron","Gabel","Ron Gabel","Active","employee","Salesperson","Sales","aprils","all-staff;allemployees;fulltimeemployees;sales;bostonoffice;emailusers;calendarusers;internetaccessbasic;conferenceroombooking;fileshareusers;internetaccessfull;expensesystemaccess;engineeringcomputing;afterhoursaccess","EMP262","Full-time","/bin/bash","","(617) 555-2429","(617) 555-2430","345 Beacon St","Boston","MA","02116","en-US","","None","","","","","","","","FALSE","","Bulk","Bulk directory volume, mapped from the AD provider (Sales)"
"sameert","Sameer","Tejani","Sameer Tejani","Active","employee","Strategy Consultant","Strategy Consulting","ellena","all-staff;allemployees;fulltimeemployees;strategyconsulting;newyorkoffice;emailusers;calendarusers;internetaccessbasic;conferenceroombooking;fileshareusers;internetaccessfull;expensesystemaccess;securityeventreview","EMP075","Full-time","/bin/bash","","(212) 555-5422","(212) 555-5423","456 Madison Ave","New York","NY","10022","en-US","","None","","","","","","","","FALSE","","Bulk","Bulk directory volume, mapped from the AD provider (Strategy Consulting)"
"sanjayp","Sanjay","Patel","Sanjay Patel","Active","employee","Content Management Consultant","Content Management Consulting","stano","all-staff;allemployees;fulltimeemployees;contentmanagement;seattlemainoffice;emailusers;calendarusers;internetaccessbasic;conferenceroombooking;fileshareusers;internetaccessfull;expensesystemaccess;testaccountoperators;engineeringfileaccess","EMP090","Full-time","/bin/bash","","(206) 555-5542","(206) 555-5543","123 Corporate Plaza","Seattle","WA","98101","en-US","","None","","","","","","","","FALSE","","Bulk","Bulk directory volume, mapped from the AD provider (Content Management Consulting)"
"sanjays","Sanjay","Shah","Sanjay Shah","Active","employee","Chief of Technical Strategy","Executive","danj","all-staff;allemployees;fulltimeemployees;executives;seattlemainoffice;emailusers;calendarusers;internetaccessbasic;conferenceroombooking;fileshareusers;internetaccessfull;expensesystemaccess","EMP188","Full-time","/bin/bash","","(425) 555-0107","(425) 555-0108","123 Corporate Plaza","Seattle","WA","98101","en-US","","None","","","","","","","","FALSE","","Bulk","Bulk directory volume, mapped from the AD provider (Executive)"
"sarahc","Sarah","Chen","Sarah Chen","Active","intern","Software Engineering Intern","Engineering","christk","all-staff;allinterns;internemployees;engineering;seattleengineeringoffice;emailusers;calendarusers;internetaccessbasic;conferenceroombooking;fileshareusers;projectmanagementtools","INT001","Intern","/bin/bash","","(206) 555-9100","(206) 555-9101","456 Innovation Drive","Seattle","WA","98102","en-US","","None","","","","","","","","FALSE","","Bulk","Bulk directory volume, mapped from the AD provider (Engineering)"
"scottb","Scott","Bishop","Scott Bishop","Active","employee","Senior Project Manager","Project Management","alans","all-staff;allemployees;fulltimeemployees;projectmanagement;seattlemainoffice;managers;emailusers;calendarusers;internetaccessbasic;conferenceroombooking;fileshareusers;internetaccessfull;expensesystemaccess","EMP034","Full-time","/bin/bash","","(206) 555-9977","(206) 555-9978","123 Corporate Plaza","Seattle","WA","98101","en-US","","None","","","","","","","","FALSE","","Bulk","Bulk directory volume, mapped from the AD provider (Project Management)"
"scottg","Scott","Gode","Scott Gode","Active","employee","Salesperson","Sales","davids","all-staff;allemployees;fulltimeemployees;sales;seattlemainoffice;emailusers;calendarusers;internetaccessbasic;conferenceroombooking;fileshareusers;internetaccessfull;expensesystemaccess;hrfileaccess;databaseaccessread","EMP223","Full-time","/bin/bash","","(201) 555-8474","(201) 555-8475","123 Corporate Plaza","Seattle","WA","98101","en-US","","None","","","","","","","","FALSE","","Bulk","Bulk directory volume, mapped from the AD provider (Sales)"
"scottm","Scott","MacDonald","Scott MacDonald","Active","contractor","Strategy Consultant","1099 Contractor","jennim","contractors;allcontractors;contractworkers;seattlemainoffice","EMP122","Contractor","/bin/bash","","(206) 555-8452","(206) 555-8453","123 Corporate Plaza","Seattle","WA","98101","en-US","","None","","","","","","","","FALSE","","Bulk","Bulk directory volume, mapped from the AD provider (1099 Contractor)"
"scottr","Scott","Rockfield","Scott Rockfield","Active","contractor","Project Manager","1099 Contractor","briang","contractors;allcontractors;contractworkers;seattlemainoffice;managers","EMP094","Contractor","/bin/bash","","(206) 555-5233","(206) 555-5234","123 Corporate Plaza","Seattle","WA","98101","en-US","","None","","","","","","","","FALSE","","Bulk","Bulk directory volume, mapped from the AD provider (1099 Contractor)"
"seanc","Sean","Chai","Sean Chai","Active","employee","Director of Affiliate Marketing and Partnerships","Senior Management","mollyc","all-staff;allemployees;fulltimeemployees;seniormanagement;seattlemainoffice;directors;emailusers;calendarusers;internetaccessbasic;conferenceroombooking;fileshareusers;internetaccessfull;expensesystemaccess;engineeringcomputing;afterhoursaccess","EMP184","Full-time","/bin/bash","","(425) 555-0193","(425) 555-0194","123 Corporate Plaza","Seattle","WA","98101","en-US","","None","","","","","","","","FALSE","","Bulk","Bulk directory volume, mapped from the AD provider (Senior Management)"
"seanp","Sean","Purcell","Sean Purcell","Active","employee","Business Process Manager","Project Management","chrisn","all-staff;allemployees;fulltimeemployees;projectmanagement;seattlemainoffice;managers;emailusers;calendarusers;internetaccessbasic;conferenceroombooking;fileshareusers;internetaccessfull;expensesystemaccess;securityeventreview","EMP173","Full-time","/bin/bash","","(206) 555-6953","(206) 555-6954","123 Corporate Plaza","Seattle","WA","98101","en-US","","None","","","","","","","","FALSE","","Bulk","Bulk directory volume, mapped from the AD provider (Project Management)"
"shmuely","Shmuel","Yair","Shmuel Yair","Active","employee","Salesperson","Sales","davids","all-staff;allemployees;fulltimeemployees;sales;atlantaoffice;emailusers;calendarusers;internetaccessbasic;conferenceroombooking;fileshareusers;internetaccessfull;expensesystemaccess;testaccountoperators;engineeringfileaccess","EMP263","Full-time","/bin/bash","","(404) 555-2693","(404) 555-2694","678 Peachtree St","Atlanta","GA","30309","en-US","","None","","","","","","","","FALSE","","Bulk","Bulk directory volume, mapped from the AD provider (Sales)"
"simonp","Simon","Pearson","Simon Pearson","Active","employee","Senior Engineer","Engineering Operations","carolt","all-staff;allemployees;fulltimeemployees;engineeringoperations;seattleengineeringoffice;emailusers;calendarusers;internetaccessbasic;conferenceroombooking;fileshareusers;internetaccessfull;expensesystemaccess;designtools","EMP231","Full-time","/bin/bash","","(206) 555-2318","(206) 555-2319","456 Innovation Drive","Seattle","WA","98102","en-US","","None","","","","","","","","FALSE","","Bulk","Bulk directory volume, mapped from the AD provider (Engineering Operations)"
"simonr","Simon","Rapier","Simon Rapier","Active","employee","Senior Project Manager","Project Management","scottb","all-staff;allemployees;fulltimeemployees;projectmanagement;seattlemainoffice;managers;emailusers;calendarusers;internetaccessbasic;conferenceroombooking;fileshareusers;internetaccessfull;expensesystemaccess;projectmanagementtools","EMP164","Full-time","/bin/bash","","(206) 555-9848","(206) 555-9849","123 Corporate Plaza","Seattle","WA","98101","en-US","","None","","","","","","","","FALSE","","Bulk","Bulk directory volume, mapped from the AD provider (Project Management)"
"spencel","Spencer","Low","Spencer Low","Active","employee","Regional Sales Manager","Sales","jackc","all-staff;allemployees;fulltimeemployees;sales;managers;emailusers;calendarusers;internetaccessbasic;conferenceroombooking;fileshareusers;internetaccessfull;expensesystemaccess","EMP020","Full-time","/bin/bash","","(253) 555-7934","(253) 555-7935","101 Tech Park Way","Bellevue","WA","98004","en-US","","None","","","","","","","","FALSE","","Bulk","Bulk directory volume, mapped from the AD provider (Sales)"
"stano","Stan","Orme","Stan Orme","Active","employee","Content Management Consulting Manager","Content Management Consulting","alans","all-staff;allemployees;fulltimeemployees;contentmanagement;seattlemainoffice;managers;emailusers;calendarusers;internetaccessbasic;conferenceroombooking;fileshareusers;internetaccessfull;expensesystemaccess;hrfileaccess;databaseaccessread","EMP036","Full-time","/bin/bash","","(206) 555-6169","(206) 555-6170","123 Corporate Plaza","Seattle","WA","98101","en-US","","None","","","","","","","","FALSE","","Bulk","Bulk directory volume, mapped from the AD provider (Content Management Consulting)"
"stephed","Stephen","Deming","Stephen Deming","Active","employee","Engineer","Engineering Operations","carolt","all-staff;allemployees;fulltimeemployees;engineeringoperations;seattleengineeringoffice;emailusers;calendarusers;internetaccessbasic;conferenceroombooking;fileshareusers;internetaccessfull;expensesystemaccess;engineeringcomputing;afterhoursaccess","EMP235","Full-time","/bin/bash","","(206) 555-1211","(206) 555-1212","456 Innovation Drive","Seattle","WA","98102","en-US","","None","","","","","","","","FALSE","","Bulk","Bulk directory volume, mapped from the AD provider (Engineering Operations)"
"stevel","Steve","Luper","Steve Luper","Active","employee","Regional Sales Manager","Sales","jackc","all-staff;allemployees;fulltimeemployees;sales;seattlemainoffice;managers;emailusers;calendarusers;internetaccessbasic;conferenceroombooking;fileshareusers;internetaccessfull;expensesystemaccess;serverroomaccess;securityeventreview","EMP032","Full-time","/bin/bash","","(619) 555-7772","(619) 555-7773","123 Corporate Plaza","Seattle","WA","98101","en-US","","None","","","","","","","","FALSE","","Bulk","Bulk directory volume, mapped from the AD provider (Sales)"
"stevem","Steve","Masters","Steve Masters","Active","employee","Strategy Consultant","Strategy Consulting","cesarg","all-staff;allemployees;fulltimeemployees;strategyconsulting;seattlemainoffice;emailusers;calendarusers;internetaccessbasic;conferenceroombooking;fileshareusers;internetaccessfull;expensesystemaccess;testaccountoperators;engineeringfileaccess","EMP146","Full-time","/bin/bash","","(206) 555-4557","(206) 555-4558","123 Corporate Plaza","Seattle","WA","98101","en-US","","None","","","","","","","","FALSE","","Bulk","Bulk directory volume, mapped from the AD provider (Strategy Consulting)"
"stevenw","Steven","Wright","Steven Wright","Active","contractor","Strategy Consultant","1099 Contractor","jennim","contractors;allcontractors;contractworkers;seattlemainoffice","EMP114","Contractor","/bin/bash","","(206) 555-3155","(206) 555-3156","123 Corporate Plaza","Seattle","WA","98101","en-US","","None","","","","","","","","FALSE","","Bulk","Bulk directory volume, mapped from the AD provider (1099 Contractor)"
"stuartm","Stuart","Munson","Stuart Munson","Active","contractor","Project Manager","1099 Contractor","briang","contractors;allcontractors;contractworkers;seattlemainoffice;managers","EMP099","Contractor","/bin/bash","","(206) 555-9366","(206) 555-9367","123 Corporate Plaza","Seattle","WA","98101","en-US","","None","","","","","","","","FALSE","","Bulk","Bulk directory volume, mapped from the AD provider (1099 Contractor)"
"sunilk","Sunil","Koduri","Sunil Koduri","Active","employee","Senior Engineer","Engineering Operations","carolt","all-staff;allemployees;fulltimeemployees;engineeringoperations;seattleengineeringoffice;emailusers;calendarusers;internetaccessbasic;conferenceroombooking;fileshareusers;internetaccessfull;expensesystemaccess;testserveroperators;designtools","EMP230","Full-time","/bin/bash","","(206) 555-5651","(206) 555-5652","456 Innovation Drive","Seattle","WA","98102","en-US","","None","","","","","","","","FALSE","","Bulk","Bulk directory volume, mapped from the AD provider (Engineering Operations)"
"sunilu","Sunil","Uppal","Sunil Uppal","Active","employee","Public Relations Specialist","Marketing","kellyk","all-staff;allemployees;fulltimeemployees;marketing;seattlemainoffice;emailusers;calendarusers;internetaccessbasic;conferenceroombooking;fileshareusers;internetaccessfull;expensesystemaccess;projectmanagementtools","EMP252","Full-time","/bin/bash","","(206) 555-2416","(206) 555-2417","123 Corporate Plaza","Seattle","WA","98101","en-US","","None","","","","","","","","FALSE","","Bulk","Bulk directory volume, mapped from the AD provider (Marketing)"
"susant","Susan","Taylor","Susan Taylor","Active","employee","QA Engineer","Engineering","christk","all-staff;allemployees;fulltimeemployees;engineering;seattleengineeringoffice;emailusers;calendarusers;internetaccessbasic;conferenceroombooking;fileshareusers;internetaccessfull;expensesystemaccess","EMP279","Full-time","/bin/bash","","(206) 555-7013","(206) 555-7014","456 Innovation Drive","Seattle","WA","98102","en-US","","None","","","","","","","","FALSE","","Bulk","Bulk directory volume, mapped from the AD provider (Engineering)"
"svenb","Sven","Buck","Sven Buck","Active","employee","Salesperson","Sales Engagement Management","arthury","all-staff;allemployees;fulltimeemployees;sales;emailusers;calendarusers;internetaccessbasic;conferenceroombooking;fileshareusers;internetaccessfull;expensesystemaccess","EMP210","Full-time","/bin/bash","","(214) 555-4151","(214) 555-4152","890 Commerce St","Dallas","TX","75202","en-US","","None","","","","","","","","FALSE","","Bulk","Bulk directory volume, mapped from the AD provider (Sales Engagement Management)"
"syeda","Syed","Abbas","Syed Abbas","Active","employee","CRM Consulting Manager","CRM Strategy","aaronp","all-staff;allemployees;fulltimeemployees;crmstrategy;londonoffice;managers;emailusers;calendarusers;internetaccessbasic;conferenceroombooking;fileshareusers;internetaccessfull;expensesystemaccess;engineeringcomputing","EMP049","Full-time","/bin/bash","","(20) 5555-4595","","100 London Bridge St","London","UK","SE1 9SG","en-GB","","None","","","","","","","","FALSE","","Bulk","Bulk directory volume, mapped from the AD provider (CRM Strategy)"
"tado","Tad","Orman","Tad Orman","Active","employee","CRM Consultant","CRM Strategy","syeda","all-staff;allemployees;fulltimeemployees;crmstrategy;londonoffice;emailusers;calendarusers;internetaccessbasic;conferenceroombooking;fileshareusers;internetaccessfull;expensesystemaccess;serverroomaccess;securityeventreview","EMP071","Full-time","/bin/bash","","(20) 5555-4625","","100 London Bridge St","London","UK","SE1 9SG","en-GB","","None","","","","","","","","FALSE","","Bulk","Bulk directory volume, mapped from the AD provider (CRM Strategy)"
"tail","Tai","Lee","Tai Lee","Active","employee","President of Services","CVP of IT","jeffh","all-staff;allemployees;fulltimeemployees;seniormanagement;seattlemainoffice;emailusers;calendarusers;internetaccessbasic;conferenceroombooking;fileshareusers;internetaccessfull;expensesystemaccess;testaccountoperators;engineeringfileaccess","EMP186","Full-time","/bin/bash","","(425) 555-0131","(425) 555-0132","123 Corporate Plaza","Seattle","WA","98101","en-US","","None","","","","","","","","FALSE","","Bulk","Bulk directory volume, mapped from the AD provider (CVP of IT)"
"tedb","Ted","Bremer","Ted Bremer","Active","employee","Business Process Manager","Project Management","chrisn","all-staff;allemployees;fulltimeemployees;projectmanagement;seattlemainoffice;managers;emailusers;calendarusers;internetaccessbasic;conferenceroombooking;fileshareusers;internetaccessfull;expensesystemaccess;testserveroperators;designtools","EMP172","Full-time","/bin/bash","","(206) 555-3874","(206) 555-3875","123 Corporate Plaza","Seattle","WA","98101","en-US","","None","","","","","","","","FALSE","","Bulk","Bulk directory volume, mapped from the AD provider (Project Management)"
"terrenp","Terrence","Phillip","Terrence Phillip","Active","contractor","Strategy Consultant","1099 Contractor","jennim","contractors;allcontractors;contractworkers;seattlemainoffice","EMP107","Contractor","/bin/bash","","(206) 555-1678","(206) 555-1679","123 Corporate Plaza","Seattle","WA","98101","en-US","","None","","","","","","","","FALSE","","Bulk","Bulk directory volume, mapped from the AD provider (1099 Contractor)"
"terrye","Terry","Earls","Terry Earls","Active","employee","Project Manager","Project Management","miken","all-staff;allemployees;fulltimeemployees;projectmanagement;seattlemainoffice;managers;emailusers;calendarusers;internetaccessbasic;conferenceroombooking;fileshareusers;internetaccessfull;expensesystemaccess","EMP208","Full-time","/bin/bash","","(206) 555-3164","(206) 555-3165","123 Corporate Plaza","Seattle","WA","98101","en-US","","None","","","","","","","","FALSE","","Bulk","Bulk directory volume, mapped from the AD provider (Project Management)"
"thomash","Thomas","Hamborg","Thomas Hamborg","Active","contractor","Project Manager","1099 Contractor","briang","contractors;allcontractors;contractworkers;seattlemainoffice;managers","EMP137","Contractor","/bin/bash","","(206) 555-4112","(206) 555-4113","123 Corporate Plaza","Seattle","WA","98101","en-US","","None","","","","","","","","FALSE","","Bulk","Bulk directory volume, mapped from the AD provider (1099 Contractor)"
"thomasw","Thomas","Wilson","Thomas Wilson","Disabled","employee","Former Operations Manager","Operations","jeffh","all-staff;allemployees;fulltimeemployees;operations;seattlemainoffice;managers;emailusers;calendarusers;internetaccessbasic;conferenceroombooking;fileshareusers;internetaccessfull;expensesystemaccess","EMP282","Full-time","/bin/bash","","(206) 555-7019","(206) 555-7020","123 Corporate Plaza","Seattle","WA","98101","en-US","","None","","","","","","","","FALSE","","Bulk","Bulk directory volume, mapped from the AD provider (Operations)"
"tinal","Tina","Lassila","Tina Lassila","Active","employee","Salesperson","Sales","arthury","all-staff;allemployees;fulltimeemployees;sales;seattlemainoffice;emailusers;calendarusers;internetaccessbasic;conferenceroombooking;fileshareusers;internetaccessfull;expensesystemaccess","EMP216","Full-time","/bin/bash","","(607) 555-6337","(607) 555-6338","123 Corporate Plaza","Seattle","WA","98101","en-US","","None","","","","","","","","FALSE","","Bulk","Bulk directory volume, mapped from the AD provider (Sales)"
"tinam","Tina","Makovec","Tina Makovec","Active","employee","Salesperson","Sales Engagement Management","aprils","all-staff;allemployees;fulltimeemployees;sales;richmondoffice;emailusers;calendarusers;internetaccessbasic;conferenceroombooking;fileshareusers;internetaccessfull;expensesystemaccess;engineeringcomputing","EMP200","Full-time","/bin/bash","","(804) 555-2465","(804) 555-2466","456 Capitol St","Richmond","VA","23219","en-US","","None","","","","","","","","FALSE","","Bulk","Bulk directory volume, mapped from the AD provider (Sales Engagement Management)"
"tobyn","Toby","Nixon","Toby Nixon","Active","employee","CRM Consultant","CRM Strategy","syeda","all-staff;allemployees;fulltimeemployees;crmstrategy;londonoffice;emailusers;calendarusers;internetaccessbasic;conferenceroombooking;fileshareusers;internetaccessfull;expensesystemaccess;serverroomaccess;securityeventreview","EMP070","Full-time","/bin/bash","","(20) 5555-4379","","100 London Bridge St","London","UK","SE1 9SG","en-GB","","None","","","","","","","","FALSE","","Bulk","Bulk directory volume, mapped from the AD provider (CRM Strategy)"
"toddr","Todd","Rowe","Todd Rowe","Active","employee","Sr. Media Planner","Senior Management","dianep","all-staff;allemployees;fulltimeemployees;seniormanagement;seattlemainoffice;emailusers;calendarusers;internetaccessbasic;conferenceroombooking;fileshareusers;internetaccessfull;expensesystemaccess;testaccountoperators;engineeringfileaccess","EMP185","Full-time","/bin/bash","","(425) 555-0124","(425) 555-0125","123 Corporate Plaza","Seattle","WA","98101","en-US","","None","","","","","","","","FALSE","","Bulk","Bulk directory volume, mapped from the AD provider (Senior Management)"
"tomy","Tom","Youtsey","Tom Youtsey","Active","employee","Salesperson","Sales Engagement Management","davids","all-staff;allemployees;fulltimeemployees;sales;seattlemainoffice;emailusers;calendarusers;internetaccessbasic;conferenceroombooking;fileshareusers;internetaccessfull;expensesystemaccess;testserveroperators","EMP191","Full-time","/bin/bash","","(206) 555-4331","(206) 555-4332","123 Corporate Plaza","Seattle","WA","98101","en-US","","None","","","","","","","","FALSE","","Bulk","Bulk directory volume, mapped from the AD provider (Sales Engagement Management)"
"tonip","Toni","Poe","Toni Poe","Active","employee","Chief of Partnerships and Strategy","Executive","danj","all-staff;allemployees;fulltimeemployees;executives;seattlemainoffice;emailusers;calendarusers;internetaccessbasic;conferenceroombooking;fileshareusers;internetaccessfull;expensesystemaccess","EMP189","Full-time","/bin/bash","","(425) 555-0196","(425) 555-0197","123 Corporate Plaza","Seattle","WA","98101","en-US","","None","","","","","","","","FALSE","","Bulk","Bulk directory volume, mapped from the AD provider (Executive)"
"tonym","Tony","Madigan","Tony Madigan","Active","employee","Senior Engineer","Engineering Operations","carolt","all-staff;allemployees;fulltimeemployees;engineeringoperations;seattleengineeringoffice;emailusers;calendarusers;internetaccessbasic;conferenceroombooking;fileshareusers;internetaccessfull;expensesystemaccess","EMP229","Full-time","/bin/bash","","(206) 555-6941","(206) 555-6942","456 Innovation Drive","Seattle","WA","98102","en-US","","None","","","","","","","","FALSE","","Bulk","Bulk directory volume, mapped from the AD provider (Engineering Operations)"
"tonyw","Tony","Wang","Tony Wang","Active","employee","Strategy Consultant","Strategy Consulting","ellena","all-staff;allemployees;fulltimeemployees;strategyconsulting;seattlemainoffice;emailusers;calendarusers;internetaccessbasic;conferenceroombooking;fileshareusers;internetaccessfull;expensesystemaccess","EMP144","Full-time","/bin/bash","","(206) 555-4595","(206) 555-4596","123 Corporate Plaza","Seattle","WA","98101","en-US","","None","","","","","","","","FALSE","","Bulk","Bulk directory volume, mapped from the AD provider (Strategy Consulting)"
"toshm","Tosh","Meston","Tosh Meston","Active","employee","CRM Consultant","CRM Strategy","syeda","all-staff;allemployees;fulltimeemployees;crmstrategy;londonoffice;emailusers;calendarusers;internetaccessbasic;conferenceroombooking;fileshareusers;internetaccessfull;expensesystemaccess;engineeringcomputing","EMP089","Full-time","/bin/bash","","(20) 5555-1394","","100 London Bridge St","London","UK","SE1 9SG","en-GB","","None","","","","","","","","FALSE","","Bulk","Bulk directory volume, mapped from the AD provider (CRM Strategy)"
"treyp","Trey","Pratt","Trey Pratt","Active","employee","Strategy Consultant","Strategy Consulting","cesarg","all-staff;allemployees;fulltimeemployees;strategyconsulting;seattlemainoffice;emailusers;calendarusers;internetaccessbasic;conferenceroombooking;fileshareusers;internetaccessfull;expensesystemaccess;serverroomaccess;securityeventreview;compliancereporting","EMP132","Full-time","/bin/bash","","(206) 555-2297","(206) 555-2298","123 Corporate Plaza","Seattle","WA","98101","en-US","","None","","","","","","","","FALSE","","Bulk","Bulk directory volume, mapped from the AD provider (Strategy Consulting)"
"tyc","Ty","Carlson","Ty Carlson","Active","employee","Salesperson","Sales Engagement Management","lenea","all-staff;allemployees;fulltimeemployees;sales;remoteworkers;emailusers;calendarusers;internetaccessbasic;conferenceroombooking;fileshareusers;internetaccessfull;expensesystemaccess;engineeringfileaccess","EMP182","Full-time","/bin/bash","","(701) 555-4446","(701) 555-4447","Remote Location","","","","en-US","","None","","","","","","","","FALSE","","Bulk","Bulk directory volume, mapped from the AD provider (Sales Engagement Management)"
"valeryu","Valery","Ushakov","Valery Ushakov","Active","employee","Engineer","Engineering Operations","carolt","all-staff;allemployees;fulltimeemployees;engineeringoperations;seattleengineeringoffice;emailusers;calendarusers;internetaccessbasic;conferenceroombooking;fileshareusers;internetaccessfull;expensesystemaccess;testserveroperators","EMP088","Full-time","/bin/bash","","(206) 555-3599","(206) 555-3600","456 Innovation Drive","Seattle","WA","98102","en-US","","None","","","","","","","","FALSE","","Bulk","Bulk directory volume, mapped from the AD provider (Engineering Operations)"
"vernettp","Vernette","Price","Vernette Price","Active","employee","Salesperson","Sales Engagement Management","lenea","all-staff;allemployees;fulltimeemployees;sales;remoteworkers;emailusers;calendarusers;internetaccessbasic;conferenceroombooking;fileshareusers;internetaccessfull;expensesystemaccess","EMP198","Full-time","/bin/bash","","(701) 555-6828","(701) 555-6829","Remote Location","","","","en-US","","None","","","","","","","","FALSE","","Bulk","Bulk directory volume, mapped from the AD provider (Sales Engagement Management)"
"vladime","Vladimir","Egorov","Vladimir Egorov","Active","employee","Content Management Consultant","Content Management Consulting","stano","all-staff;allemployees;fulltimeemployees;contentmanagement;newyorkoffice;emailusers;calendarusers;internetaccessbasic;conferenceroombooking;fileshareusers;internetaccessfull;expensesystemaccess","EMP061","Full-time","/bin/bash","","(212) 555-9441","(212) 555-9442","456 Madison Ave","New York","NY","10022","en-US","","None","","","","","","","","FALSE","","Bulk","Bulk directory volume, mapped from the AD provider (Content Management Consulting)"
"williav","William","Vong","William Vong","Active","employee","Strategy Consultant","Strategy Consulting","cesarg","all-staff;allemployees;fulltimeemployees;strategyconsulting;newyorkoffice;emailusers;calendarusers;internetaccessbasic;conferenceroombooking;fileshareusers;internetaccessfull;expensesystemaccess","EMP074","Full-time","/bin/bash","","(212) 555-5864","(212) 555-5865","456 Madison Ave","New York","NY","10022","en-US","","None","","","","","","","","FALSE","","Bulk","Bulk directory volume, mapped from the AD provider (Strategy Consulting)"
"yex","Ye","Xu","Ye Xu","Active","employee","Salesperson","Sales Engagement Management","arthury","all-staff;allemployees;fulltimeemployees;sales;emailusers;calendarusers;internetaccessbasic;conferenceroombooking;fileshareusers;internetaccessfull;expensesystemaccess;engineeringcomputing","EMP194","Full-time","/bin/bash","","(214) 555-7757","(214) 555-7758","890 Commerce St","Dallas","TX","75202","en-US","","None","","","","","","","","FALSE","","Bulk","Bulk directory volume, mapped from the AD provider (Sales Engagement Management)"
"zoem","Zoë","Müller","Zoë Müller","Active","employee","HR Specialist","Human Resources","garthf","all-staff;allemployees;fulltimeemployees;humanresources;seattlemainoffice;emailusers;calendarusers;internetaccessbasic;conferenceroombooking;fileshareusers;internetaccessfull;expensesystemaccess;salesmanagement;serverroomaccess;compliancereporting","EMP292","Full-time","/bin/bash","","(206) 555-0319","(206) 555-0320","123 Corporate Plaza","Seattle","WA","98101","en-US","","None","","","","","","","","FALSE","","Bulk","Bulk directory volume, mapped from the AD provider (Human Resources)"
"svc-sqlengine","SQL","Service","SQL Database Engine Service","Active","service","SQL Database Engine Service Account","IT","christk","svc-accounts","SVC001","Service","/sbin/nologin","","","","456 Innovation Drive","Seattle","WA","98102","","","None","","","","","","","","FALSE","","Bulk","Bulk service account, mapped from the AD provider (SQL Server)"
"svc-sqlagent","SQL","Service","SQL Server Agent Service","Active","service","SQL Server Agent Service Account","IT","christk","svc-accounts","SVC002","Service","/sbin/nologin","","","","456 Innovation Drive","Seattle","WA","98102","","","None","","","","","","","","FALSE","","Bulk","Bulk service account, mapped from the AD provider (SQL Server)"
"svc-sqlrs","SQL","Service","SQL Reporting Services","Active","service","SQL Reporting Services Account","IT","christk","svc-accounts","SVC003","Service","/sbin/nologin","","","","456 Innovation Drive","Seattle","WA","98102","","","None","","","","","","","","FALSE","","Bulk","Bulk service account, mapped from the AD provider (SQL Server)"
"svc-sqlas","SQL","Service","SQL Analysis Services","Active","service","SQL Analysis Services Account","IT","christk","svc-accounts","SVC004","Service","/sbin/nologin","","","","456 Innovation Drive","Seattle","WA","98102","","","None","","","","","","","","FALSE","","Bulk","Bulk service account, mapped from the AD provider (SQL Server)"
"svc-sqlis","SQL","Service","SQL Integration Services","Active","service","SQL Integration Services Account","IT","christk","svc-accounts","SVC005","Service","/sbin/nologin","","","","456 Innovation Drive","Seattle","WA","98102","","","None","","","","","","","","FALSE","","Bulk","Bulk service account, mapped from the AD provider (SQL Server)"
"svc-backup","Backup","Service","Backup Service Account","Active","service","Enterprise Backup Service Account","IT","arturol","svc-accounts","SVC006","Service","/sbin/nologin","","","","456 Innovation Drive","Seattle","WA","98102","","","None","","","","","","","","FALSE","","Bulk","Bulk service account, mapped from the AD provider (Veeam Backup)"
"svc-backupagent","Backup","Service","Backup Agent Service","Active","service","Backup Agent Service Account","IT","arturol","svc-accounts","SVC007","Service","/sbin/nologin","","","","456 Innovation Drive","Seattle","WA","98102","","","None","","","","","","","","FALSE","","Bulk","Bulk service account, mapped from the AD provider (Veeam Agent)"
"svc-backuprepo","Backup","Service","Backup Repository Service","Active","service","Backup Repository Service Account","IT","arturol","svc-accounts","SVC008","Service","/sbin/nologin","","","","456 Innovation Drive","Seattle","WA","98102","","","None","","","","","","","","FALSE","","Bulk","Bulk service account, mapped from the AD provider (Backup Repository)"
"svc-crmapp","CRM","Service","CRM Application Service","Active","service","CRM Application Service Account","IT","davidz","svc-accounts","SVC009","Service","/sbin/nologin","","","","456 Innovation Drive","Seattle","WA","98102","","","None","","","","","","","","FALSE","","Bulk","Bulk service account, mapped from the AD provider (Dynamics CRM)"
"svc-erpapp","ERP","Service","ERP Application Service","Active","service","ERP Application Service Account","IT","davidz","svc-accounts","SVC010","Service","/sbin/nologin","","","","456 Innovation Drive","Seattle","WA","98102","","","None","","","","","","","","FALSE","","Bulk","Bulk service account, mapped from the AD provider (SAP ERP)"
"svc-spapp","SharePoint","Service","SharePoint Application Pool","Active","service","SharePoint Application Pool Account","IT","carolt","svc-accounts","SVC011","Service","/sbin/nologin","","","","456 Innovation Drive","Seattle","WA","98102","","","None","","","","","","","","FALSE","","Bulk","Bulk service account, mapped from the AD provider (SharePoint)"
"svc-spsearch","SharePoint","Service","SharePoint Search Service","Active","service","SharePoint Search Service Account","IT","carolt","svc-accounts","SVC012","Service","/sbin/nologin","","","","456 Innovation Drive","Seattle","WA","98102","","","None","","","","","","","","FALSE","","Bulk","Bulk service account, mapped from the AD provider (SharePoint)"
"svc-webapp","Web","Service","Web Application Service","Active","service","Web Application Service Account","IT","kellyw","svc-accounts","SVC013","Service","/sbin/nologin","","","","456 Innovation Drive","Seattle","WA","98102","","","None","","","","","","","","FALSE","","Bulk","Bulk service account, mapped from the AD provider (IIS Web Apps)"
"svc-apigateway","API","Service","API Gateway Service","Active","service","API Gateway Service Account","IT","kellyw","svc-accounts","SVC014","Service","/sbin/nologin","","","","456 Innovation Drive","Seattle","WA","98102","","","None","","","","","","","","FALSE","","Bulk","Bulk service account, mapped from the AD provider (Kong Gateway)"
"svc-monitor","Monitor","Service","Monitoring Service Account","Active","service","Infrastructure Monitoring Service","IT","arturol","svc-accounts","SVC015","Service","/sbin/nologin","","","","456 Innovation Drive","Seattle","WA","98102","","","None","","","","","","","","FALSE","","Bulk","Bulk service account, mapped from the AD provider (SCOM/PRTG)"
"svc-logcollect","Log","Service","Log Collection Service","Active","service","Log Collection Service Account","IT","arturol","svc-accounts","SVC016","Service","/sbin/nologin","","","","456 Innovation Drive","Seattle","WA","98102","","","None","","","","","","","","FALSE","","Bulk","Bulk service account, mapped from the AD provider (Splunk)"
"svc-sqlenginets","SQL","Service","Test SQL Engine Service","Active","service","Test SQL Database Engine Service","IT","christk","svc-accounts","SVC017","Service","/sbin/nologin","","","","456 Innovation Drive","Seattle","WA","98102","","","None","","","","","","","","FALSE","","Bulk","Bulk service account, mapped from the AD provider (SQL Server)"
"svc-backupdev","Backup","Service","Dev Backup Service","Active","service","Development Backup Service","IT","arturol","svc-accounts","SVC018","Service","/sbin/nologin","","","","456 Innovation Drive","Seattle","WA","98102","","","None","","","","","","","","FALSE","","Bulk","Bulk service account, mapped from the AD provider (Dev Backup)"
"svc-appdev","App","Service","Dev Application Service","Active","service","Development Application Service","IT","davidz","svc-accounts","SVC019","Service","/sbin/nologin","","","","456 Innovation Drive","Seattle","WA","98102","","","None","","","","","","","","FALSE","","Bulk","Bulk service account, mapped from the AD provider (Dev Apps)"
"svc-fileshare","FileShare","Service","File Share Service","Active","service","File Share Service Account","IT","carolt","svc-accounts","SVC020","Service","/sbin/nologin","","","","456 Innovation Drive","Seattle","WA","98102","","","None","","","","","","","","FALSE","","Bulk","Bulk service account, mapped from the AD provider (Windows File Server)"
"svc-printspooler","Print","Service","Print Spooler Service","Active","service","Print Spooler Service Account","IT","keithd","svc-accounts","SVC021","Service","/sbin/nologin","","","","456 Innovation Drive","Seattle","WA","98102","","","None","","","","","","","","FALSE","","Bulk","Bulk service account, mapped from the AD provider (Windows Print Server)"
"svc-emailarchive","Email","Service","Email Archive Service","Active","service","Email Archiving Service Account","IT","bens","svc-accounts","SVC022","Service","/sbin/nologin","","","","456 Innovation Drive","Seattle","WA","98102","","","None","","","","","","","","FALSE","","Bulk","Bulk service account, mapped from the AD provider (Exchange Archive)"
"svc-antivirus","AV","Service","Antivirus Service Account","Active","service","Enterprise Antivirus Service","IT","keithd","svc-accounts","SVC023","Service","/sbin/nologin","","","","456 Innovation Drive","Seattle","WA","98102","","","None","","","","","","","","FALSE","","Bulk","Bulk service account, mapped from the AD provider (McAfee ePO)"
"svc-patchmgmt","Patch","Service","Patch Management Service","Active","service","Patch Management Service Account","IT","keithd","svc-accounts","SVC024","Service","/sbin/nologin","","","","456 Innovation Drive","Seattle","WA","98102","","","None","","","","","","","","FALSE","","Bulk","Bulk service account, mapped from the AD provider (WSUS)"
"svc-assetmgmt","Asset","Service","Asset Management Service","Active","service","Asset Management Service Account","IT","erikac","svc-accounts","SVC025","Service","/sbin/nologin","","","","456 Innovation Drive","Seattle","WA","98102","","","None","","","","","","","","FALSE","","Bulk","Bulk service account, mapped from the AD provider (SCCM)"
