"Name","Description","OperatingSystem","Platform","Locality","Location","Class","MacAddress","SshPublicKey","AuthIndicator","ManagedBy","Hostgroups","Tier","Purpose"
"web01","Public web front end","Rocky Linux 9.4","x86_64","Seattle, WA","Rack A3","server","52:54:00:1a:2b:01","ecdsa-sha2-nistp256 AAAAE2VjZHNhLXNoYTItbmlzdHAyNTYAAAAIbmlzdHAyNTYAAABBBBQGTs1WkWvRhqziUffuLMh0VkbBVSzDH5M9/DtwvDoZcda9s1ykQglhnxyxWaKmqp3pM+3DUQq3sp1FFp7ge74= root@web01","","","web-servers","Core","The host the HTTP service, the delegation rule and a role membership hang off; carries a host key"
"db01","Primary database","Red Hat Enterprise Linux 9.4","x86_64","Seattle, WA","Rack A4","server","52:54:00:1a:2b:02","","","web01","db-servers","Core","Managed by web01, so that host may fetch its keytab; the payroll rule and the DBA sudo rule name it"
"bastion01","SSH jump host","Rocky Linux 9.4","x86_64","Seattle, WA","Rack A1","server","52:54:00:1a:2b:03","","otp","","bastions","Core","An authentication indicator: a ticket for this host needs a second factor"
"legacy01","Legacy reporting box","CentOS Linux 7.9","x86_64","Seattle, WA","Rack B2","server","52:54:00:1a:2b:04","","","","legacy-hosts","Core","End-of-life OS, which the automember rule sees; the ID view applies here and the disabled sudo rule names it"
"kiosk01","Zürich reception kiosk","Fedora Linux 40","aarch64","Zurich, CH","Reception","kiosk","52:54:00:1a:2b:05","","","","site-zurich-hosts","Core","Reached by contractors under HBAC and the shell-escape sudo rule; a member of a netgroup directly"
"runner01","CI runner","Ubuntu 24.04","x86_64","Seattle, WA","Rack B1","ci","52:54:00:1a:2b:06","","","","build-runners","Core","A Debian-family host in a Red Hat-family lab"
"nfs01","Home directory server","TrueNAS SCALE 24.04","x86_64","Seattle, WA","Rack A5","server","52:54:00:1a:2b:07","","","","all-servers","Core","A direct member of the root host group rather than of a child; every automount key points here"
"orphan01","","","","","","","","","","","","Core","No description, no OS, no group and no rule: the record nobody claims"
"sea-exec-001","Executive workstation for CEO Dan Jump","Windows 11 Enterprise","Dell OptiPlex 7090","Seattle - Main","","workstation","00:11:22:33:44:01","","","","workstations;site-seattlemain","Bulk","Bulk host volume, mapped from the AD provider (Workstation)"
"sea-ops-001","Operations workstation for General Manager Adam Barr","Windows 11 Enterprise","Dell OptiPlex 7090","Seattle - Main","","workstation","00:11:22:33:44:02","","","","workstations;site-seattlemain","Bulk","Bulk host volume, mapped from the AD provider (Workstation)"
"sea-pm-001","Project Management workstation for Director Alan Steiner","Windows 11 Pro","Dell OptiPlex 5090","Seattle - Main","","workstation","00:11:22:33:44:03","","","","workstations;site-seattlemain","Bulk","Bulk host volume, mapped from the AD provider (Workstation)"
"sea-pm-002","Project Management workstation for PM Chris Norred","Windows 11 Pro","Dell OptiPlex 5090","Seattle - Main","","workstation","00:11:22:33:44:04","","","","workstations;site-seattlemain","Bulk","Bulk host volume, mapped from the AD provider (Workstation)"
"sea-ops-002","Operations workstation for CFO Diane Tibbot","Windows 11 Enterprise","Dell OptiPlex 7090","Seattle - Main","","workstation","00:11:22:33:44:05","","","","workstations;site-seattlemain","Bulk","Bulk host volume, mapped from the AD provider (Workstation)"
"sea-eng-001","Engineering workstation for Managing Director Christine Koch","Windows 11 Pro for Workstations","Dell Precision 7670","Seattle - Engineering","","workstation","00:11:22:33:44:06","","","","workstations;site-seattleengineering","Bulk","Bulk host volume, mapped from the AD provider (Workstation)"
"sea-exec-002","Executive workstation for COO Frank Martinez","Windows 11 Enterprise","Dell OptiPlex 7090","Seattle - Main","","workstation","00:11:22:33:44:07","","","","workstations;site-seattlemain","Bulk","Bulk host volume, mapped from the AD provider (Workstation)"
"sea-acc-001","Accounting workstation for Controller Karim Manar","Windows 11 Pro","Dell OptiPlex 5090","Seattle - Finance","","workstation","00:11:22:33:44:08","","","","workstations;site-seattlefinance","Bulk","Bulk host volume, mapped from the AD provider (Workstation)"
"hou-sales-001","Sales workstation for VP Dan Park","Windows 11 Pro","Dell OptiPlex 5090","Houston - Sales","","workstation","00:11:22:33:44:09","","","","workstations;site-houstonsales","Bulk","Bulk host volume, mapped from the AD provider (Workstation)"
"sea-exec-003","Executive workstation for CVP Jeff Hay","Windows 11 Enterprise","Dell OptiPlex 7090","Seattle - Main","","workstation","00:11:22:33:44:10","","","","workstations;site-seattlemain","Bulk","Bulk host volume, mapped from the AD provider (Workstation)"
"sea-dc-001","Primary Domain Controller for Seattle office","Windows Server 2022 Datacenter","Dell PowerEdge R750","Seattle - Main","","domain-controller","00:11:22:33:AA:01","","","","domain-controllers;site-seattlemain","Bulk","Bulk host volume, mapped from the AD provider (Domain Controller)"
"sea-dc-002","Secondary Domain Controller for Seattle office","Windows Server 2022 Datacenter","Dell PowerEdge R750","Seattle - Main","","domain-controller","00:11:22:33:AA:02","","","","domain-controllers;site-seattlemain","Bulk","Bulk host volume, mapped from the AD provider (Domain Controller)"
"sea-file-001","Primary file server for Seattle office","Windows Server 2022 Standard","Dell PowerEdge R740","Seattle - Main","","file-server","00:11:22:33:AA:03","","","","file-servers;site-seattlemain","Bulk","Bulk host volume, mapped from the AD provider (File Server)"
"sea-sql-001","SQL Server for corporate applications","Windows Server 2022 Standard","Dell PowerEdge R750","Seattle - Main","","database-server","00:11:22:33:AA:04","","","","database-servers;site-seattlemain","Bulk","Bulk host volume, mapped from the AD provider (Database Server)"
"sea-ex-001","Exchange Server for email services","Windows Server 2022 Standard","Dell PowerEdge R740","Seattle - Main","","mail-server","00:11:22:33:AA:05","","","","mail-servers;site-seattlemain","Bulk","Bulk host volume, mapped from the AD provider (Exchange Server)"
"hou-dc-001","Domain Controller for Houston office","Windows Server 2022 Standard","Dell PowerEdge R650","Houston - Sales","","domain-controller","00:11:22:33:BB:01","","","","domain-controllers;site-houstonsales","Bulk","Bulk host volume, mapped from the AD provider (Domain Controller)"
"hou-file-001","File server for Houston office","Windows Server 2022 Standard","Dell PowerEdge R640","Houston - Sales","","file-server","00:11:22:33:BB:02","","","","file-servers;site-houstonsales","Bulk","Bulk host volume, mapped from the AD provider (File Server)"
"nyc-dc-001","Domain Controller for New York office","Windows Server 2022 Standard","Dell PowerEdge R650","New York - Strategy","","domain-controller","00:11:22:33:CC:01","","","","domain-controllers;site-newyorkstrategy","Bulk","Bulk host volume, mapped from the AD provider (Domain Controller)"
"nyc-file-001","File server for New York office","Windows Server 2022 Standard","Dell PowerEdge R640","New York - Strategy","","file-server","00:11:22:33:CC:02","","","","file-servers;site-newyorkstrategy","Bulk","Bulk host volume, mapped from the AD provider (File Server)"
"laptop-001","Executive laptop for CEO Dan Jump","Windows 11 Enterprise","Dell Latitude 9330","Seattle - Main","","workstation","00:11:22:33:EE:01","","","","workstations;site-seattlemain","Bulk","Bulk host volume, mapped from the AD provider (Workstation)"
"laptop-002","Executive laptop for GM Adam Barr","Windows 11 Enterprise","Dell Latitude 9330","Seattle - Main","","workstation","00:11:22:33:EE:02","","","","workstations;site-seattlemain","Bulk","Bulk host volume, mapped from the AD provider (Workstation)"
"laptop-003","Engineering laptop for MD Christine Koch","Windows 11 Pro for Workstations","Dell Precision 5570","Seattle - Engineering","","workstation","00:11:22:33:EE:03","","","","workstations;site-seattleengineering","Bulk","Bulk host volume, mapped from the AD provider (Workstation)"
"sea-humanr-050","Workstation for HR Manager Garth Fort","Windows 11 Pro","Dell OptiPlex 5090","Seattle - Main","","workstation","00:11:22:33:44:32","","","","workstations;site-seattlemain","Bulk","Bulk host volume, mapped from the AD provider (Workstation)"
"laptop-050","Executive laptop for Garth Fort","Windows 11 Pro","Dell Latitude 9330","Seattle - Main","","workstation","00:11:22:33:EE:32","","","","workstations;site-seattlemain","Bulk","Bulk host volume, mapped from the AD provider (Workstation)"
"nyc-strate-051","Workstation for Strategy Consulting Manager Cesar Garcia","Windows 11 Pro","Dell Latitude 5530","New York - Strategy","","workstation","00:11:22:33:44:33","","","","workstations;site-newyorkstrategy","Bulk","Bulk host volume, mapped from the AD provider (Workstation)"
"laptop-051","Executive laptop for Cesar Garcia","Windows 11 Pro","Dell Latitude 9330","New York - Strategy","","workstation","00:11:22:33:EE:33","","","","workstations;site-newyorkstrategy","Bulk","Bulk host volume, mapped from the AD provider (Workstation)"
"sea-execut-052","Workstation for CVP of Online Christa Geller","Windows 11 Enterprise","Dell OptiPlex 7090","Seattle - Main","","workstation","00:11:22:33:44:34","","","","workstations;site-seattlemain","Bulk","Bulk host volume, mapped from the AD provider (Workstation)"
"laptop-052","Executive laptop for Christa Geller","Windows 11 Enterprise","Dell Latitude 9330","Seattle - Main","","workstation","00:11:22:33:EE:34","","","","workstations;site-seattlemain","Bulk","Bulk host volume, mapped from the AD provider (Workstation)"
"sea-salese-053","Workstation for Managing Director Jack Creasey","Windows 11 Pro","Dell OptiPlex 3090","Seattle - Main","","workstation","00:11:22:33:44:35","","","","workstations;site-seattlemain","Bulk","Bulk host volume, mapped from the AD provider (Workstation)"
"laptop-053","Executive laptop for Jack Creasey","Windows 11 Pro","Dell Latitude 9330","Seattle - Main","","workstation","00:11:22:33:EE:35","","","","workstations;site-seattlemain","Bulk","Bulk host volume, mapped from the AD provider (Workstation)"
"nyc-strate-054","Workstation for Strategy Consulting Manager David Maman","Windows 11 Pro","Dell Latitude 5530","New York - Strategy","","workstation","00:11:22:33:44:36","","","","workstations;site-newyorkstrategy","Bulk","Bulk host volume, mapped from the AD provider (Workstation)"
"laptop-054","Executive laptop for David Maman","Windows 11 Pro","Dell Latitude 9330","New York - Strategy","","workstation","00:11:22:33:EE:36","","","","workstations;site-newyorkstrategy","Bulk","Bulk host volume, mapped from the AD provider (Workstation)"
"ric-sales-055","Workstation for Regional Sales Manager Alan Brewer","Windows 11 Pro","Dell OptiPlex 5090","Richmond - East","","workstation","00:11:22:33:44:37","","","","workstations;site-richmondeast","Bulk","Bulk host volume, mapped from the AD provider (Workstation)"
"laptop-055","Executive laptop for Alan Brewer","Windows 11 Pro","Dell Latitude 9330","Richmond - East","","workstation","00:11:22:33:EE:37","","","","workstations;site-richmondeast","Bulk","Bulk host volume, mapped from the AD provider (Workstation)"
"sea-salese-056","Workstation for Sales Manager David Simpson","Windows 11 Pro","Dell OptiPlex 3090","Seattle - Main","","workstation","00:11:22:33:44:38","","","","workstations;site-seattlemain","Bulk","Bulk host volume, mapped from the AD provider (Workstation)"
"laptop-056","Executive laptop for David Simpson","Windows 11 Pro","Dell Latitude 9330","Seattle - Main","","workstation","00:11:22:33:EE:38","","","","workstations;site-seattlemain","Bulk","Bulk host volume, mapped from the AD provider (Workstation)"
"sea-senior-057","Workstation for SVP of Online Services Anna Lidman","Windows 11 Enterprise","Dell OptiPlex 7090","Seattle - Main","","workstation","00:11:22:33:44:39","","","","workstations;site-seattlemain","Bulk","Bulk host volume, mapped from the AD provider (Workstation)"
"laptop-057","Executive laptop for Anna Lidman","Windows 11 Enterprise","Dell Latitude 9330","Seattle - Main","","workstation","00:11:22:33:EE:39","","","","workstations;site-seattlemain","Bulk","Bulk host volume, mapped from the AD provider (Workstation)"
"bel-sales-058","Workstation for Regional Sales Manager Eduard Dell","Windows 11 Pro","Dell OptiPlex 5090","Seattle - Satellite","","workstation","00:11:22:33:44:3A","","","","workstations;site-seattlesatellite","Bulk","Bulk host volume, mapped from the AD provider (Workstation)"
"laptop-058","Executive laptop for Eduard Dell","Windows 11 Pro","Dell Latitude 9330","Seattle - Satellite","","workstation","00:11:22:33:EE:3A","","","","workstations;site-seattlesatellite","Bulk","Bulk host volume, mapped from the AD provider (Workstation)"
"bel-sales-059","Workstation for Regional Sales Manager Spencer Low","Windows 11 Pro","Dell OptiPlex 5090","Seattle - Satellite","","workstation","00:11:22:33:44:3B","","","","workstations;site-seattlesatellite","Bulk","Bulk host volume, mapped from the AD provider (Workstation)"
"laptop-059","Executive laptop for Spencer Low","Windows 11 Pro","Dell Latitude 9330","Seattle - Satellite","","workstation","00:11:22:33:EE:3B","","","","workstations;site-seattlesatellite","Bulk","Bulk host volume, mapped from the AD provider (Workstation)"
"sea-operat-060","Workstation for CTO of Professional Services Kelly Weadock","Windows 11 Enterprise","Dell OptiPlex 7090","Seattle - Main","","workstation","00:11:22:33:44:3C","","","","workstations;site-seattlemain","Bulk","Bulk host volume, mapped from the AD provider (Workstation)"
"sea-senior-061","Workstation for GM of Online Ad Sales and Affiliate Marketing Molly Clark","Windows 11 Enterprise","Dell OptiPlex 7090","Seattle - Main","","workstation","00:11:22:33:44:3D","","","","workstations;site-seattlemain","Bulk","Bulk host volume, mapped from the AD provider (Workstation)"
"laptop-061","Executive laptop for Molly Clark","Windows 11 Enterprise","Dell Latitude 9330","Seattle - Main","","workstation","00:11:22:33:EE:3D","","","","workstations;site-seattlemain","Bulk","Bulk host volume, mapped from the AD provider (Workstation)"
"nyc-sales-062","Workstation for Regional Sales Manager Larry Zhang","Windows 11 Pro","Dell OptiPlex 5090","New York - Northeast","","workstation","00:11:22:33:44:3E","","","","workstations;site-newyorknortheast","Bulk","Bulk host volume, mapped from the AD provider (Workstation)"
"laptop-062","Executive laptop for Larry Zhang","Windows 11 Pro","Dell Latitude 9330","New York - Northeast","","workstation","00:11:22:33:EE:3E","","","","workstations;site-newyorknortheast","Bulk","Bulk host volume, mapped from the AD provider (Workstation)"
"sea-operat-063","Workstation for IT Director Arturo Lopez","Windows 11 Enterprise","Dell OptiPlex 7090","Seattle - Main","","workstation","00:11:22:33:44:3F","","","","workstations;site-seattlemain","Bulk","Bulk host volume, mapped from the AD provider (Workstation)"
"laptop-063","Executive laptop for Arturo Lopez","Windows 11 Enterprise","Dell Latitude 9330","Seattle - Main","","workstation","00:11:22:33:EE:3F","","","","workstations;site-seattlemain","Bulk","Bulk host volume, mapped from the AD provider (Workstation)"
"chi-sales-064","Workstation for Sales Manager April Stewart","Windows 11 Pro","Dell OptiPlex 5090","Chicago - Central","","workstation","00:11:22:33:44:40","","","","workstations;site-chicagocentral","Bulk","Bulk host volume, mapped from the AD provider (Workstation)"
"laptop-064","Executive laptop for April Stewart","Windows 11 Pro","Dell Latitude 9330","Chicago - Central","","workstation","00:11:22:33:EE:40","","","","workstations;site-chicagocentral","Bulk","Bulk host volume, mapped from the AD provider (Workstation)"
"nyc-strate-065","Workstation for Strategy Consulting Manager Aaron Painter","Windows 11 Pro","Dell Latitude 5530","New York - Strategy","","workstation","00:11:22:33:44:41","","","","workstations;site-newyorkstrategy","Bulk","Bulk host volume, mapped from the AD provider (Workstation)"
"laptop-065","Executive laptop for Aaron Painter","Windows 11 Pro","Dell Latitude 9330","New York - Strategy","","workstation","00:11:22:33:EE:41","","","","workstations;site-newyorkstrategy","Bulk","Bulk host volume, mapped from the AD provider (Workstation)"
"sea-projec-066","Workstation for Senior Project Manager Andrew Ma","Windows 11 Pro","Dell OptiPlex 5090","Seattle - Main","","workstation","00:11:22:33:44:42","","","","workstations;site-seattlemain","Bulk","Bulk host volume, mapped from the AD provider (Workstation)"
"laptop-066","Executive laptop for Andrew Ma","Windows 11 Pro","Dell Latitude 9330","Seattle - Main","","workstation","00:11:22:33:EE:42","","","","workstations;site-seattlemain","Bulk","Bulk host volume, mapped from the AD provider (Workstation)"
"sea-market-067","Workstation for Director of Ad Sales Diane Prescott","Windows 11 Pro","Dell OptiPlex 5090","Seattle - Main","","workstation","00:11:22:33:44:43","","","","workstations;site-seattlemain","Bulk","Bulk host volume, mapped from the AD provider (Workstation)"
"laptop-067","Executive laptop for Diane Prescott","Windows 11 Pro","Dell Latitude 9330","Seattle - Main","","workstation","00:11:22:33:EE:43","","","","workstations;site-seattlemain","Bulk","Bulk host volume, mapped from the AD provider (Workstation)"
"sea-salese-068","Workstation for Sales Manager Arthur Yasinski","Windows 11 Pro","Dell OptiPlex 3090","Dallas - South","","workstation","00:11:22:33:44:44","","","","workstations;site-dallassouth","Bulk","Bulk host volume, mapped from the AD provider (Workstation)"
"laptop-068","Executive laptop for Arthur Yasinski","Windows 11 Pro","Dell Latitude 9330","Dallas - South","","workstation","00:11:22:33:EE:44","","","","workstations;site-dallassouth","Bulk","Bulk host volume, mapped from the AD provider (Workstation)"
"nyc-strate-069","Workstation for Strategy Consulting Manager Brad Sutton","Windows 11 Pro","Dell Latitude 5530","New York - Strategy","","workstation","00:11:22:33:44:45","","","","workstations;site-newyorkstrategy","Bulk","Bulk host volume, mapped from the AD provider (Workstation)"
"laptop-069","Executive laptop for Brad Sutton","Windows 11 Pro","Dell Latitude 9330","New York - Strategy","","workstation","00:11:22:33:EE:45","","","","workstations;site-newyorkstrategy","Bulk","Bulk host volume, mapped from the AD provider (Workstation)"
"sea-humanr-070","Workstation for HR Manager Amy Alberts","Windows 11 Pro","Dell OptiPlex 5090","Seattle - Main","","workstation","00:11:22:33:44:46","","","","workstations;site-seattlemain","Bulk","Bulk host volume, mapped from the AD provider (Workstation)"
"laptop-070","Executive laptop for Amy Alberts","Windows 11 Pro","Dell Latitude 9330","Seattle - Main","","workstation","00:11:22:33:EE:46","","","","workstations;site-seattlemain","Bulk","Bulk host volume, mapped from the AD provider (Workstation)"
"sea-sales-071","Workstation for Regional Sales Manager Steve Luper","Windows 11 Pro","Dell OptiPlex 5090","Seattle - Main","","workstation","00:11:22:33:44:47","","","","workstations;site-seattlemain","Bulk","Bulk host volume, mapped from the AD provider (Workstation)"
"laptop-071","Executive laptop for Steve Luper","Windows 11 Pro","Dell Latitude 9330","Seattle - Main","","workstation","00:11:22:33:EE:47","","","","workstations;site-seattlemain","Bulk","Bulk host volume, mapped from the AD provider (Workstation)"
"sea-senior-072","Workstation for Sr. Business Development Manager Julian Isla","Windows 11 Enterprise","Dell OptiPlex 7090","Seattle - Main","","workstation","00:11:22:33:44:48","","","","workstations;site-seattlemain","Bulk","Bulk host volume, mapped from the AD provider (Workstation)"
"laptop-072","Executive laptop for Julian Isla","Windows 11 Enterprise","Dell Latitude 9330","Seattle - Main","","workstation","00:11:22:33:EE:48","","","","workstations;site-seattlemain","Bulk","Bulk host volume, mapped from the AD provider (Workstation)"
"sea-projec-073","Workstation for Senior Project Manager Scott Bishop","Windows 11 Pro","Dell OptiPlex 5090","Seattle - Main","","workstation","00:11:22:33:44:49","","","","workstations;site-seattlemain","Bulk","Bulk host volume, mapped from the AD provider (Workstation)"
"laptop-073","Executive laptop for Scott Bishop","Windows 11 Pro","Dell Latitude 9330","Seattle - Main","","workstation","00:11:22:33:EE:49","","","","workstations;site-seattlemain","Bulk","Bulk host volume, mapped from the AD provider (Workstation)"
"sea-market-074","Workstation for Marketing Manager Kelly Krout","Windows 11 Pro","Dell OptiPlex 5090","Seattle - Main","","workstation","00:11:22:33:44:4A","","","","workstations;site-seattlemain","Bulk","Bulk host volume, mapped from the AD provider (Workstation)"
"laptop-074","Executive laptop for Kelly Krout","Windows 11 Pro","Dell Latitude 9330","Seattle - Main","","workstation","00:11:22:33:EE:4A","","","","workstations;site-seattlemain","Bulk","Bulk host volume, mapped from the AD provider (Workstation)"
"sea-conten-075","Workstation for Content Management Consulting Manager Stan Orme","Windows 11 Pro","Dell OptiPlex 3090","Seattle - Main","","workstation","00:11:22:33:44:4B","","","","workstations;site-seattlemain","Bulk","Bulk host volume, mapped from the AD provider (Workstation)"
"laptop-075","Executive laptop for Stan Orme","Windows 11 Pro","Dell Latitude 9330","Seattle - Main","","workstation","00:11:22:33:EE:4B","","","","workstations;site-seattlemain","Bulk","Bulk host volume, mapped from the AD provider (Workstation)"
"sea-projec-076","Workstation for Senior Project Manager Mike Nash","Windows 11 Pro","Dell OptiPlex 5090","Seattle - Main","","workstation","00:11:22:33:44:4C","","","","workstations;site-seattlemain","Bulk","Bulk host volume, mapped from the AD provider (Workstation)"
"laptop-076","Executive laptop for Mike Nash","Windows 11 Pro","Dell Latitude 9330","Seattle - Main","","workstation","00:11:22:33:EE:4C","","","","workstations;site-seattlemain","Bulk","Bulk host volume, mapped from the AD provider (Workstation)"
"sea-strate-077","Workstation for Strategy Consultant Jenni Merrifield","Windows 11 Pro","Dell Latitude 5530","Seattle - Main","","workstation","00:11:22:33:44:4D","","","","workstations;site-seattlemain","Bulk","Bulk host volume, mapped from the AD provider (Workstation)"
"sea-operat-078","Workstation for Procurement Manager Keith Dishmo","Windows 11 Enterprise","Dell OptiPlex 7090","Seattle - Main","","workstation","00:11:22:33:44:4E","","","","workstations;site-seattlemain","Bulk","Bulk host volume, mapped from the AD provider (Workstation)"
"laptop-078","Executive laptop for Keith Dishmo","Windows 11 Enterprise","Dell Latitude 9330","Seattle - Main","","workstation","00:11:22:33:EE:4E","","","","workstations;site-seattlemain","Bulk","Bulk host volume, mapped from the AD provider (Workstation)"
"sea-sales-079","Workstation for Sales Manager Jose Saraiva","Windows 11 Pro","Dell OptiPlex 5090","Seattle - Main","","workstation","00:11:22:33:44:4F","","","","workstations;site-seattlemain","Bulk","Bulk host volume, mapped from the AD provider (Workstation)"
"laptop-079","Executive laptop for Jose Saraiva","Windows 11 Pro","Dell Latitude 9330","Seattle - Main","","workstation","00:11:22:33:EE:4F","","","","workstations;site-seattlemain","Bulk","Bulk host volume, mapped from the AD provider (Workstation)"
"rem-salese-080","Workstation for Sales Manager Lene Aalling","Windows 11 Pro","Dell OptiPlex 3090","Remote - Field Sales","","workstation","00:11:22:33:44:50","","","","workstations;site-remotefieldsales","Bulk","Bulk host volume, mapped from the AD provider (Workstation)"
"laptop-080","Executive laptop for Lene Aalling","Windows 11 Pro","Dell Latitude 9330","Remote - Field Sales","","workstation","00:11:22:33:EE:50","","","","workstations;site-remotefieldsales","Bulk","Bulk host volume, mapped from the AD provider (Workstation)"
"sea-projec-081","Workstation for Project Manager Barry Johnson","Windows 11 Pro","Dell OptiPlex 5090","Seattle - Main","","workstation","00:11:22:33:44:51","","","","workstations;site-seattlemain","Bulk","Bulk host volume, mapped from the AD provider (Workstation)"
"laptop-081","Executive laptop for Barry Johnson","Windows 11 Pro","Dell Latitude 9330","Seattle - Main","","workstation","00:11:22:33:EE:51","","","","workstations;site-seattlemain","Bulk","Bulk host volume, mapped from the AD provider (Workstation)"
"nyc-strate-082","Workstation for Strategy Consulting Manager Ellen Adams","Windows 11 Pro","Dell Latitude 5530","New York - Strategy","","workstation","00:11:22:33:44:52","","","","workstations;site-newyorkstrategy","Bulk","Bulk host volume, mapped from the AD provider (Workstation)"
"laptop-082","Executive laptop for Ellen Adams","Windows 11 Pro","Dell Latitude 9330","New York - Strategy","","workstation","00:11:22:33:EE:52","","","","workstations;site-newyorkstrategy","Bulk","Bulk host volume, mapped from the AD provider (Workstation)"
"sea-operat-083","Workstation for Manager Ben Spain","Windows 11 Enterprise","Dell OptiPlex 7090","Seattle - Main","","workstation","00:11:22:33:44:53","","","","workstations;site-seattlemain","Bulk","Bulk host volume, mapped from the AD provider (Workstation)"
"laptop-083","Executive laptop for Ben Spain","Windows 11 Enterprise","Dell Latitude 9330","Seattle - Main","","workstation","00:11:22:33:EE:53","","","","workstations;site-seattlemain","Bulk","Bulk host volume, mapped from the AD provider (Workstation)"
"sea-eng-engine-084","Workstation for Managing Director David Zazzo","Windows 11 Pro for Workstations","Dell Precision 5570","Seattle - Engineering","","workstation","00:11:22:33:44:54","","","","workstations;site-seattleengineering","Bulk","Bulk host volume, mapped from the AD provider (Workstation)"
"laptop-084","Executive laptop for David Zazzo","Windows 11 Pro for Workstations","Dell Precision 5570","Seattle - Engineering","","workstation","00:11:22:33:EE:54","","","","workstations;site-seattleengineering","Bulk","Bulk host volume, mapped from the AD provider (Workstation)"
"sea-eng-engine-085","Workstation for Strategy Consulting Manager Carol Troup","Windows 11 Pro for Workstations","Dell Precision 5570","Seattle - Engineering","","workstation","00:11:22:33:44:55","","","","workstations;site-seattleengineering","Bulk","Bulk host volume, mapped from the AD provider (Workstation)"
"laptop-085","Executive laptop for Carol Troup","Windows 11 Pro for Workstations","Dell Precision 5570","Seattle - Engineering","","workstation","00:11:22:33:EE:55","","","","workstations;site-seattleengineering","Bulk","Bulk host volume, mapped from the AD provider (Workstation)"
"sea-operat-086","Workstation for Manager Erika Cheley","Windows 11 Enterprise","Dell OptiPlex 7090","Seattle - Main","","workstation","00:11:22:33:44:56","","","","workstations;site-seattlemain","Bulk","Bulk host volume, mapped from the AD provider (Workstation)"
"laptop-086","Executive laptop for Erika Cheley","Windows 11 Enterprise","Dell Latitude 9330","Seattle - Main","","workstation","00:11:22:33:EE:56","","","","workstations;site-seattlemain","Bulk","Bulk host volume, mapped from the AD provider (Workstation)"
"sea-projec-087","Workstation for Project Manager Brian Groth","Windows 11 Pro","Dell OptiPlex 5090","Seattle - Main","","workstation","00:11:22:33:44:57","","","","workstations;site-seattlemain","Bulk","Bulk host volume, mapped from the AD provider (Workstation)"
"laptop-087","Executive laptop for Brian Groth","Windows 11 Pro","Dell Latitude 9330","Seattle - Main","","workstation","00:11:22:33:EE:57","","","","workstations;site-seattlemain","Bulk","Bulk host volume, mapped from the AD provider (Workstation)"
"lon-crmstr-088","Workstation for CRM Consulting Manager Syed Abbas","Windows 11 Pro","Dell OptiPlex 3090","London - International","","workstation","00:11:22:33:44:58","","","","workstations;site-londoninternational","Bulk","Bulk host volume, mapped from the AD provider (Workstation)"
"laptop-088","Executive laptop for Syed Abbas","Windows 11 Pro","Dell Latitude 9330","London - International","","workstation","00:11:22:33:EE:58","","","","workstations;site-londoninternational","Bulk","Bulk host volume, mapped from the AD provider (Workstation)"
"lon-conten-089","Workstation for Content Management Consultant Peder Thode","Windows 11 Pro","Dell OptiPlex 3090","London - International","","workstation","00:11:22:33:44:59","","","","workstations;site-londoninternational","Bulk","Bulk host volume, mapped from the AD provider (Workstation)"
"lon-conten-090","Workstation for Content Management Consultant Mary Cha","Windows 11 Pro","Dell OptiPlex 3090","London - International","","workstation","00:11:22:33:44:5A","","","","workstations;site-londoninternational","Bulk","Bulk host volume, mapped from the AD provider (Workstation)"
"lon-conten-091","Workstation for Content Management Consultant Lisa Andrews","Windows 11 Pro","Dell OptiPlex 3090","London - International","","workstation","00:11:22:33:44:5B","","","","workstations;site-londoninternational","Bulk","Bulk host volume, mapped from the AD provider (Workstation)"
"lon-conten-092","Workstation for Content Management Consultant Jim Lucey","Windows 11 Pro","Dell OptiPlex 3090","London - International","","workstation","00:11:22:33:44:5C","","","","workstations;site-londoninternational","Bulk","Bulk host volume, mapped from the AD provider (Workstation)"
"lon-conten-093","Workstation for Content Management Consultant Gareth Chan","Windows 11 Pro","Dell OptiPlex 3090","London - International","","workstation","00:11:22:33:44:5D","","","","workstations;site-londoninternational","Bulk","Bulk host volume, mapped from the AD provider (Workstation)"
"lon-crmstr-094","Workstation for CRM Consultant Karin Lamb","Windows 11 Pro","Dell OptiPlex 3090","London - International","","workstation","00:11:22:33:44:5E","","","","workstations;site-londoninternational","Bulk","Bulk host volume, mapped from the AD provider (Workstation)"
"lon-conten-095","Workstation for CRM Consultant David Hamilton","Windows 11 Pro","Dell OptiPlex 3090","London - International","","workstation","00:11:22:33:44:5F","","","","workstations;site-londoninternational","Bulk","Bulk host volume, mapped from the AD provider (Workstation)"
"lon-crmstr-096","Workstation for CRM Consultant Merav Sror","Windows 11 Pro","Dell OptiPlex 3090","London - International","","workstation","00:11:22:33:44:60","","","","workstations;site-londoninternational","Bulk","Bulk host volume, mapped from the AD provider (Workstation)"
"lon-conten-097","Workstation for Content Management Consultant Reina Cabatana","Windows 11 Pro","Dell OptiPlex 3090","London - International","","workstation","00:11:22:33:44:61","","","","workstations;site-londoninternational","Bulk","Bulk host volume, mapped from the AD provider (Workstation)"
"nyc-conten-098","Workstation for Content Management Consultant Robin Young","Windows 11 Pro","Dell OptiPlex 3090","New York - Strategy","","workstation","00:11:22:33:44:62","","","","workstations;site-newyorkstrategy","Bulk","Bulk host volume, mapped from the AD provider (Workstation)"
"nyc-conten-099","Workstation for Content Management Consultant Peter Saddow","Windows 11 Pro","Dell OptiPlex 3090","New York - Strategy","","workstation","00:11:22:33:44:63","","","","workstations;site-newyorkstrategy","Bulk","Bulk host volume, mapped from the AD provider (Workstation)"
"nyc-conten-100","Workstation for Content Management Consultant Vladimir Egorov","Windows 11 Pro","Dell OptiPlex 3090","New York - Strategy","","workstation","00:11:22:33:44:64","","","","workstations;site-newyorkstrategy","Bulk","Bulk host volume, mapped from the AD provider (Workstation)"
"lon-conten-101","Workstation for Content Management Consultant Esther Valle","Windows 11 Pro","Dell OptiPlex 3090","London - International","","workstation","00:11:22:33:44:65","","","","workstations;site-londoninternational","Bulk","Bulk host volume, mapped from the AD provider (Workstation)"
"sea-strate-102","Workstation for Strategy Consultant Lori Kane","Windows 11 Pro","Dell Latitude 5530","Seattle - Main","","workstation","00:11:22:33:44:66","","","","workstations;site-seattlemain","Bulk","Bulk host volume, mapped from the AD provider (Workstation)"
"sea-eng-engine-103","Workstation for Engineer Cliff Diddier","Windows 11 Pro for Workstations","Dell Precision 5570","Seattle - Engineering","","workstation","00:11:22:33:44:67","","","","workstations;site-seattleengineering","Bulk","Bulk host volume, mapped from the AD provider (Workstation)"
"sea-eng-engine-104","Workstation for Engineer Chen Yang","Windows 11 Pro for Workstations","Dell Precision 5570","Seattle - Engineering","","workstation","00:11:22:33:44:68","","","","workstations;site-seattleengineering","Bulk","Bulk host volume, mapped from the AD provider (Workstation)"
"sea-eng-engine-105","Workstation for Engineer Bernard Tham","Windows 11 Pro for Workstations","Dell Precision 5570","Seattle - Engineering","","workstation","00:11:22:33:44:69","","","","workstations;site-seattleengineering","Bulk","Bulk host volume, mapped from the AD provider (Workstation)"
"sea-eng-engine-106","Workstation for Engineer Ari Suominen","Windows 11 Pro for Workstations","Dell Precision 5570","Seattle - Engineering","","workstation","00:11:22:33:44:6A","","","","workstations;site-seattleengineering","Bulk","Bulk host volume, mapped from the AD provider (Workstation)"
"sea-creati-107","Workstation for Engineer Anu Deshpande","Windows 11 Pro","Dell OptiPlex 3090","Seattle - Main","","workstation","00:11:22:33:44:6B","","","","workstations;site-seattlemain","Bulk","Bulk host volume, mapped from the AD provider (Workstation)"
"sea-eng-engine-108","Workstation for Engineer Allan Guinot","Windows 11 Pro for Workstations","Dell Precision 5570","Seattle - Engineering","","workstation","00:11:22:33:44:6C","","","","workstations;site-seattleengineering","Bulk","Bulk host volume, mapped from the AD provider (Workstation)"
"lon-crmstr-109","Workstation for CRM Consultant Toby Nixon","Windows 11 Pro","Dell OptiPlex 3090","London - International","","workstation","00:11:22:33:44:6D","","","","workstations;site-londoninternational","Bulk","Bulk host volume, mapped from the AD provider (Workstation)"
"lon-crmstr-110","Workstation for CRM Consultant Tad Orman","Windows 11 Pro","Dell OptiPlex 3090","London - International","","workstation","00:11:22:33:44:6E","","","","workstations;site-londoninternational","Bulk","Bulk host volume, mapped from the AD provider (Workstation)"
"lon-crmstr-111","Workstation for CRM Consultant Jeff Williams","Windows 11 Pro","Dell OptiPlex 3090","London - International","","workstation","00:11:22:33:44:6F","","","","workstations;site-londoninternational","Bulk","Bulk host volume, mapped from the AD provider (Workstation)"
"nyc-strate-112","Workstation for Strategy Consultant Frank Miller","Windows 11 Pro","Dell Latitude 5530","New York - Strategy","","workstation","00:11:22:33:44:70","","","","workstations;site-newyorkstrategy","Bulk","Bulk host volume, mapped from the AD provider (Workstation)"
"nyc-strate-113","Workstation for Strategy Consultant William Vong","Windows 11 Pro","Dell Latitude 5530","New York - Strategy","","workstation","00:11:22:33:44:71","","","","workstations;site-newyorkstrategy","Bulk","Bulk host volume, mapped from the AD provider (Workstation)"
"nyc-strate-114","Workstation for Strategy Consultant Sameer Tejani","Windows 11 Pro","Dell Latitude 5530","New York - Strategy","","workstation","00:11:22:33:44:72","","","","workstations;site-newyorkstrategy","Bulk","Bulk host volume, mapped from the AD provider (Workstation)"
"sea-strate-115","Workstation for Strategy Consultant Jon Jaffe","Windows 11 Pro","Dell Latitude 5530","Seattle - Main","","workstation","00:11:22:33:44:73","","","","workstations;site-seattlemain","Bulk","Bulk host volume, mapped from the AD provider (Workstation)"
"nyc-strate-116","Workstation for Strategy Consultant Mike Ray","Windows 11 Pro","Dell Latitude 5530","New York - Strategy","","workstation","00:11:22:33:44:74","","","","workstations;site-newyorkstrategy","Bulk","Bulk host volume, mapped from the AD provider (Workstation)"
"sea-conten-117","Workstation for Content Management Consultant Robert O'Hara","Windows 11 Pro","Dell OptiPlex 3090","Seattle - Main","","workstation","00:11:22:33:44:75","","","","workstations;site-seattlemain","Bulk","Bulk host volume, mapped from the AD provider (Workstation)"
"sea-strate-118","Workstation for Strategy Consultant Lisa Miller","Windows 11 Pro","Dell Latitude 5530","Seattle - Main","","workstation","00:11:22:33:44:76","","","","workstations;site-seattlemain","Bulk","Bulk host volume, mapped from the AD provider (Workstation)"
"lon-crmstr-119","Workstation for CRM Consultant Jason Carlson","Windows 11 Pro","Dell OptiPlex 3090","London - International","","workstation","00:11:22:33:44:77","","","","workstations;site-londoninternational","Bulk","Bulk host volume, mapped from the AD provider (Workstation)"
"sea-strate-120","Workstation for Strategy Consultant Jim Corbin","Windows 11 Pro","Dell Latitude 5530","Seattle - Main","","workstation","00:11:22:33:44:78","","","","workstations;site-seattlemain","Bulk","Bulk host volume, mapped from the AD provider (Workstation)"
"sea-strate-121","Workstation for Strategy Consultant Jesus Escolar","Windows 11 Pro","Dell Latitude 5530","Seattle - Main","","workstation","00:11:22:33:44:79","","","","workstations;site-seattlemain","Bulk","Bulk host volume, mapped from the AD provider (Workstation)"
"sea-strate-122","Workstation for Strategy Consultant Idan Rubin","Windows 11 Pro","Dell Latitude 5530","Seattle - Main","","workstation","00:11:22:33:44:7A","","","","workstations;site-seattlemain","Bulk","Bulk host volume, mapped from the AD provider (Workstation)"
"sea-strate-123","Workstation for Strategy Consultant Don Hall","Windows 11 Pro","Dell Latitude 5530","Seattle - Main","","workstation","00:11:22:33:44:7B","","","","workstations;site-seattlemain","Bulk","Bulk host volume, mapped from the AD provider (Workstation)"
"sea-strate-124","Workstation for Strategy Consultant Blaine Dockter","Windows 11 Pro","Dell Latitude 5530","Seattle - Main","","workstation","00:11:22:33:44:7C","","","","workstations;site-seattlemain","Bulk","Bulk host volume, mapped from the AD provider (Workstation)"
"sea-strate-125","Workstation for Strategy Consultant Anne Weiler","Windows 11 Pro","Dell Latitude 5530","Seattle - Main","","workstation","00:11:22:33:44:7D","","","","workstations;site-seattlemain","Bulk","Bulk host volume, mapped from the AD provider (Workstation)"
"sea-strate-126","Workstation for Strategy Consultant Allison Brown","Windows 11 Pro","Dell Latitude 5530","Seattle - Main","","workstation","00:11:22:33:44:7E","","","","workstations;site-seattlemain","Bulk","Bulk host volume, mapped from the AD provider (Workstation)"
"sea-eng-engine-127","Workstation for Engineer Valery Ushakov","Windows 11 Pro for Workstations","Dell Precision 5570","Seattle - Engineering","","workstation","00:11:22:33:44:7F","","","","workstations;site-seattleengineering","Bulk","Bulk host volume, mapped from the AD provider (Workstation)"
"lon-crmstr-128","Workstation for CRM Consultant Tosh Meston","Windows 11 Pro","Dell OptiPlex 3090","London - International","","workstation","00:11:22:33:44:80","","","","workstations;site-londoninternational","Bulk","Bulk host volume, mapped from the AD provider (Workstation)"
"sea-conten-129","Workstation for Content Management Consultant Sanjay Patel","Windows 11 Pro","Dell OptiPlex 3090","Seattle - Main","","workstation","00:11:22:33:44:81","","","","workstations;site-seattlemain","Bulk","Bulk host volume, mapped from the AD provider (Workstation)"
"nyc-strate-130","Workstation for Strategy Consultant Roland Wacker","Windows 11 Pro","Dell Latitude 5530","New York - Strategy","","workstation","00:11:22:33:44:82","","","","workstations;site-newyorkstrategy","Bulk","Bulk host volume, mapped from the AD provider (Workstation)"
"sea-contrc-131","Workstation for Project Manager David Derwin","Windows 11 Pro","Dell Latitude 5420","Seattle - Main","","workstation","00:11:22:33:44:83","","","","workstations;site-seattlemain","Bulk","Bulk host volume, mapped from the AD provider (Workstation)"
"laptop-131","Executive laptop for David Derwin","Windows 11 Pro","Dell Latitude 9330","Seattle - Main","","workstation","00:11:22:33:EE:83","","","","workstations;site-seattlemain","Bulk","Bulk host volume, mapped from the AD provider (Workstation)"
"sea-strate-132","Workstation for Strategy Consultant John Yokum","Windows 11 Pro","Dell Latitude 5530","Seattle - Main","","workstation","00:11:22:33:44:84","","","","workstations;site-seattlemain","Bulk","Bulk host volume, mapped from the AD provider (Workstation)"
"sea-contrc-133","Workstation for Project Manager Scott Rockfield","Windows 11 Pro","Dell Latitude 5420","Seattle - Main","","workstation","00:11:22:33:44:85","","","","workstations;site-seattlemain","Bulk","Bulk host volume, mapped from the AD provider (Workstation)"
"laptop-133","Executive laptop for Scott Rockfield","Windows 11 Pro","Dell Latitude 9330","Seattle - Main","","workstation","00:11:22:33:EE:85","","","","workstations;site-seattlemain","Bulk","Bulk host volume, mapped from the AD provider (Workstation)"
"sea-contrc-134","Workstation for Project Manager Humberto Acevedo","Windows 11 Pro","Dell Latitude 5420","Seattle - Main","","workstation","00:11:22:33:44:86","","","","workstations;site-seattlemain","Bulk","Bulk host volume, mapped from the AD provider (Workstation)"
"laptop-134","Executive laptop for Humberto Acevedo","Windows 11 Pro","Dell Latitude 9330","Seattle - Main","","workstation","00:11:22:33:EE:86","","","","workstations;site-seattlemain","Bulk","Bulk host volume, mapped from the AD provider (Workstation)"
"sea-contrc-135","Workstation for Project Manager David So","Windows 11 Pro","Dell Latitude 5420","Seattle - Main","","workstation","00:11:22:33:44:87","","","","workstations;site-seattlemain","Bulk","Bulk host volume, mapped from the AD provider (Workstation)"
"laptop-135","Executive laptop for David So","Windows 11 Pro","Dell Latitude 9330","Seattle - Main","","workstation","00:11:22:33:EE:87","","","","workstations;site-seattlemain","Bulk","Bulk host volume, mapped from the AD provider (Workstation)"
"sea-contrc-136","Workstation for Project Manager Anders Madsen","Windows 11 Pro","Dell Latitude 5420","Seattle - Main","","workstation","00:11:22:33:44:88","","","","workstations;site-seattlemain","Bulk","Bulk host volume, mapped from the AD provider (Workstation)"
"laptop-136","Executive laptop for Anders Madsen","Windows 11 Pro","Dell Latitude 9330","Seattle - Main","","workstation","00:11:22:33:EE:88","","","","workstations;site-seattlemain","Bulk","Bulk host volume, mapped from the AD provider (Workstation)"
"sea-contrc-137","Workstation for Project Manager Alexandre Silva","Windows 11 Pro","Dell Latitude 5420","Seattle - Main","","workstation","00:11:22:33:44:89","","","","workstations;site-seattlemain","Bulk","Bulk host volume, mapped from the AD provider (Workstation)"
"laptop-137","Executive laptop for Alexandre Silva","Windows 11 Pro","Dell Latitude 9330","Seattle - Main","","workstation","00:11:22:33:EE:89","","","","workstations;site-seattlemain","Bulk","Bulk host volume, mapped from the AD provider (Workstation)"
"sea-contrc-138","Workstation for Project Manager Stuart Munson","Windows 11 Pro","Dell Latitude 5420","Seattle - Main","","workstation","00:11:22:33:44:8A","","","","workstations;site-seattlemain","Bulk","Bulk host volume, mapped from the AD provider (Workstation)"
"laptop-138","Executive laptop for Stuart Munson","Windows 11 Pro","Dell Latitude 9330","Seattle - Main","","workstation","00:11:22:33:EE:8A","","","","workstations;site-seattlemain","Bulk","Bulk host volume, mapped from the AD provider (Workstation)"
"sea-contrc-139","Workstation for Project Manager Qiong Wu","Windows 11 Pro","Dell Latitude 5420","Seattle - Main","","workstation","00:11:22:33:44:8B","","","","workstations;site-seattlemain","Bulk","Bulk host volume, mapped from the AD provider (Workstation)"
"laptop-139","Executive laptop for Qiong Wu","Windows 11 Pro","Dell Latitude 9330","Seattle - Main","","workstation","00:11:22:33:EE:8B","","","","workstations;site-seattlemain","Bulk","Bulk host volume, mapped from the AD provider (Workstation)"
"sea-contrc-140","Workstation for Project Manager Michiko Osada","Windows 11 Pro","Dell Latitude 5420","Seattle - Main","","workstation","00:11:22:33:44:8C","","","","workstations;site-seattlemain","Bulk","Bulk host volume, mapped from the AD provider (Workstation)"
"laptop-140","Executive laptop for Michiko Osada","Windows 11 Pro","Dell Latitude 9330","Seattle - Main","","workstation","00:11:22:33:EE:8C","","","","workstations;site-seattlemain","Bulk","Bulk host volume, mapped from the AD provider (Workstation)"
"sea-contrc-141","Workstation for Project Manager Michael Zeman","Windows 11 Pro","Dell Latitude 5420","Seattle - Main","","workstation","00:11:22:33:44:8D","","","","workstations;site-seattlemain","Bulk","Bulk host volume, mapped from the AD provider (Workstation)"
"laptop-141","Executive laptop for Michael Zeman","Windows 11 Pro","Dell Latitude 9330","Seattle - Main","","workstation","00:11:22:33:EE:8D","","","","workstations;site-seattlemain","Bulk","Bulk host volume, mapped from the AD provider (Workstation)"
"sea-contrc-142","Workstation for Project Manager Maurice Taylor","Windows 11 Pro","Dell Latitude 5420","Seattle - Main","","workstation","00:11:22:33:44:8E","","","","workstations;site-seattlemain","Bulk","Bulk host volume, mapped from the AD provider (Workstation)"
"laptop-142","Executive laptop for Maurice Taylor","Windows 11 Pro","Dell Latitude 9330","Seattle - Main","","workstation","00:11:22:33:EE:8E","","","","workstations;site-seattlemain","Bulk","Bulk host volume, mapped from the AD provider (Workstation)"
"sea-contrc-143","Workstation for Project Manager Guido Pica","Windows 11 Pro","Dell Latitude 5420","Seattle - Main","","workstation","00:11:22:33:44:8F","","","","workstations;site-seattlemain","Bulk","Bulk host volume, mapped from the AD provider (Workstation)"
"laptop-143","Executive laptop for Guido Pica","Windows 11 Pro","Dell Latitude 9330","Seattle - Main","","workstation","00:11:22:33:EE:8F","","","","workstations;site-seattlemain","Bulk","Bulk host volume, mapped from the AD provider (Workstation)"
"sea-contrc-144","Workstation for Project Manager Jessica Arnold","Windows 11 Pro","Dell Latitude 5420","Seattle - Main","","workstation","00:11:22:33:44:90","","","","workstations;site-seattlemain","Bulk","Bulk host volume, mapped from the AD provider (Workstation)"
"laptop-144","Executive laptop for Jessica Arnold","Windows 11 Pro","Dell Latitude 9330","Seattle - Main","","workstation","00:11:22:33:EE:90","","","","workstations;site-seattlemain","Bulk","Bulk host volume, mapped from the AD provider (Workstation)"
"sea-fin-accoun-145","Workstation for Accountant Chase Carpenter","Windows 11 Pro","Dell OptiPlex 5090","Seattle - Finance","","workstation","00:11:22:33:44:91","","","","workstations;site-seattlefinance","Bulk","Bulk host volume, mapped from the AD provider (Workstation)"
"sea-contrc-146","Workstation for Strategy Consultant Terrence Phillip","Windows 11 Pro","Dell Latitude 5420","Seattle - Main","","workstation","00:11:22:33:44:92","","","","workstations;site-seattlemain","Bulk","Bulk host volume, mapped from the AD provider (Workstation)"
"sea-contrc-147","Workstation for Strategy Consultant Hugo Garcia","Windows 11 Pro","Dell Latitude 5420","Seattle - Main","","workstation","00:11:22:33:44:93","","","","workstations;site-seattlemain","Bulk","Bulk host volume, mapped from the AD provider (Workstation)"
"sea-contrc-148","Workstation for Strategy Consultant Jeremy Los","Windows 11 Pro","Dell Latitude 5420","Seattle - Main","","workstation","00:11:22:33:44:94","","","","workstations;site-seattlemain","Bulk","Bulk host volume, mapped from the AD provider (Workstation)"
"sea-contrc-149","Workstation for Strategy Consultant John Ganio","Windows 11 Pro","Dell Latitude 5420","Seattle - Main","","workstation","00:11:22:33:44:95","","","","workstations;site-seattlemain","Bulk","Bulk host volume, mapped from the AD provider (Workstation)"
"sea-contrc-150","Workstation for Strategy Consultant Lina Abola","Windows 11 Pro","Dell Latitude 5420","Seattle - Main","","workstation","00:11:22:33:44:96","","","","workstations;site-seattlemain","Bulk","Bulk host volume, mapped from the AD provider (Workstation)"
"sea-contrc-151","Workstation for Strategy Consultant Mark Hanson","Windows 11 Pro","Dell Latitude 5420","Seattle - Main","","workstation","00:11:22:33:44:97","","","","workstations;site-seattlemain","Bulk","Bulk host volume, mapped from the AD provider (Workstation)"
"sea-contrc-152","Workstation for Project Manager Jaka Stele","Windows 11 Pro","Dell Latitude 5420","Seattle - Main","","workstation","00:11:22:33:44:98","","","","workstations;site-seattlemain","Bulk","Bulk host volume, mapped from the AD provider (Workstation)"
"laptop-152","Executive laptop for Jaka Stele","Windows 11 Pro","Dell Latitude 9330","Seattle - Main","","workstation","00:11:22:33:EE:98","","","","workstations;site-seattlemain","Bulk","Bulk host volume, mapped from the AD provider (Workstation)"
"sea-contrc-153","Workstation for Strategy Consultant Steven Wright","Windows 11 Pro","Dell Latitude 5420","Seattle - Main","","workstation","00:11:22:33:44:99","","","","workstations;site-seattlemain","Bulk","Bulk host volume, mapped from the AD provider (Workstation)"
"sea-contrc-154","Workstation for Project Manager Dough Mahugh","Windows 11 Pro","Dell Latitude 5420","Seattle - Main","","workstation","00:11:22:33:44:9A","","","","workstations;site-seattlemain","Bulk","Bulk host volume, mapped from the AD provider (Workstation)"
"laptop-154","Executive laptop for Dough Mahugh","Windows 11 Pro","Dell Latitude 9330","Seattle - Main","","workstation","00:11:22:33:EE:9A","","","","workstations;site-seattlemain","Bulk","Bulk host volume, mapped from the AD provider (Workstation)"
"sea-contrc-155","Workstation for Project Manager Andrea Dunker","Windows 11 Pro","Dell Latitude 5420","Seattle - Main","","workstation","00:11:22:33:44:9B","","","","workstations;site-seattlemain","Bulk","Bulk host volume, mapped from the AD provider (Workstation)"
"laptop-155","Executive laptop for Andrea Dunker","Windows 11 Pro","Dell Latitude 9330","Seattle - Main","","workstation","00:11:22:33:EE:9B","","","","workstations;site-seattlemain","Bulk","Bulk host volume, mapped from the AD provider (Workstation)"
"sea-contrc-156","Workstation for Project Manager Carlos Grilo","Windows 11 Pro","Dell Latitude 5420","Seattle - Main","","workstation","00:11:22:33:44:9C","","","","workstations;site-seattlemain","Bulk","Bulk host volume, mapped from the AD provider (Workstation)"
"laptop-156","Executive laptop for Carlos Grilo","Windows 11 Pro","Dell Latitude 9330","Seattle - Main","","workstation","00:11:22:33:EE:9C","","","","workstations;site-seattlemain","Bulk","Bulk host volume, mapped from the AD provider (Workstation)"
"sea-contrc-157","Workstation for Project Manager Chris McGurk","Windows 11 Pro","Dell Latitude 5420","Seattle - Main","","workstation","00:11:22:33:44:9D","","","","workstations;site-seattlemain","Bulk","Bulk host volume, mapped from the AD provider (Workstation)"
"laptop-157","Executive laptop for Chris McGurk","Windows 11 Pro","Dell Latitude 9330","Seattle - Main","","workstation","00:11:22:33:EE:9D","","","","workstations;site-seattlemain","Bulk","Bulk host volume, mapped from the AD provider (Workstation)"
"sea-contrc-158","Workstation for Project Manager Dan Bacon","Windows 11 Pro","Dell Latitude 5420","Seattle - Main","","workstation","00:11:22:33:44:9E","","","","workstations;site-seattlemain","Bulk","Bulk host volume, mapped from the AD provider (Workstation)"
"laptop-158","Executive laptop for Dan Bacon","Windows 11 Pro","Dell Latitude 9330","Seattle - Main","","workstation","00:11:22:33:EE:9E","","","","workstations;site-seattlemain","Bulk","Bulk host volume, mapped from the AD provider (Workstation)"
"sea-contrc-159","Workstation for Project Manager Daniel Durrer","Windows 11 Pro","Dell Latitude 5420","Seattle - Main","","workstation","00:11:22:33:44:9F","","","","workstations;site-seattlemain","Bulk","Bulk host volume, mapped from the AD provider (Workstation)"
"laptop-159","Executive laptop for Daniel Durrer","Windows 11 Pro","Dell Latitude 9330","Seattle - Main","","workstation","00:11:22:33:EE:9F","","","","workstations;site-seattlemain","Bulk","Bulk host volume, mapped from the AD provider (Workstation)"
"sea-fin-accoun-160","Workstation for Accountant James Wittrell","Windows 11 Pro","Dell OptiPlex 5090","Seattle - Finance","","workstation","00:11:22:33:44:A0","","","","workstations;site-seattlefinance","Bulk","Bulk host volume, mapped from the AD provider (Workstation)"
"sea-contrc-161","Workstation for Strategy Consultant Scott MacDonald","Windows 11 Pro","Dell Latitude 5420","Seattle - Main","","workstation","00:11:22:33:44:A1","","","","workstations;site-seattlemain","Bulk","Bulk host volume, mapped from the AD provider (Workstation)"
"sea-strate-162","Workstation for Strategy Consultant Renee Lo","Windows 11 Pro","Dell Latitude 5530","Seattle - Main","","workstation","00:11:22:33:44:A2","","","","workstations;site-seattlemain","Bulk","Bulk host volume, mapped from the AD provider (Workstation)"
"nyc-conten-163","Workstation for Content Management Consultant Cari Drummelle","Windows 11 Pro","Dell OptiPlex 3090","New York - Strategy","","workstation","00:11:22:33:44:A3","","","","workstations;site-newyorkstrategy","Bulk","Bulk host volume, mapped from the AD provider (Workstation)"
"sea-conten-164","Workstation for Content Management Consultant Alfons Parovszky","Windows 11 Pro","Dell OptiPlex 3090","Seattle - Main","","workstation","00:11:22:33:44:A4","","","","workstations;site-seattlemain","Bulk","Bulk host volume, mapped from the AD provider (Workstation)"
"sea-conten-165","Workstation for Content Management Consultant Matt Hink","Windows 11 Pro","Dell OptiPlex 3090","Seattle - Main","","workstation","00:11:22:33:44:A5","","","","workstations;site-seattlemain","Bulk","Bulk host volume, mapped from the AD provider (Workstation)"
"lon-crmstr-166","Workstation for CRM Consultant Lorraine Nay","Windows 11 Pro","Dell OptiPlex 3090","London - International","","workstation","00:11:22:33:44:A6","","","","workstations;site-londoninternational","Bulk","Bulk host volume, mapped from the AD provider (Workstation)"
"sea-strate-167","Workstation for Strategy Consultant Iben Thorell","Windows 11 Pro","Dell Latitude 5530","Seattle - Main","","workstation","00:11:22:33:44:A7","","","","workstations;site-seattlemain","Bulk","Bulk host volume, mapped from the AD provider (Workstation)"
"sea-conten-168","Workstation for Business Process Manager Magnus Hedlund","Windows 11 Pro","Dell OptiPlex 3090","Seattle - Main","","workstation","00:11:22:33:44:A8","","","","workstations;site-seattlemain","Bulk","Bulk host volume, mapped from the AD provider (Workstation)"
"laptop-168","Executive laptop for Magnus Hedlund","Windows 11 Pro","Dell Latitude 9330","Seattle - Main","","workstation","00:11:22:33:EE:A8","","","","workstations;site-seattlemain","Bulk","Bulk host volume, mapped from the AD provider (Workstation)"
"sea-conten-169","Workstation for Content Management Consultant Erik Andersen","Windows 11 Pro","Dell OptiPlex 3090","Seattle - Main","","workstation","00:11:22:33:44:A9","","","","workstations;site-seattlemain","Bulk","Bulk host volume, mapped from the AD provider (Workstation)"
"sea-eng-engine-170","Workstation for Engineer Corinna Bolender","Windows 11 Pro for Workstations","Dell Precision 5570","Seattle - Engineering","","workstation","00:11:22:33:44:AA","","","","workstations;site-seattleengineering","Bulk","Bulk host volume, mapped from the AD provider (Workstation)"
"sea-strate-171","Workstation for Strategy Consultant Trey Pratt","Windows 11 Pro","Dell Latitude 5530","Seattle - Main","","workstation","00:11:22:33:44:AB","","","","workstations;site-seattlemain","Bulk","Bulk host volume, mapped from the AD provider (Workstation)"
"sea-sales-172","Workstation for Salesperson John Kane","Windows 11 Pro","Dell OptiPlex 5090","Dallas - South","","workstation","00:11:22:33:44:AC","","","","workstations;site-dallassouth","Bulk","Bulk host volume, mapped from the AD provider (Workstation)"
"sea-strate-173","Workstation for Strategy Consultant Parna Khot","Windows 11 Pro","Dell Latitude 5530","Seattle - Main","","workstation","00:11:22:33:44:AD","","","","workstations;site-seattlemain","Bulk","Bulk host volume, mapped from the AD provider (Workstation)"
"sea-strate-174","Workstation for Strategy Consultant Kim Ralls","Windows 11 Pro","Dell Latitude 5530","Seattle - Main","","workstation","00:11:22:33:44:AE","","","","workstations;site-seattlemain","Bulk","Bulk host volume, mapped from the AD provider (Workstation)"
"sea-strate-175","Workstation for Strategy Consultant Jan Kotas","Windows 11 Pro","Dell Latitude 5530","Seattle - Main","","workstation","00:11:22:33:44:AF","","","","workstations;site-seattlemain","Bulk","Bulk host volume, mapped from the AD provider (Workstation)"
"sea-contrc-176","Workstation for Project Manager Thomas Hamborg","Windows 11 Pro","Dell Latitude 5420","Seattle - Main","","workstation","00:11:22:33:44:B0","","","","workstations;site-seattlemain","Bulk","Bulk host volume, mapped from the AD provider (Workstation)"
"laptop-176","Executive laptop for Thomas Hamborg","Windows 11 Pro","Dell Latitude 9330","Seattle - Main","","workstation","00:11:22:33:EE:B0","","","","workstations;site-seattlemain","Bulk","Bulk host volume, mapped from the AD provider (Workstation)"
"sea-strate-177","Workstation for Strategy Consultant Lolan Song","Windows 11 Pro","Dell Latitude 5530","Seattle - Main","","workstation","00:11:22:33:44:B1","","","","workstations;site-seattlemain","Bulk","Bulk host volume, mapped from the AD provider (Workstation)"
"sea-fin-accoun-178","Workstation for Accounting Manager Lars Hansson","Windows 11 Pro","Dell OptiPlex 5090","Seattle - Finance","","workstation","00:11:22:33:44:B2","","","","workstations;site-seattlefinance","Bulk","Bulk host volume, mapped from the AD provider (Workstation)"
"laptop-178","Executive laptop for Lars Hansson","Windows 11 Pro","Dell Latitude 9330","Seattle - Finance","","workstation","00:11:22:33:EE:B2","","","","workstations;site-seattlefinance","Bulk","Bulk host volume, mapped from the AD provider (Workstation)"
"sea-fin-accoun-179","Workstation for Accountant Jill Frank","Windows 11 Pro","Dell OptiPlex 5090","Seattle - Finance","","workstation","00:11:22:33:44:B3","","","","workstations;site-seattlefinance","Bulk","Bulk host volume, mapped from the AD provider (Workstation)"
"sea-fin-accoun-180","Workstation for Accountant Joel Lachance","Windows 11 Pro","Dell OptiPlex 5090","Seattle - Finance","","workstation","00:11:22:33:44:B4","","","","workstations;site-seattlefinance","Bulk","Bulk host volume, mapped from the AD provider (Workstation)"
"sea-strate-181","Workstation for Strategy Consultant John John","Windows 11 Pro","Dell Latitude 5530","Seattle - Main","","workstation","00:11:22:33:44:B5","","","","workstations;site-seattlemain","Bulk","Bulk host volume, mapped from the AD provider (Workstation)"
"sea-strate-182","Workstation for Strategy Consultant Jun Cao","Windows 11 Pro","Dell Latitude 5530","Seattle - Main","","workstation","00:11:22:33:44:B6","","","","workstations;site-seattlemain","Bulk","Bulk host volume, mapped from the AD provider (Workstation)"
"sea-strate-183","Workstation for Strategy Consultant Tony Wang","Windows 11 Pro","Dell Latitude 5530","Seattle - Main","","workstation","00:11:22:33:44:B7","","","","workstations;site-seattlemain","Bulk","Bulk host volume, mapped from the AD provider (Workstation)"
"sea-strate-184","Workstation for Strategy Consultant Kenneth Cools","Windows 11 Pro","Dell Latitude 5530","Seattle - Main","","workstation","00:11:22:33:44:B8","","","","workstations;site-seattlemain","Bulk","Bulk host volume, mapped from the AD provider (Workstation)"
"sea-strate-185","Workstation for Strategy Consultant Steve Masters","Windows 11 Pro","Dell Latitude 5530","Seattle - Main","","workstation","00:11:22:33:44:B9","","","","workstations;site-seattlemain","Bulk","Bulk host volume, mapped from the AD provider (Workstation)"
"sea-strate-186","Workstation for Strategy Consultant Lubor Kollar","Windows 11 Pro","Dell Latitude 5530","Seattle - Main","","workstation","00:11:22:33:44:BA","","","","workstations;site-seattlemain","Bulk","Bulk host volume, mapped from the AD provider (Workstation)"
"sea-strate-187","Workstation for Strategy Consultant Michael Ludwig","Windows 11 Pro","Dell Latitude 5530","Seattle - Main","","workstation","00:11:22:33:44:BB","","","","workstations;site-seattlemain","Bulk","Bulk host volume, mapped from the AD provider (Workstation)"
"sea-strate-188","Workstation for Strategy Consultant Michael Lund","Windows 11 Pro","Dell Latitude 5530","Seattle - Main","","workstation","00:11:22:33:44:BC","","","","workstations;site-seattlemain","Bulk","Bulk host volume, mapped from the AD provider (Workstation)"
"sea-strate-189","Workstation for Strategy Consultant Michael Sullivan","Windows 11 Pro","Dell Latitude 5530","Seattle - Main","","workstation","00:11:22:33:44:BD","","","","workstations;site-seattlemain","Bulk","Bulk host volume, mapped from the AD provider (Workstation)"
"sea-strate-190","Workstation for Strategy Consultant Ray Chow","Windows 11 Pro","Dell Latitude 5530","Seattle - Main","","workstation","00:11:22:33:44:BE","","","","workstations;site-seattlemain","Bulk","Bulk host volume, mapped from the AD provider (Workstation)"
"nyc-conten-191","Workstation for Content Management Consultant Diane Glimp","Windows 11 Pro","Dell OptiPlex 3090","New York - Strategy","","workstation","00:11:22:33:44:BF","","","","workstations;site-newyorkstrategy","Bulk","Bulk host volume, mapped from the AD provider (Workstation)"
"sea-strate-192","Workstation for Strategy Consultant Ken Malcolmson","Windows 11 Pro","Dell Latitude 5530","Seattle - Main","","workstation","00:11:22:33:44:C0","","","","workstations;site-seattlemain","Bulk","Bulk host volume, mapped from the AD provider (Workstation)"
"sea-projec-193","Workstation for Senior Project Manager Manueal Machado","Windows 11 Pro","Dell OptiPlex 5090","Seattle - Main","","workstation","00:11:22:33:44:C1","","","","workstations;site-seattlemain","Bulk","Bulk host volume, mapped from the AD provider (Workstation)"
"laptop-193","Executive laptop for Manueal Machado","Windows 11 Pro","Dell Latitude 9330","Seattle - Main","","workstation","00:11:22:33:EE:C1","","","","workstations;site-seattlemain","Bulk","Bulk host volume, mapped from the AD provider (Workstation)"
"sea-sales-194","Workstation for Salesperson Luca Dellamore","Windows 11 Pro","Dell OptiPlex 5090","Seattle - Main","","workstation","00:11:22:33:44:C2","","","","workstations;site-seattlemain","Bulk","Bulk host volume, mapped from the AD provider (Workstation)"
"sea-projec-195","Workstation for Project Manager Ivo Salmre","Windows 11 Pro","Dell OptiPlex 5090","Seattle - Main","","workstation","00:11:22:33:44:C3","","","","workstations;site-seattlemain","Bulk","Bulk host volume, mapped from the AD provider (Workstation)"
"laptop-195","Executive laptop for Ivo Salmre","Windows 11 Pro","Dell Latitude 9330","Seattle - Main","","workstation","00:11:22:33:EE:C3","","","","workstations;site-seattlemain","Bulk","Bulk host volume, mapped from the AD provider (Workstation)"
"lon-sales-196","Workstation for Salesperson Howard Gonzalez","Windows 11 Pro","Dell OptiPlex 5090","London - International","","workstation","00:11:22:33:44:C4","","","","workstations;site-londoninternational","Bulk","Bulk host volume, mapped from the AD provider (Workstation)"
"bos-sales-197","Workstation for Salesperson Elizabeth Andersen","Windows 11 Pro","Dell OptiPlex 5090","Boston - Northeast","","workstation","00:11:22:33:44:C5","","","","workstations;site-bostonnortheast","Bulk","Bulk host volume, mapped from the AD provider (Workstation)"
"sea-projec-198","Workstation for Project Manager Denis Dehenne","Windows 11 Pro","Dell OptiPlex 5090","Seattle - Main","","workstation","00:11:22:33:44:C6","","","","workstations;site-seattlemain","Bulk","Bulk host volume, mapped from the AD provider (Workstation)"
"laptop-198","Executive laptop for Denis Dehenne","Windows 11 Pro","Dell Latitude 9330","Seattle - Main","","workstation","00:11:22:33:EE:C6","","","","workstations;site-seattlemain","Bulk","Bulk host volume, mapped from the AD provider (Workstation)"
"atl-sales-199","Workstation for Salesperson David Wright","Windows 11 Pro","Dell OptiPlex 5090","Atlanta - Southeast","","workstation","00:11:22:33:44:C7","","","","workstations;site-atlantasoutheast","Bulk","Bulk host volume, mapped from the AD provider (Workstation)"
"sea-projec-200","Workstation for Project Manager Chris Barry","Windows 11 Pro","Dell OptiPlex 5090","Seattle - Main","","workstation","00:11:22:33:44:C8","","","","workstations;site-seattlemain","Bulk","Bulk host volume, mapped from the AD provider (Workstation)"
"laptop-200","Executive laptop for Chris Barry","Windows 11 Pro","Dell Latitude 9330","Seattle - Main","","workstation","00:11:22:33:EE:C8","","","","workstations;site-seattlemain","Bulk","Bulk host volume, mapped from the AD provider (Workstation)"
"sea-projec-201","Workstation for Project Manager Ayla Kol","Windows 11 Pro","Dell OptiPlex 5090","Seattle - Main","","workstation","00:11:22:33:44:C9","","","","workstations;site-seattlemain","Bulk","Bulk host volume, mapped from the AD provider (Workstation)"
"laptop-201","Executive laptop for Ayla Kol","Windows 11 Pro","Dell Latitude 9330","Seattle - Main","","workstation","00:11:22:33:EE:C9","","","","workstations;site-seattlemain","Bulk","Bulk host volume, mapped from the AD provider (Workstation)"
"sea-projec-202","Workstation for Project Manager Alisa Lawyer","Windows 11 Pro","Dell OptiPlex 5090","Seattle - Main","","workstation","00:11:22:33:44:CA","","","","workstations;site-seattlemain","Bulk","Bulk host volume, mapped from the AD provider (Workstation)"
"laptop-202","Executive laptop for Alisa Lawyer","Windows 11 Pro","Dell Latitude 9330","Seattle - Main","","workstation","00:11:22:33:EE:CA","","","","workstations;site-seattlemain","Bulk","Bulk host volume, mapped from the AD provider (Workstation)"
"sea-projec-203","Workstation for Senior Project Manager Simon Rapier","Windows 11 Pro","Dell OptiPlex 5090","Seattle - Main","","workstation","00:11:22:33:44:CB","","","","workstations;site-seattlemain","Bulk","Bulk host volume, mapped from the AD provider (Workstation)"
"laptop-203","Executive laptop for Simon Rapier","Windows 11 Pro","Dell Latitude 9330","Seattle - Main","","workstation","00:11:22:33:EE:CB","","","","workstations;site-seattlemain","Bulk","Bulk host volume, mapped from the AD provider (Workstation)"
"sea-projec-204","Workstation for Project Manager Rob Barker","Windows 11 Pro","Dell OptiPlex 5090","Seattle - Main","","workstation","00:11:22:33:44:CC","","","","workstations;site-seattlemain","Bulk","Bulk host volume, mapped from the AD provider (Workstation)"
"laptop-204","Executive laptop for Rob Barker","Windows 11 Pro","Dell Latitude 9330","Seattle - Main","","workstation","00:11:22:33:EE:CC","","","","workstations;site-seattlemain","Bulk","Bulk host volume, mapped from the AD provider (Workstation)"
"sea-sales-205","Workstation for Salesperson Hazem Abolrous","Windows 11 Pro","Dell OptiPlex 5090","Seattle - Main","","workstation","00:11:22:33:44:CD","","","","workstations;site-seattlemain","Bulk","Bulk host volume, mapped from the AD provider (Workstation)"
"sea-projec-206","Workstation for Project Manager Ned Friend","Windows 11 Pro","Dell OptiPlex 5090","Seattle - Main","","workstation","00:11:22:33:44:CE","","","","workstations;site-seattlemain","Bulk","Bulk host volume, mapped from the AD provider (Workstation)"
"laptop-206","Executive laptop for Ned Friend","Windows 11 Pro","Dell Latitude 9330","Seattle - Main","","workstation","00:11:22:33:EE:CE","","","","workstations;site-seattlemain","Bulk","Bulk host volume, mapped from the AD provider (Workstation)"
"sea-projec-207","Workstation for Project Manager Richard Tupy","Windows 11 Pro","Dell OptiPlex 5090","Seattle - Main","","workstation","00:11:22:33:44:CF","","","","workstations;site-seattlemain","Bulk","Bulk host volume, mapped from the AD provider (Workstation)"
"laptop-207","Executive laptop for Richard Tupy","Windows 11 Pro","Dell Latitude 9330","Seattle - Main","","workstation","00:11:22:33:EE:CF","","","","workstations;site-seattlemain","Bulk","Bulk host volume, mapped from the AD provider (Workstation)"
"sea-projec-208","Workstation for Project Manager Don Funk","Windows 11 Pro","Dell OptiPlex 5090","Seattle - Main","","workstation","00:11:22:33:44:D0","","","","workstations;site-seattlemain","Bulk","Bulk host volume, mapped from the AD provider (Workstation)"
"laptop-208","Executive laptop for Don Funk","Windows 11 Pro","Dell Latitude 9330","Seattle - Main","","workstation","00:11:22:33:EE:D0","","","","workstations;site-seattlemain","Bulk","Bulk host volume, mapped from the AD provider (Workstation)"
"sea-projec-209","Workstation for Project Manager Dave Natsuhara","Windows 11 Pro","Dell OptiPlex 5090","Seattle - Main","","workstation","00:11:22:33:44:D1","","","","workstations;site-seattlemain","Bulk","Bulk host volume, mapped from the AD provider (Workstation)"
"laptop-209","Executive laptop for Dave Natsuhara","Windows 11 Pro","Dell Latitude 9330","Seattle - Main","","workstation","00:11:22:33:EE:D1","","","","workstations;site-seattlemain","Bulk","Bulk host volume, mapped from the AD provider (Workstation)"
"sea-projec-210","Workstation for Project Manager Christian Rytt","Windows 11 Pro","Dell OptiPlex 5090","Seattle - Main","","workstation","00:11:22:33:44:D2","","","","workstations;site-seattlemain","Bulk","Bulk host volume, mapped from the AD provider (Workstation)"
"laptop-210","Executive laptop for Christian Rytt","Windows 11 Pro","Dell Latitude 9330","Seattle - Main","","workstation","00:11:22:33:EE:D2","","","","workstations;site-seattlemain","Bulk","Bulk host volume, mapped from the AD provider (Workstation)"
"sea-projec-211","Workstation for Business Process Manager Ted Bremer","Windows 11 Pro","Dell OptiPlex 5090","Seattle - Main","","workstation","00:11:22:33:44:D3","","","","workstations;site-seattlemain","Bulk","Bulk host volume, mapped from the AD provider (Workstation)"
"laptop-211","Executive laptop for Ted Bremer","Windows 11 Pro","Dell Latitude 9330","Seattle - Main","","workstation","00:11:22:33:EE:D3","","","","workstations;site-seattlemain","Bulk","Bulk host volume, mapped from the AD provider (Workstation)"
"sea-projec-212","Workstation for Business Process Manager Sean Purcell","Windows 11 Pro","Dell OptiPlex 5090","Seattle - Main","","workstation","00:11:22:33:44:D4","","","","workstations;site-seattlemain","Bulk","Bulk host volume, mapped from the AD provider (Workstation)"
"laptop-212","Executive laptop for Sean Purcell","Windows 11 Pro","Dell Latitude 9330","Seattle - Main","","workstation","00:11:22:33:EE:D4","","","","workstations;site-seattlemain","Bulk","Bulk host volume, mapped from the AD provider (Workstation)"
"sea-projec-213","Workstation for Senior Project Manager Ray Mohrman","Windows 11 Pro","Dell OptiPlex 5090","Seattle - Main","","workstation","00:11:22:33:44:D5","","","","workstations;site-seattlemain","Bulk","Bulk host volume, mapped from the AD provider (Workstation)"
"laptop-213","Executive laptop for Ray Mohrman","Windows 11 Pro","Dell Latitude 9330","Seattle - Main","","workstation","00:11:22:33:EE:D5","","","","workstations;site-seattlemain","Bulk","Bulk host volume, mapped from the AD provider (Workstation)"
"sea-projec-214","Workstation for Business Process Manager Mike Tiano","Windows 11 Pro","Dell OptiPlex 5090","Seattle - Main","","workstation","00:11:22:33:44:D6","","","","workstations;site-seattlemain","Bulk","Bulk host volume, mapped from the AD provider (Workstation)"
"laptop-214","Executive laptop for Mike Tiano","Windows 11 Pro","Dell Latitude 9330","Seattle - Main","","workstation","00:11:22:33:EE:D6","","","","workstations;site-seattlemain","Bulk","Bulk host volume, mapped from the AD provider (Workstation)"
"sea-projec-215","Workstation for Business Process Manager Margaret Au","Windows 11 Pro","Dell OptiPlex 5090","Seattle - Main","","workstation","00:11:22:33:44:D7","","","","workstations;site-seattlemain","Bulk","Bulk host volume, mapped from the AD provider (Workstation)"
"laptop-215","Executive laptop for Margaret Au","Windows 11 Pro","Dell Latitude 9330","Seattle - Main","","workstation","00:11:22:33:EE:D7","","","","workstations;site-seattlemain","Bulk","Bulk host volume, mapped from the AD provider (Workstation)"
"sea-projec-216","Workstation for Project Manager Jesper Aaberg","Windows 11 Pro","Dell OptiPlex 5090","Seattle - Main","","workstation","00:11:22:33:44:D8","","","","workstations;site-seattlemain","Bulk","Bulk host volume, mapped from the AD provider (Workstation)"
"laptop-216","Executive laptop for Jesper Aaberg","Windows 11 Pro","Dell Latitude 9330","Seattle - Main","","workstation","00:11:22:33:EE:D8","","","","workstations;site-seattlemain","Bulk","Bulk host volume, mapped from the AD provider (Workstation)"
"sea-projec-217","Workstation for Senior Project Manager Danni Ortman","Windows 11 Pro","Dell OptiPlex 5090","Seattle - Main","","workstation","00:11:22:33:44:D9","","","","workstations;site-seattlemain","Bulk","Bulk host volume, mapped from the AD provider (Workstation)"
"laptop-217","Executive laptop for Danni Ortman","Windows 11 Pro","Dell Latitude 9330","Seattle - Main","","workstation","00:11:22:33:EE:D9","","","","workstations;site-seattlemain","Bulk","Bulk host volume, mapped from the AD provider (Workstation)"
"sea-projec-218","Workstation for Senior Project Manager Andy Jacobs","Windows 11 Pro","Dell OptiPlex 5090","Seattle - Main","","workstation","00:11:22:33:44:DA","","","","workstations;site-seattlemain","Bulk","Bulk host volume, mapped from the AD provider (Workstation)"
"laptop-218","Executive laptop for Andy Jacobs","Windows 11 Pro","Dell Latitude 9330","Seattle - Main","","workstation","00:11:22:33:EE:DA","","","","workstations;site-seattlemain","Bulk","Bulk host volume, mapped from the AD provider (Workstation)"
"sea-operat-219","Workstation for Procurement Manager Mchiel Wories","Windows 11 Enterprise","Dell OptiPlex 7090","Seattle - Main","","workstation","00:11:22:33:44:DB","","","","workstations;site-seattlemain","Bulk","Bulk host volume, mapped from the AD provider (Workstation)"
"laptop-219","Executive laptop for Mchiel Wories","Windows 11 Enterprise","Dell Latitude 9330","Seattle - Main","","workstation","00:11:22:33:EE:DB","","","","workstations;site-seattlemain","Bulk","Bulk host volume, mapped from the AD provider (Workstation)"
"sea-projec-220","Workstation for Senior Project Manager Nuria Gonzalez","Windows 11 Pro","Dell OptiPlex 5090","Seattle - Main","","workstation","00:11:22:33:44:DC","","","","workstations;site-seattlemain","Bulk","Bulk host volume, mapped from the AD provider (Workstation)"
"laptop-220","Executive laptop for Nuria Gonzalez","Windows 11 Pro","Dell Latitude 9330","Seattle - Main","","workstation","00:11:22:33:EE:DC","","","","workstations;site-seattlemain","Bulk","Bulk host volume, mapped from the AD provider (Workstation)"
"rem-salese-221","Workstation for Salesperson Ty Carlson","Windows 11 Pro","Dell OptiPlex 3090","Remote - Field Sales","","workstation","00:11:22:33:44:DD","","","","workstations;site-remotefieldsales","Bulk","Bulk host volume, mapped from the AD provider (Workstation)"
"sea-senior-222","Workstation for Director of Client Services Cassie Hicks","Windows 11 Enterprise","Dell OptiPlex 7090","Seattle - Main","","workstation","00:11:22:33:44:DE","","","","workstations;site-seattlemain","Bulk","Bulk host volume, mapped from the AD provider (Workstation)"
"laptop-222","Executive laptop for Cassie Hicks","Windows 11 Enterprise","Dell Latitude 9330","Seattle - Main","","workstation","00:11:22:33:EE:DE","","","","workstations;site-seattlemain","Bulk","Bulk host volume, mapped from the AD provider (Workstation)"
"sea-senior-223","Workstation for Director of Affiliate Marketing and Partnerships Sean Chai","Windows 11 Enterprise","Dell OptiPlex 7090","Seattle - Main","","workstation","00:11:22:33:44:DF","","","","workstations;site-seattlemain","Bulk","Bulk host volume, mapped from the AD provider (Workstation)"
"laptop-223","Executive laptop for Sean Chai","Windows 11 Enterprise","Dell Latitude 9330","Seattle - Main","","workstation","00:11:22:33:EE:DF","","","","workstations;site-seattlemain","Bulk","Bulk host volume, mapped from the AD provider (Workstation)"
"sea-senior-224","Workstation for Sr. Media Planner Todd Rowe","Windows 11 Enterprise","Dell OptiPlex 7090","Seattle - Main","","workstation","00:11:22:33:44:E0","","","","workstations;site-seattlemain","Bulk","Bulk host volume, mapped from the AD provider (Workstation)"
"sea-cvpofi-225","Workstation for President of Services Tai Lee","Windows 11 Pro","Dell OptiPlex 3090","Seattle - Main","","workstation","00:11:22:33:44:E1","","","","workstations;site-seattlemain","Bulk","Bulk host volume, mapped from the AD provider (Workstation)"
"sea-senior-226","Workstation for President of Management Greg Winston","Windows 11 Enterprise","Dell OptiPlex 7090","Seattle - Main","","workstation","00:11:22:33:44:E2","","","","workstations;site-seattlemain","Bulk","Bulk host volume, mapped from the AD provider (Workstation)"
"sea-execut-227","Workstation for Chief of Technical Strategy Sanjay Shah","Windows 11 Enterprise","Dell OptiPlex 7090","Seattle - Main","","workstation","00:11:22:33:44:E3","","","","workstations;site-seattlemain","Bulk","Bulk host volume, mapped from the AD provider (Workstation)"
"sea-execut-228","Workstation for Chief of Partnerships and Strategy Toni Poe","Windows 11 Enterprise","Dell OptiPlex 7090","Seattle - Main","","workstation","00:11:22:33:44:E4","","","","workstations;site-seattlemain","Bulk","Bulk host volume, mapped from the AD provider (Workstation)"
"sea-execut-229","Workstation for CFO Jim Daly","Windows 11 Enterprise","Dell OptiPlex 7090","Seattle - Main","","workstation","00:11:22:33:44:E5","","","","workstations;site-seattlemain","Bulk","Bulk host volume, mapped from the AD provider (Workstation)"
"laptop-229","Executive laptop for Jim Daly","Windows 11 Enterprise","Dell Latitude 9330","Seattle - Main","","workstation","00:11:22:33:EE:E5","","","","workstations;site-seattlemain","Bulk","Bulk host volume, mapped from the AD provider (Workstation)"
"sea-salese-230","Workstation for Salesperson Tom Youtsey","Windows 11 Pro","Dell OptiPlex 3090","Seattle - Main","","workstation","00:11:22:33:44:E6","","","","workstations;site-seattlemain","Bulk","Bulk host volume, mapped from the AD provider (Workstation)"
"sea-salese-231","Workstation for Salesperson Kerim Hanif","Windows 11 Pro","Dell OptiPlex 3090","Seattle - Main","","workstation","00:11:22:33:44:E7","","","","workstations;site-seattlemain","Bulk","Bulk host volume, mapped from the AD provider (Workstation)"
"sea-salese-232","Workstation for Salesperson Jamie Reding","Windows 11 Pro","Dell OptiPlex 3090","Seattle - Main","","workstation","00:11:22:33:44:E8","","","","workstations;site-seattlemain","Bulk","Bulk host volume, mapped from the AD provider (Workstation)"
"sea-salese-233","Workstation for Salesperson Ye Xu","Windows 11 Pro","Dell OptiPlex 3090","Dallas - South","","workstation","00:11:22:33:44:E9","","","","workstations;site-dallassouth","Bulk","Bulk host volume, mapped from the AD provider (Workstation)"
"sea-sales-234","Workstation for Salesperson Marko Zajc","Windows 11 Pro","Dell OptiPlex 5090","Seattle - Main","","workstation","00:11:22:33:44:EA","","","","workstations;site-seattlemain","Bulk","Bulk host volume, mapped from the AD provider (Workstation)"
"sea-salese-235","Workstation for Salesperson Fabrice Canel","Windows 11 Pro","Dell OptiPlex 3090","Dallas - South","","workstation","00:11:22:33:44:EB","","","","workstations;site-dallassouth","Bulk","Bulk host volume, mapped from the AD provider (Workstation)"
"sea-sales-236","Workstation for Salesperson Pavel Simsa","Windows 11 Pro","Dell OptiPlex 5090","Seattle - Main","","workstation","00:11:22:33:44:EC","","","","workstations;site-seattlemain","Bulk","Bulk host volume, mapped from the AD provider (Workstation)"
"rem-salese-237","Workstation for Salesperson Vernette Price","Windows 11 Pro","Dell OptiPlex 3090","Remote - Field Sales","","workstation","00:11:22:33:44:ED","","","","workstations;site-remotefieldsales","Bulk","Bulk host volume, mapped from the AD provider (Workstation)"
"rem-salese-238","Workstation for Salesperson Nate Sun","Windows 11 Pro","Dell OptiPlex 3090","Remote - Field Sales","","workstation","00:11:22:33:44:EE","","","","workstations;site-remotefieldsales","Bulk","Bulk host volume, mapped from the AD provider (Workstation)"
"ric-salese-239","Workstation for Salesperson Tina Makovec","Windows 11 Pro","Dell OptiPlex 3090","Richmond - East","","workstation","00:11:22:33:44:EF","","","","workstations;site-richmondeast","Bulk","Bulk host volume, mapped from the AD provider (Workstation)"
"ric-salese-240","Workstation for Salesperson Neil Orint","Windows 11 Pro","Dell OptiPlex 3090","Richmond - East","","workstation","00:11:22:33:44:F0","","","","workstations;site-richmondeast","Bulk","Bulk host volume, mapped from the AD provider (Workstation)"
"ric-salese-241","Workstation for Salesperson Luka Abrus","Windows 11 Pro","Dell OptiPlex 3090","Richmond - East","","workstation","00:11:22:33:44:F1","","","","workstations;site-richmondeast","Bulk","Bulk host volume, mapped from the AD provider (Workstation)"
"ric-salese-242","Workstation for Salesperson Euan Garden","Windows 11 Pro","Dell OptiPlex 3090","Richmond - East","","workstation","00:11:22:33:44:F2","","","","workstations;site-richmondeast","Bulk","Bulk host volume, mapped from the AD provider (Workstation)"
"lax-sales-243","Workstation for Salesperson Eran Harel","Windows 11 Pro","Dell OptiPlex 5090","Los Angeles - West","","workstation","00:11:22:33:44:F3","","","","workstations;site-losangeleswest","Bulk","Bulk host volume, mapped from the AD provider (Workstation)"
"sea-sales-244","Workstation for Salesperson Michael Ovesen","Windows 11 Pro","Dell OptiPlex 5090","Seattle - Main","","workstation","00:11:22:33:44:F4","","","","workstations;site-seattlemain","Bulk","Bulk host volume, mapped from the AD provider (Workstation)"
"sea-sales-245","Workstation for Salesperson Kim Abercrombie","Windows 11 Pro","Dell OptiPlex 5090","Seattle - Main","","workstation","00:11:22:33:44:F5","","","","workstations;site-seattlemain","Bulk","Bulk host volume, mapped from the AD provider (Workstation)"
"sea-operat-246","Workstation for IT Manager Rob Young","Windows 11 Enterprise","Dell OptiPlex 7090","Seattle - Main","","workstation","00:11:22:33:44:F6","","","","workstations;site-seattlemain","Bulk","Bulk host volume, mapped from the AD provider (Workstation)"
"laptop-246","Executive laptop for Rob Young","Windows 11 Enterprise","Dell Latitude 9330","Seattle - Main","","workstation","00:11:22:33:EE:F6","","","","workstations;site-seattlemain","Bulk","Bulk host volume, mapped from the AD provider (Workstation)"
"sea-projec-247","Workstation for Project Manager Terry Earls","Windows 11 Pro","Dell OptiPlex 5090","Seattle - Main","","workstation","00:11:22:33:44:F7","","","","workstations;site-seattlemain","Bulk","Bulk host volume, mapped from the AD provider (Workstation)"
"laptop-247","Executive laptop for Terry Earls","Windows 11 Pro","Dell Latitude 9330","Seattle - Main","","workstation","00:11:22:33:EE:F7","","","","workstations;site-seattlemain","Bulk","Bulk host volume, mapped from the AD provider (Workstation)"
"sea-operat-248","Workstation for Manager Michael Mainer","Windows 11 Enterprise","Dell OptiPlex 7090","Seattle - Main","","workstation","00:11:22:33:44:F8","","","","workstations;site-seattlemain","Bulk","Bulk host volume, mapped from the AD provider (Workstation)"
"laptop-248","Executive laptop for Michael Mainer","Windows 11 Enterprise","Dell Latitude 9330","Seattle - Main","","workstation","00:11:22:33:EE:F8","","","","workstations;site-seattlemain","Bulk","Bulk host volume, mapped from the AD provider (Workstation)"
"sea-salese-249","Workstation for Salesperson Sven Buck","Windows 11 Pro","Dell OptiPlex 3090","Dallas - South","","workstation","00:11:22:33:44:F9","","","","workstations;site-dallassouth","Bulk","Bulk host volume, mapped from the AD provider (Workstation)"
"sea-sales-250","Workstation for Salesperson Eric Gruber","Windows 11 Pro","Dell OptiPlex 5090","Seattle - Main","","workstation","00:11:22:33:44:FA","","","","workstations;site-seattlemain","Bulk","Bulk host volume, mapped from the AD provider (Workstation)"
"sea-operat-251","Workstation for Procurement Manager Jelle Visser","Windows 11 Enterprise","Dell OptiPlex 7090","Seattle - Main","","workstation","00:11:22:33:44:FB","","","","workstations;site-seattlemain","Bulk","Bulk host volume, mapped from the AD provider (Workstation)"
"laptop-251","Executive laptop for Jelle Visser","Windows 11 Enterprise","Dell Latitude 9330","Seattle - Main","","workstation","00:11:22:33:EE:FB","","","","workstations;site-seattlemain","Bulk","Bulk host volume, mapped from the AD provider (Workstation)"
"sea-sales-252","Workstation for Salesperson Erik Gubbels","Windows 11 Pro","Dell OptiPlex 5090","Seattle - Main","","workstation","00:11:22:33:44:FC","","","","workstations;site-seattlemain","Bulk","Bulk host volume, mapped from the AD provider (Workstation)"
"nyc-sales-253","Workstation for Salesperson Dominik Paiha","Windows 11 Pro","Dell OptiPlex 5090","New York - Strategy","","workstation","00:11:22:33:44:FD","","","","workstations;site-newyorkstrategy","Bulk","Bulk host volume, mapped from the AD provider (Workstation)"
"sea-sales-254","Workstation for Salesperson Dan Hough","Windows 11 Pro","Dell OptiPlex 5090","Seattle - Main","","workstation","00:11:22:33:44:FE","","","","workstations;site-seattlemain","Bulk","Bulk host volume, mapped from the AD provider (Workstation)"
"sea-sales-255","Workstation for Salesperson Tina Lassila","Windows 11 Pro","Dell OptiPlex 5090","Seattle - Main","","workstation","00:11:22:33:44:FF","","","","workstations;site-seattlemain","Bulk","Bulk host volume, mapped from the AD provider (Workstation)"
"sea-sales-256","Workstation for Salesperson Nuno Farinha","Windows 11 Pro","Dell OptiPlex 5090","Dallas - South","","workstation","","","","","workstations;site-dallassouth","Bulk","Bulk host volume, mapped from the AD provider (Workstation)"
"sea-sales-257","Workstation for Salesperson Maru Subrmani","Windows 11 Pro","Dell OptiPlex 5090","Seattle - Main","","workstation","","","","","workstations;site-seattlemain","Bulk","Bulk host volume, mapped from the AD provider (Workstation)"
"lax-sales-258","Workstation for Salesperson Marc Faerber","Windows 11 Pro","Dell OptiPlex 5090","Los Angeles - West","","workstation","","","","","workstations;site-losangeleswest","Bulk","Bulk host volume, mapped from the AD provider (Workstation)"
"sea-sales-259","Workstation for Salesperson Kari Furse","Windows 11 Pro","Dell OptiPlex 5090","Seattle - Main","","workstation","","","","","workstations;site-seattlemain","Bulk","Bulk host volume, mapped from the AD provider (Workstation)"
"sea-senior-260","Workstation for Sr. Account Manager Karen Berg","Windows 11 Enterprise","Dell OptiPlex 7090","Seattle - Main","","workstation","","","","","workstations;site-seattlemain","Bulk","Bulk host volume, mapped from the AD provider (Workstation)"
"laptop-260","Executive laptop for Karen Berg","Windows 11 Enterprise","Dell Latitude 9330","Seattle - Main","","workstation","","","","","workstations;site-seattlemain","Bulk","Bulk host volume, mapped from the AD provider (Workstation)"
"sea-humanr-261","Workstation for HR Specialist Ian Tien","Windows 11 Pro","Dell OptiPlex 5090","Seattle - Main","","workstation","","","","","workstations;site-seattlemain","Bulk","Bulk host volume, mapped from the AD provider (Workstation)"
"sea-sales-262","Workstation for Salesperson Scott Gode","Windows 11 Pro","Dell OptiPlex 5090","Seattle - Main","","workstation","","","","","workstations;site-seattlemain","Bulk","Bulk host volume, mapped from the AD provider (Workstation)"
"sea-sales-263","Workstation for Salesperson Gina Boyer","Windows 11 Pro","Dell OptiPlex 5090","Seattle - Main","","workstation","","","","","workstations;site-seattlemain","Bulk","Bulk host volume, mapped from the AD provider (Workstation)"
"sea-sales-264","Workstation for Salesperson Annelie Zubar","Windows 11 Pro","Dell OptiPlex 5090","Seattle - Main","","workstation","","","","","workstations;site-seattlemain","Bulk","Bulk host volume, mapped from the AD provider (Workstation)"
"sea-sales-265","Workstation for Salesperson David Bossard","Windows 11 Pro","Dell OptiPlex 5090","Seattle - Main","","workstation","","","","","workstations;site-seattlemain","Bulk","Bulk host volume, mapped from the AD provider (Workstation)"
"sea-sales-266","Workstation for Salesperson Alicia Thomber","Windows 11 Pro","Dell OptiPlex 5090","Seattle - Main","","workstation","","","","","workstations;site-seattlemain","Bulk","Bulk host volume, mapped from the AD provider (Workstation)"
"sea-sales-267","Workstation for Salesperson Marcelo Truffat","Windows 11 Pro","Dell OptiPlex 5090","Seattle - Main","","workstation","","","","","workstations;site-seattlemain","Bulk","Bulk host volume, mapped from the AD provider (Workstation)"
"sea-eng-engine-268","Workstation for Senior Engineer Tony Madigan","Windows 11 Pro for Workstations","Dell Precision 5570","Seattle - Engineering","","workstation","","","","","workstations;site-seattleengineering","Bulk","Bulk host volume, mapped from the AD provider (Workstation)"
"sea-eng-engine-269","Workstation for Senior Engineer Sunil Koduri","Windows 11 Pro for Workstations","Dell Precision 5570","Seattle - Engineering","","workstation","","","","","workstations;site-seattleengineering","Bulk","Bulk host volume, mapped from the AD provider (Workstation)"
"sea-eng-engine-270","Workstation for Senior Engineer Simon Pearson","Windows 11 Pro for Workstations","Dell Precision 5570","Seattle - Engineering","","workstation","","","","","workstations;site-seattleengineering","Bulk","Bulk host volume, mapped from the AD provider (Workstation)"
"sea-eng-engine-271","Workstation for Senior Engineer Paul Duffy","Windows 11 Pro for Workstations","Dell Precision 5570","Seattle - Engineering","","workstation","","","","","workstations;site-seattleengineering","Bulk","Bulk host volume, mapped from the AD provider (Workstation)"
"sea-eng-engine-272","Workstation for Senior Engineer Kate Taneyhill","Windows 11 Pro for Workstations","Dell Precision 5570","Seattle - Engineering","","workstation","","","","","workstations;site-seattleengineering","Bulk","Bulk host volume, mapped from the AD provider (Workstation)"
"sea-eng-engine-273","Workstation for Senior Engineer Chris Gray","Windows 11 Pro for Workstations","Dell Precision 5570","Seattle - Engineering","","workstation","","","","","workstations;site-seattleengineering","Bulk","Bulk host volume, mapped from the AD provider (Workstation)"
"sea-eng-engine-274","Workstation for Engineer Stephen Deming","Windows 11 Pro for Workstations","Dell Precision 5570","Seattle - Engineering","","workstation","","","","","workstations;site-seattleengineering","Bulk","Bulk host volume, mapped from the AD provider (Workstation)"
"sea-eng-engine-275","Workstation for Engineer Olivier Fontana","Windows 11 Pro for Workstations","Dell Precision 5570","Seattle - Engineering","","workstation","","","","","workstations;site-seattleengineering","Bulk","Bulk host volume, mapped from the AD provider (Workstation)"
"sea-eng-engine-276","Workstation for Engineer Michelle Fredette","Windows 11 Pro for Workstations","Dell Precision 5570","Seattle - Engineering","","workstation","","","","","workstations;site-seattleengineering","Bulk","Bulk host volume, mapped from the AD provider (Workstation)"
"sea-strate-277","Workstation for Strategy Consultant Arlene Huff","Windows 11 Pro","Dell Latitude 5530","Seattle - Main","","workstation","","","","","workstations;site-seattlemain","Bulk","Bulk host volume, mapped from the AD provider (Workstation)"
"sea-market-278","Workstation for Marketing Specialist Pieter Wycoff","Windows 11 Pro","Dell OptiPlex 5090","Seattle - Main","","workstation","","","","","workstations;site-seattlemain","Bulk","Bulk host volume, mapped from the AD provider (Workstation)"
"sea-eng-engine-279","Workstation for Engineer Erwin Zischka","Windows 11 Pro for Workstations","Dell Precision 5570","Seattle - Engineering","","workstation","","","","","workstations;site-seattleengineering","Bulk","Bulk host volume, mapped from the AD provider (Workstation)"
"sea-operat-280","Workstation for Manager Lukas Keller","Windows 11 Enterprise","Dell OptiPlex 7090","Seattle - Main","","workstation","","","","","workstations;site-seattlemain","Bulk","Bulk host volume, mapped from the AD provider (Workstation)"
"laptop-280","Executive laptop for Lukas Keller","Windows 11 Enterprise","Dell Latitude 9330","Seattle - Main","","workstation","","","","","workstations;site-seattlemain","Bulk","Bulk host volume, mapped from the AD provider (Workstation)"
"sea-operat-281","Workstation for Manager Ken Ewert","Windows 11 Enterprise","Dell OptiPlex 7090","Seattle - Main","","workstation","","","","","workstations;site-seattlemain","Bulk","Bulk host volume, mapped from the AD provider (Workstation)"
"laptop-281","Executive laptop for Ken Ewert","Windows 11 Enterprise","Dell Latitude 9330","Seattle - Main","","workstation","","","","","workstations;site-seattlemain","Bulk","Bulk host volume, mapped from the AD provider (Workstation)"
"sea-operat-282","Workstation for Manager Justin Thorp","Windows 11 Enterprise","Dell OptiPlex 7090","Seattle - Main","","workstation","","","","","workstations;site-seattlemain","Bulk","Bulk host volume, mapped from the AD provider (Workstation)"
"laptop-282","Executive laptop for Justin Thorp","Windows 11 Enterprise","Dell Latitude 9330","Seattle - Main","","workstation","","","","","workstations;site-seattlemain","Bulk","Bulk host volume, mapped from the AD provider (Workstation)"
"sea-operat-283","Workstation for Manager Jon Grande","Windows 11 Enterprise","Dell OptiPlex 7090","Seattle - Main","","workstation","","","","","workstations;site-seattlemain","Bulk","Bulk host volume, mapped from the AD provider (Workstation)"
"laptop-283","Executive laptop for Jon Grande","Windows 11 Enterprise","Dell Latitude 9330","Seattle - Main","","workstation","","","","","workstations;site-seattlemain","Bulk","Bulk host volume, mapped from the AD provider (Workstation)"
"sea-operat-284","Workstation for Manager Jo Berry","Windows 11 Enterprise","Dell OptiPlex 7090","Seattle - Main","","workstation","","","","","workstations;site-seattlemain","Bulk","Bulk host volume, mapped from the AD provider (Workstation)"
"laptop-284","Executive laptop for Jo Berry","Windows 11 Enterprise","Dell Latitude 9330","Seattle - Main","","workstation","","","","","workstations;site-seattlemain","Bulk","Bulk host volume, mapped from the AD provider (Workstation)"
"sea-operat-285","Workstation for Manager Hans Gufler","Windows 11 Enterprise","Dell OptiPlex 7090","Seattle - Main","","workstation","","","","","workstations;site-seattlemain","Bulk","Bulk host volume, mapped from the AD provider (Workstation)"
"laptop-285","Executive laptop for Hans Gufler","Windows 11 Enterprise","Dell Latitude 9330","Seattle - Main","","workstation","","","","","workstations;site-seattlemain","Bulk","Bulk host volume, mapped from the AD provider (Workstation)"
"sea-operat-286","Workstation for Manager David Bradley","Windows 11 Enterprise","Dell OptiPlex 7090","Seattle - Main","","workstation","","","","","workstations;site-seattlemain","Bulk","Bulk host volume, mapped from the AD provider (Workstation)"
"laptop-286","Executive laptop for David Bradley","Windows 11 Enterprise","Dell Latitude 9330","Seattle - Main","","workstation","","","","","workstations;site-seattlemain","Bulk","Bulk host volume, mapped from the AD provider (Workstation)"
"sea-operat-287","Workstation for IT Manager Marie Dubois","Windows 11 Enterprise","Dell OptiPlex 7090","Seattle - Main","","workstation","","","","","workstations;site-seattlemain","Bulk","Bulk host volume, mapped from the AD provider (Workstation)"
"laptop-287","Executive laptop for Marie Dubois","Windows 11 Enterprise","Dell Latitude 9330","Seattle - Main","","workstation","","","","","workstations;site-seattlemain","Bulk","Bulk host volume, mapped from the AD provider (Workstation)"
"sea-operat-288","Workstation for IT Manager Kevin Kennedy","Windows 11 Enterprise","Dell OptiPlex 7090","Seattle - Main","","workstation","","","","","workstations;site-seattlemain","Bulk","Bulk host volume, mapped from the AD provider (Workstation)"
"laptop-288","Executive laptop for Kevin Kennedy","Windows 11 Enterprise","Dell Latitude 9330","Seattle - Main","","workstation","","","","","workstations;site-seattlemain","Bulk","Bulk host volume, mapped from the AD provider (Workstation)"
"sea-operat-289","Workstation for IT Manager Kai Axford","Windows 11 Enterprise","Dell OptiPlex 7090","Seattle - Main","","workstation","","","","","workstations;site-seattlemain","Bulk","Bulk host volume, mapped from the AD provider (Workstation)"
"laptop-289","Executive laptop for Kai Axford","Windows 11 Enterprise","Dell Latitude 9330","Seattle - Main","","workstation","","","","","workstations;site-seattlemain","Bulk","Bulk host volume, mapped from the AD provider (Workstation)"
"sea-sales-290","Workstation for Salesperson Manish Chopra","Windows 11 Pro","Dell OptiPlex 5090","Seattle - Main","","workstation","","","","","workstations;site-seattlemain","Bulk","Bulk host volume, mapped from the AD provider (Workstation)"
"sea-market-291","Workstation for Public Relations Specialist Sunil Uppal","Windows 11 Pro","Dell OptiPlex 5090","Seattle - Main","","workstation","","","","","workstations;site-seattlemain","Bulk","Bulk host volume, mapped from the AD provider (Workstation)"
"sea-sales-292","Workstation for Salesperson Luis Bonifaz","Windows 11 Pro","Dell OptiPlex 5090","Seattle - Main","","workstation","","","","","workstations;site-seattlemain","Bulk","Bulk host volume, mapped from the AD provider (Workstation)"
"sea-sales-293","Workstation for Salesperson Kevin Verboort","Windows 11 Pro","Dell OptiPlex 5090","Seattle - Main","","workstation","","","","","workstations;site-seattlemain","Bulk","Bulk host volume, mapped from the AD provider (Workstation)"
"sea-market-294","Workstation for Marketing Specialist Christian Jene","Windows 11 Pro","Dell OptiPlex 5090","Seattle - Main","","workstation","","","","","workstations;site-seattlemain","Bulk","Bulk host volume, mapped from the AD provider (Workstation)"
"sea-market-295","Workstation for Marketing Specialist Felipe Martins","Windows 11 Pro","Dell OptiPlex 5090","Seattle - Main","","workstation","","","","","workstations;site-seattlemain","Bulk","Bulk host volume, mapped from the AD provider (Workstation)"
"sea-market-296","Workstation for Marketing Specialist John Evans","Windows 11 Pro","Dell OptiPlex 5090","Seattle - Main","","workstation","","","","","workstations;site-seattlemain","Bulk","Bulk host volume, mapped from the AD provider (Workstation)"
"sea-operat-297","Workstation for IT Manager Heinrich Fischer","Windows 11 Enterprise","Dell OptiPlex 7090","Seattle - Main","","workstation","","","","","workstations;site-seattlemain","Bulk","Bulk host volume, mapped from the AD provider (Workstation)"
"laptop-297","Executive laptop for Heinrich Fischer","Windows 11 Enterprise","Dell Latitude 9330","Seattle - Main","","workstation","","","","","workstations;site-seattlemain","Bulk","Bulk host volume, mapped from the AD provider (Workstation)"
"sea-sales-298","Workstation for Salesperson Kirk Nason","Windows 11 Pro","Dell OptiPlex 5090","Seattle - Main","","workstation","","","","","workstations;site-seattlemain","Bulk","Bulk host volume, mapped from the AD provider (Workstation)"
"sea-operat-299","Workstation for Procurement Manager Brian Cox","Windows 11 Enterprise","Dell OptiPlex 7090","Seattle - Main","","workstation","","","","","workstations;site-seattlemain","Bulk","Bulk host volume, mapped from the AD provider (Workstation)"
"laptop-299","Executive laptop for Brian Cox","Windows 11 Enterprise","Dell Latitude 9330","Seattle - Main","","workstation","","","","","workstations;site-seattlemain","Bulk","Bulk host volume, mapped from the AD provider (Workstation)"
"chi-sales-300","Workstation for Salesperson Patricia Doyle","Windows 11 Pro","Dell OptiPlex 5090","Chicago - Central","","workstation","","","","","workstations;site-chicagocentral","Bulk","Bulk host volume, mapped from the AD provider (Workstation)"
"bos-sales-301","Workstation for Salesperson Ron Gabel","Windows 11 Pro","Dell OptiPlex 5090","Boston - Northeast","","workstation","","","","","workstations;site-bostonnortheast","Bulk","Bulk host volume, mapped from the AD provider (Workstation)"
"atl-sales-302","Workstation for Salesperson Shmuel Yair","Windows 11 Pro","Dell OptiPlex 5090","Atlanta - Southeast","","workstation","","","","","workstations;site-atlantasoutheast","Bulk","Bulk host volume, mapped from the AD provider (Workstation)"
"sea-market-303","Workstation for Marketing Specialist Phyllis Harris","Windows 11 Pro","Dell OptiPlex 5090","Seattle - Main","","workstation","","","","","workstations;site-seattlemain","Bulk","Bulk host volume, mapped from the AD provider (Workstation)"
"sea-sales-304","Workstation for Salesperson Jenny Lysaker","Windows 11 Pro","Dell OptiPlex 5090","Seattle - Main","","workstation","","","","","workstations;site-seattlemain","Bulk","Bulk host volume, mapped from the AD provider (Workstation)"
"sea-market-305","Workstation for Marketing Specialist Jordao Moreno","Windows 11 Pro","Dell OptiPlex 5090","Seattle - Main","","workstation","","","","","workstations;site-seattlemain","Bulk","Bulk host volume, mapped from the AD provider (Workstation)"
"sea-sales-306","Workstation for Salesperson Josh Edwards","Windows 11 Pro","Dell OptiPlex 5090","Seattle - Main","","workstation","","","","","workstations;site-seattlemain","Bulk","Bulk host volume, mapped from the AD provider (Workstation)"
"sea-market-307","Workstation for Marketing Specialist Chris Johnson","Windows 11 Pro","Dell OptiPlex 5090","Seattle - Main","","workstation","","","","","workstations;site-seattlemain","Bulk","Bulk host volume, mapped from the AD provider (Workstation)"
"sea-operat-308","Workstation for IT Manager Kris Johnsen","Windows 11 Enterprise","Dell OptiPlex 7090","Seattle - Main","","workstation","","","","","workstations;site-seattlemain","Bulk","Bulk host volume, mapped from the AD provider (Workstation)"
"laptop-308","Executive laptop for Kris Johnsen","Windows 11 Enterprise","Dell Latitude 9330","Seattle - Main","","workstation","","","","","workstations;site-seattlemain","Bulk","Bulk host volume, mapped from the AD provider (Workstation)"
"sea-fin-accoun-309","Workstation for Accountant Chris Johnson","Windows 11 Pro","Dell OptiPlex 5090","Seattle - Finance","","workstation","","","","","workstations;site-seattlefinance","Bulk","Bulk host volume, mapped from the AD provider (Workstation)"
"sea-eng-engine-310","Workstation for Senior Engineer Chris F. Johnson","Windows 11 Pro for Workstations","Dell Precision 5570","Seattle - Engineering","","workstation","","","","","workstations;site-seattleengineering","Bulk","Bulk host volume, mapped from the AD provider (Workstation)"
"sea-salese-311","Workstation for Salesperson Chris Johnson","Windows 11 Pro","Dell OptiPlex 3090","Seattle - Main","","workstation","","","","","workstations;site-seattlemain","Bulk","Bulk host volume, mapped from the AD provider (Workstation)"
"sea-eng-engine-312","Workstation for Software Engineering Intern Sarah Chen","Windows 11 Pro for Workstations","Dell Precision 7670","Seattle - Engineering","","workstation","","","","","workstations;site-seattleengineering","Bulk","Bulk host volume, mapped from the AD provider (Workstation)"
"sea-market-313","Workstation for Marketing Intern James Wilson","Windows 11 Pro","Dell OptiPlex 5090","Seattle - Main","","workstation","","","","","workstations;site-seattlemain","Bulk","Bulk host volume, mapped from the AD provider (Workstation)"
"sea-humanr-314","Workstation for HR Intern Emily Rodriguez","Windows 11 Pro","Dell OptiPlex 5090","Seattle - Main","","workstation","","","","","workstations;site-seattlemain","Bulk","Bulk host volume, mapped from the AD provider (Workstation)"
"chi-dc-001","Domain Controller for Chicago - Central","Windows Server 2022 Standard","Dell PowerEdge R650","Chicago - Central","","domain-controller","00:11:22:33:AA:64","","","","domain-controllers;site-chicagocentral","Bulk","Bulk host volume, mapped from the AD provider (Domain Controller)"
"chi-file-001","File server for Chicago - Central","Windows Server 2022 Standard","Dell PowerEdge R640","Chicago - Central","","file-server","00:11:22:33:AA:65","","","","file-servers;site-chicagocentral","Bulk","Bulk host volume, mapped from the AD provider (File Server)"
"atl-dc-001","Domain Controller for Atlanta - Southeast","Windows Server 2022 Standard","Dell PowerEdge R650","Atlanta - Southeast","","domain-controller","00:11:22:33:AA:67","","","","domain-controllers;site-atlantasoutheast","Bulk","Bulk host volume, mapped from the AD provider (Domain Controller)"
"atl-file-001","File server for Atlanta - Southeast","Windows Server 2022 Standard","Dell PowerEdge R640","Atlanta - Southeast","","file-server","00:11:22:33:AA:68","","","","file-servers;site-atlantasoutheast","Bulk","Bulk host volume, mapped from the AD provider (File Server)"
"bos-dc-001","Domain Controller for Boston - Northeast","Windows Server 2022 Standard","Dell PowerEdge R650","Boston - Northeast","","domain-controller","00:11:22:33:AA:6A","","","","domain-controllers;site-bostonnortheast","Bulk","Bulk host volume, mapped from the AD provider (Domain Controller)"
"bos-file-001","File server for Boston - Northeast","Windows Server 2022 Standard","Dell PowerEdge R640","Boston - Northeast","","file-server","00:11:22:33:AA:6B","","","","file-servers;site-bostonnortheast","Bulk","Bulk host volume, mapped from the AD provider (File Server)"
"lax-dc-001","Domain Controller for Los Angeles - West","Windows Server 2022 Standard","Dell PowerEdge R650","Los Angeles - West","","domain-controller","00:11:22:33:AA:6D","","","","domain-controllers;site-losangeleswest","Bulk","Bulk host volume, mapped from the AD provider (Domain Controller)"
"lax-file-001","File server for Los Angeles - West","Windows Server 2022 Standard","Dell PowerEdge R640","Los Angeles - West","","file-server","00:11:22:33:AA:6E","","","","file-servers;site-losangeleswest","Bulk","Bulk host volume, mapped from the AD provider (File Server)"
"sfo-dc-001","Domain Controller for San Francisco - West","Windows Server 2022 Standard","Dell PowerEdge R650","San Francisco - West","","domain-controller","00:11:22:33:AA:70","","","","domain-controllers;site-sanfranciscowest","Bulk","Bulk host volume, mapped from the AD provider (Domain Controller)"
"sfo-file-001","File server for San Francisco - West","Windows Server 2022 Standard","Dell PowerEdge R640","San Francisco - West","","file-server","00:11:22:33:AA:71","","","","file-servers;site-sanfranciscowest","Bulk","Bulk host volume, mapped from the AD provider (File Server)"
"ric-dc-001","Domain Controller for Richmond - East","Windows Server 2022 Standard","Dell PowerEdge R650","Richmond - East","","domain-controller","00:11:22:33:AA:73","","","","domain-controllers;site-richmondeast","Bulk","Bulk host volume, mapped from the AD provider (Domain Controller)"
"ric-file-001","File server for Richmond - East","Windows Server 2022 Standard","Dell PowerEdge R640","Richmond - East","","file-server","00:11:22:33:AA:74","","","","file-servers;site-richmondeast","Bulk","Bulk host volume, mapped from the AD provider (File Server)"
"lon-dc-001","Domain Controller for London - International","Windows Server 2022 Standard","Dell PowerEdge R650","London - International","","domain-controller","00:11:22:33:AA:76","","","","domain-controllers;site-londoninternational","Bulk","Bulk host volume, mapped from the AD provider (Domain Controller)"
"lon-file-001","File server for London - International","Windows Server 2022 Standard","Dell PowerEdge R640","London - International","","file-server","00:11:22:33:AA:77","","","","file-servers;site-londoninternational","Bulk","Bulk host volume, mapped from the AD provider (File Server)"
