"Key","DisplayName","OperatingSystem","OperatingSystemVersion","IsCompliant","IsManaged","AccountEnabled","RegisteredOwner","Tier","Purpose"
"win-compliant","Workstation Windows Compliant","Windows","10.0.26100","TRUE","TRUE","TRUE","jnino","Core","The baseline a compliance report should pass, owned by an active user"
"win-noncompliant","Workstation Windows Noncompliant","Windows","10.0.22631","FALSE","TRUE","TRUE","zmueller","Core","Managed and failing compliance, which is the state a device policy is meant to catch"
"mac-unmanaged","Laptop macOS Unmanaged","MacOS","14.5","FALSE","FALSE","TRUE","talvarez","Core","Neither managed nor compliant, so any Windows-shaped assumption misses it entirely"
"ios-personal","Handset iOS Personal","IPhone","17.5.1","FALSE","FALSE","TRUE","praghunathan","Core","A mobile platform, where approved-client-app and app-protection controls behave differently"
"win-orphan","Workstation Windows Orphaned","Windows","10.0.19045","FALSE","TRUE","TRUE","","Core","No registered owner at all, which is what a device left behind by a departed user looks like"
"win-disabled","Workstation Windows Disabled","Windows","10.0.19045","FALSE","TRUE","FALSE","mbell","Core","Disabled device belonging to a disabled user; still present in every unfiltered inventory"
"seaexec001","SEA-EXEC-001","Android","14","FALSE","TRUE","TRUE","danj","Bulk","Bulk device volume, mapped from ADTestEnvironment (Workstation)"
"seaops001","SEA-OPS-001","Windows","10.0.19045","FALSE","TRUE","TRUE","adamb","Bulk","Bulk device volume, mapped from ADTestEnvironment (Workstation)"
"seapm001","SEA-PM-001","MacOS","14.5","TRUE","TRUE","TRUE","alans","Bulk","Bulk device volume, mapped from ADTestEnvironment (Workstation)"
"seapm002","SEA-PM-002","MacOS","14.5","TRUE","TRUE","TRUE","chrisn","Bulk","Bulk device volume, mapped from ADTestEnvironment (Workstation)"
"seaops002","SEA-OPS-002","Android","14","TRUE","TRUE","TRUE","dianet","Bulk","Bulk device volume, mapped from ADTestEnvironment (Workstation)"
"seaeng001","SEA-ENG-001","Windows","10.0.22631","FALSE","FALSE","TRUE","christk","Bulk","Bulk device volume, mapped from ADTestEnvironment (Workstation)"
"seaexec002","SEA-EXEC-002","Windows","10.0.22631","TRUE","TRUE","TRUE","frankm1","Bulk","Bulk device volume, mapped from ADTestEnvironment (Workstation)"
"seaacc001","SEA-ACC-001","IPhone","17.5.1","TRUE","TRUE","TRUE","karimm","Bulk","Bulk device volume, mapped from ADTestEnvironment (Workstation)"
"housales001","HOU-SALES-001","IPhone","17.5.1","TRUE","TRUE","TRUE","danp","Bulk","Bulk device volume, mapped from ADTestEnvironment (Workstation)"
"seaexec003","SEA-EXEC-003","MacOS","14.5","TRUE","TRUE","TRUE","jeffh","Bulk","Bulk device volume, mapped from ADTestEnvironment (Workstation)"
"seadc001","SEA-DC-001","Windows","10.0.26100","TRUE","TRUE","TRUE","","Bulk","Bulk device volume, mapped from ADTestEnvironment (Domain Controller)"
"seadc002","SEA-DC-002","IPhone","17.5.1","TRUE","TRUE","TRUE","","Bulk","Bulk device volume, mapped from ADTestEnvironment (Domain Controller)"
"seafile001","SEA-FILE-001","Android","14","TRUE","TRUE","TRUE","","Bulk","Bulk device volume, mapped from ADTestEnvironment (File Server)"
"seasql001","SEA-SQL-001","IPhone","17.5.1","FALSE","TRUE","TRUE","","Bulk","Bulk device volume, mapped from ADTestEnvironment (Database Server)"
"seaex001","SEA-EX-001","Android","14","TRUE","TRUE","TRUE","","Bulk","Bulk device volume, mapped from ADTestEnvironment (Exchange Server)"
"houdc001","HOU-DC-001","Windows","10.0.26100","FALSE","TRUE","TRUE","","Bulk","Bulk device volume, mapped from ADTestEnvironment (Domain Controller)"
"houfile001","HOU-FILE-001","Windows","10.0.19045","TRUE","TRUE","TRUE","","Bulk","Bulk device volume, mapped from ADTestEnvironment (File Server)"
"nycdc001","NYC-DC-001","Windows","10.0.19045","TRUE","TRUE","TRUE","","Bulk","Bulk device volume, mapped from ADTestEnvironment (Domain Controller)"
"nycfile001","NYC-FILE-001","Windows","10.0.26100","TRUE","TRUE","TRUE","","Bulk","Bulk device volume, mapped from ADTestEnvironment (File Server)"
"seaprint001","SEA-PRINT-001","IPhone","17.5.1","TRUE","TRUE","TRUE","","Bulk","Bulk device volume, mapped from ADTestEnvironment (Printer)"
"seaprint002","SEA-PRINT-002","IPhone","17.5.1","TRUE","TRUE","TRUE","","Bulk","Bulk device volume, mapped from ADTestEnvironment (Printer)"
"seaprint003","SEA-PRINT-003","IPhone","17.5.1","TRUE","TRUE","TRUE","","Bulk","Bulk device volume, mapped from ADTestEnvironment (Printer)"
"seaprint004","SEA-PRINT-004","IPhone","17.5.1","TRUE","TRUE","TRUE","","Bulk","Bulk device volume, mapped from ADTestEnvironment (Printer)"
"seacolor001","SEA-COLOR-001","Windows","10.0.26100","FALSE","TRUE","TRUE","","Bulk","Bulk device volume, mapped from ADTestEnvironment (Printer)"
"houprint001","HOU-PRINT-001","IPhone","17.5.1","FALSE","FALSE","TRUE","","Bulk","Bulk device volume, mapped from ADTestEnvironment (Printer)"
"nycprint001","NYC-PRINT-001","Windows","10.0.26100","FALSE","FALSE","TRUE","","Bulk","Bulk device volume, mapped from ADTestEnvironment (Printer)"
"mobile001","MOBILE-001","MacOS","14.5","TRUE","TRUE","TRUE","danj","Bulk","Bulk device volume, mapped from ADTestEnvironment (Mobile Device)"
"mobile002","MOBILE-002","Windows","10.0.26100","TRUE","TRUE","TRUE","adamb","Bulk","Bulk device volume, mapped from ADTestEnvironment (Mobile Device)"
"mobile003","MOBILE-003","IPhone","17.5.1","TRUE","TRUE","TRUE","alans","Bulk","Bulk device volume, mapped from ADTestEnvironment (Mobile Device)"
"mobile004","MOBILE-004","Windows","10.0.19045","TRUE","TRUE","TRUE","chrisn","Bulk","Bulk device volume, mapped from ADTestEnvironment (Mobile Device)"
"mobile005","MOBILE-005","IPhone","17.5.1","TRUE","TRUE","TRUE","dianet","Bulk","Bulk device volume, mapped from ADTestEnvironment (Mobile Device)"
"tablet001","TABLET-001","Windows","10.0.26100","TRUE","TRUE","TRUE","christk","Bulk","Bulk device volume, mapped from ADTestEnvironment (Mobile Device)"
"tablet002","TABLET-002","IPhone","17.5.1","FALSE","FALSE","TRUE","frankm1","Bulk","Bulk device volume, mapped from ADTestEnvironment (Mobile Device)"
"laptop001","LAPTOP-001","Windows","10.0.19045","FALSE","TRUE","TRUE","danj","Bulk","Bulk device volume, mapped from ADTestEnvironment (Workstation)"
"laptop002","LAPTOP-002","IPhone","17.5.1","FALSE","FALSE","TRUE","adamb","Bulk","Bulk device volume, mapped from ADTestEnvironment (Workstation)"
"laptop003","LAPTOP-003","IPhone","17.5.1","FALSE","FALSE","TRUE","christk","Bulk","Bulk device volume, mapped from ADTestEnvironment (Workstation)"
"seahumanr050","SEA-HUMANR-050","Android","14","FALSE","TRUE","TRUE","garthf","Bulk","Bulk device volume, mapped from ADTestEnvironment (Workstation)"
"mobile020","MOBILE-020","Windows","10.0.26100","FALSE","FALSE","TRUE","garthf","Bulk","Bulk device volume, mapped from ADTestEnvironment (Mobile Device)"
"laptop050","LAPTOP-050","IPhone","17.5.1","TRUE","TRUE","TRUE","garthf","Bulk","Bulk device volume, mapped from ADTestEnvironment (Workstation)"
"nycstrate051","NYC-STRATE-051","IPhone","17.5.1","FALSE","FALSE","TRUE","cesarg","Bulk","Bulk device volume, mapped from ADTestEnvironment (Workstation)"
"mobile021","MOBILE-021","Windows","10.0.19045","FALSE","FALSE","TRUE","cesarg","Bulk","Bulk device volume, mapped from ADTestEnvironment (Mobile Device)"
"laptop051","LAPTOP-051","Windows","10.0.22631","FALSE","FALSE","TRUE","cesarg","Bulk","Bulk device volume, mapped from ADTestEnvironment (Workstation)"
"seaexecut052","SEA-EXECUT-052","Android","14","TRUE","TRUE","TRUE","christg","Bulk","Bulk device volume, mapped from ADTestEnvironment (Workstation)"
"mobile022","MOBILE-022","MacOS","14.5","TRUE","TRUE","TRUE","christg","Bulk","Bulk device volume, mapped from ADTestEnvironment (Mobile Device)"
"laptop052","LAPTOP-052","Android","14","FALSE","FALSE","TRUE","christg","Bulk","Bulk device volume, mapped from ADTestEnvironment (Workstation)"
"seasalese053","SEA-SALESE-053","Windows","10.0.19045","TRUE","TRUE","TRUE","jackc","Bulk","Bulk device volume, mapped from ADTestEnvironment (Workstation)"
"mobile023","MOBILE-023","Windows","10.0.26100","TRUE","TRUE","TRUE","jackc","Bulk","Bulk device volume, mapped from ADTestEnvironment (Mobile Device)"
"laptop053","LAPTOP-053","Windows","10.0.26100","TRUE","TRUE","TRUE","jackc","Bulk","Bulk device volume, mapped from ADTestEnvironment (Workstation)"
"nycstrate054","NYC-STRATE-054","Windows","10.0.22631","TRUE","TRUE","TRUE","davidm","Bulk","Bulk device volume, mapped from ADTestEnvironment (Workstation)"
"mobile024","MOBILE-024","Windows","10.0.26100","FALSE","TRUE","TRUE","davidm","Bulk","Bulk device volume, mapped from ADTestEnvironment (Mobile Device)"
"laptop054","LAPTOP-054","IPhone","17.5.1","TRUE","TRUE","TRUE","davidm","Bulk","Bulk device volume, mapped from ADTestEnvironment (Workstation)"
"ricsales055","RIC-SALES-055","Windows","10.0.19045","FALSE","FALSE","TRUE","alanb","Bulk","Bulk device volume, mapped from ADTestEnvironment (Workstation)"
"mobile025","MOBILE-025","MacOS","14.5","TRUE","TRUE","TRUE","alanb","Bulk","Bulk device volume, mapped from ADTestEnvironment (Mobile Device)"
"laptop055","LAPTOP-055","MacOS","14.5","TRUE","TRUE","TRUE","alanb","Bulk","Bulk device volume, mapped from ADTestEnvironment (Workstation)"
"seasalese056","SEA-SALESE-056","Windows","10.0.19045","TRUE","TRUE","TRUE","davids","Bulk","Bulk device volume, mapped from ADTestEnvironment (Workstation)"
"mobile026","MOBILE-026","Windows","10.0.19045","FALSE","FALSE","TRUE","davids","Bulk","Bulk device volume, mapped from ADTestEnvironment (Mobile Device)"
"laptop056","LAPTOP-056","MacOS","14.5","FALSE","TRUE","TRUE","davids","Bulk","Bulk device volume, mapped from ADTestEnvironment (Workstation)"
"seasenior057","SEA-SENIOR-057","Android","14","FALSE","TRUE","TRUE","annal","Bulk","Bulk device volume, mapped from ADTestEnvironment (Workstation)"
"mobile027","MOBILE-027","Windows","10.0.19045","TRUE","TRUE","TRUE","annal","Bulk","Bulk device volume, mapped from ADTestEnvironment (Mobile Device)"
"laptop057","LAPTOP-057","MacOS","14.5","TRUE","TRUE","TRUE","annal","Bulk","Bulk device volume, mapped from ADTestEnvironment (Workstation)"
"belsales058","BEL-SALES-058","IPhone","17.5.1","TRUE","TRUE","TRUE","eduardd","Bulk","Bulk device volume, mapped from ADTestEnvironment (Workstation)"
"mobile028","MOBILE-028","MacOS","14.5","TRUE","TRUE","TRUE","eduardd","Bulk","Bulk device volume, mapped from ADTestEnvironment (Mobile Device)"
"laptop058","LAPTOP-058","Windows","10.0.22631","TRUE","TRUE","TRUE","eduardd","Bulk","Bulk device volume, mapped from ADTestEnvironment (Workstation)"
"belsales059","BEL-SALES-059","Android","14","FALSE","FALSE","TRUE","spencel","Bulk","Bulk device volume, mapped from ADTestEnvironment (Workstation)"
"mobile029","MOBILE-029","Windows","10.0.19045","TRUE","TRUE","TRUE","spencel","Bulk","Bulk device volume, mapped from ADTestEnvironment (Mobile Device)"
"laptop059","LAPTOP-059","MacOS","14.5","FALSE","TRUE","TRUE","spencel","Bulk","Bulk device volume, mapped from ADTestEnvironment (Workstation)"
"seaoperat060","SEA-OPERAT-060","MacOS","14.5","TRUE","TRUE","TRUE","kellyw","Bulk","Bulk device volume, mapped from ADTestEnvironment (Workstation)"
"mobile030","MOBILE-030","Windows","10.0.19045","TRUE","TRUE","TRUE","kellyw","Bulk","Bulk device volume, mapped from ADTestEnvironment (Mobile Device)"
"seasenior061","SEA-SENIOR-061","IPhone","17.5.1","FALSE","TRUE","TRUE","mollyc","Bulk","Bulk device volume, mapped from ADTestEnvironment (Workstation)"
"mobile031","MOBILE-031","Windows","10.0.19045","FALSE","FALSE","TRUE","mollyc","Bulk","Bulk device volume, mapped from ADTestEnvironment (Mobile Device)"
"laptop061","LAPTOP-061","IPhone","17.5.1","FALSE","TRUE","TRUE","mollyc","Bulk","Bulk device volume, mapped from ADTestEnvironment (Workstation)"
"nycsales062","NYC-SALES-062","IPhone","17.5.1","FALSE","TRUE","TRUE","larryz","Bulk","Bulk device volume, mapped from ADTestEnvironment (Workstation)"
"mobile032","MOBILE-032","MacOS","14.5","FALSE","TRUE","TRUE","larryz","Bulk","Bulk device volume, mapped from ADTestEnvironment (Mobile Device)"
"laptop062","LAPTOP-062","Windows","10.0.19045","TRUE","TRUE","TRUE","larryz","Bulk","Bulk device volume, mapped from ADTestEnvironment (Workstation)"
"seaoperat063","SEA-OPERAT-063","Windows","10.0.22631","FALSE","TRUE","TRUE","arturol","Bulk","Bulk device volume, mapped from ADTestEnvironment (Workstation)"
"mobile033","MOBILE-033","Windows","10.0.19045","FALSE","TRUE","TRUE","arturol","Bulk","Bulk device volume, mapped from ADTestEnvironment (Mobile Device)"
"laptop063","LAPTOP-063","Android","14","TRUE","TRUE","TRUE","arturol","Bulk","Bulk device volume, mapped from ADTestEnvironment (Workstation)"
"chisales064","CHI-SALES-064","Windows","10.0.19045","TRUE","TRUE","TRUE","aprils","Bulk","Bulk device volume, mapped from ADTestEnvironment (Workstation)"
"mobile034","MOBILE-034","Windows","10.0.22631","FALSE","FALSE","TRUE","aprils","Bulk","Bulk device volume, mapped from ADTestEnvironment (Mobile Device)"
"laptop064","LAPTOP-064","Windows","10.0.26100","FALSE","TRUE","TRUE","aprils","Bulk","Bulk device volume, mapped from ADTestEnvironment (Workstation)"
"nycstrate065","NYC-STRATE-065","MacOS","14.5","TRUE","TRUE","TRUE","aaronp","Bulk","Bulk device volume, mapped from ADTestEnvironment (Workstation)"
"mobile035","MOBILE-035","MacOS","14.5","TRUE","TRUE","TRUE","aaronp","Bulk","Bulk device volume, mapped from ADTestEnvironment (Mobile Device)"
"laptop065","LAPTOP-065","Android","14","FALSE","TRUE","TRUE","aaronp","Bulk","Bulk device volume, mapped from ADTestEnvironment (Workstation)"
"seaprojec066","SEA-PROJEC-066","Android","14","TRUE","TRUE","TRUE","andrewm","Bulk","Bulk device volume, mapped from ADTestEnvironment (Workstation)"
"mobile036","MOBILE-036","Android","14","TRUE","TRUE","TRUE","andrewm","Bulk","Bulk device volume, mapped from ADTestEnvironment (Mobile Device)"
"laptop066","LAPTOP-066","IPhone","17.5.1","FALSE","TRUE","TRUE","andrewm","Bulk","Bulk device volume, mapped from ADTestEnvironment (Workstation)"
"seamarket067","SEA-MARKET-067","Android","14","FALSE","TRUE","TRUE","dianep","Bulk","Bulk device volume, mapped from ADTestEnvironment (Workstation)"
"mobile037","MOBILE-037","Windows","10.0.19045","TRUE","TRUE","TRUE","dianep","Bulk","Bulk device volume, mapped from ADTestEnvironment (Mobile Device)"
"laptop067","LAPTOP-067","Windows","10.0.22631","TRUE","TRUE","TRUE","dianep","Bulk","Bulk device volume, mapped from ADTestEnvironment (Workstation)"
"seasalese068","SEA-SALESE-068","Windows","10.0.19045","FALSE","TRUE","TRUE","arthury","Bulk","Bulk device volume, mapped from ADTestEnvironment (Workstation)"
"mobile038","MOBILE-038","MacOS","14.5","TRUE","TRUE","TRUE","arthury","Bulk","Bulk device volume, mapped from ADTestEnvironment (Mobile Device)"
"laptop068","LAPTOP-068","Windows","10.0.22631","TRUE","TRUE","TRUE","arthury","Bulk","Bulk device volume, mapped from ADTestEnvironment (Workstation)"
"nycstrate069","NYC-STRATE-069","Windows","10.0.26100","FALSE","FALSE","TRUE","brads","Bulk","Bulk device volume, mapped from ADTestEnvironment (Workstation)"
"mobile039","MOBILE-039","MacOS","14.5","TRUE","TRUE","TRUE","brads","Bulk","Bulk device volume, mapped from ADTestEnvironment (Mobile Device)"
"laptop069","LAPTOP-069","Windows","10.0.22631","TRUE","TRUE","TRUE","brads","Bulk","Bulk device volume, mapped from ADTestEnvironment (Workstation)"
"seahumanr070","SEA-HUMANR-070","Windows","10.0.26100","TRUE","TRUE","TRUE","amya","Bulk","Bulk device volume, mapped from ADTestEnvironment (Workstation)"
"mobile040","MOBILE-040","Windows","10.0.19045","TRUE","TRUE","TRUE","amya","Bulk","Bulk device volume, mapped from ADTestEnvironment (Mobile Device)"
"laptop070","LAPTOP-070","MacOS","14.5","TRUE","TRUE","TRUE","amya","Bulk","Bulk device volume, mapped from ADTestEnvironment (Workstation)"
"seasales071","SEA-SALES-071","MacOS","14.5","TRUE","TRUE","TRUE","stevel","Bulk","Bulk device volume, mapped from ADTestEnvironment (Workstation)"
"mobile041","MOBILE-041","IPhone","17.5.1","FALSE","FALSE","TRUE","stevel","Bulk","Bulk device volume, mapped from ADTestEnvironment (Mobile Device)"
"laptop071","LAPTOP-071","Windows","10.0.22631","FALSE","TRUE","TRUE","stevel","Bulk","Bulk device volume, mapped from ADTestEnvironment (Workstation)"
"seasenior072","SEA-SENIOR-072","Android","14","TRUE","TRUE","TRUE","juliani","Bulk","Bulk device volume, mapped from ADTestEnvironment (Workstation)"
"mobile042","MOBILE-042","IPhone","17.5.1","TRUE","TRUE","TRUE","juliani","Bulk","Bulk device volume, mapped from ADTestEnvironment (Mobile Device)"
"laptop072","LAPTOP-072","Windows","10.0.26100","FALSE","TRUE","TRUE","juliani","Bulk","Bulk device volume, mapped from ADTestEnvironment (Workstation)"
"seaprojec073","SEA-PROJEC-073","Windows","10.0.22631","FALSE","TRUE","TRUE","scottb","Bulk","Bulk device volume, mapped from ADTestEnvironment (Workstation)"
"mobile043","MOBILE-043","MacOS","14.5","TRUE","TRUE","TRUE","scottb","Bulk","Bulk device volume, mapped from ADTestEnvironment (Mobile Device)"
"laptop073","LAPTOP-073","MacOS","14.5","TRUE","TRUE","TRUE","scottb","Bulk","Bulk device volume, mapped from ADTestEnvironment (Workstation)"
"seamarket074","SEA-MARKET-074","Windows","10.0.19045","FALSE","FALSE","TRUE","kellyk","Bulk","Bulk device volume, mapped from ADTestEnvironment (Workstation)"
"mobile044","MOBILE-044","IPhone","17.5.1","TRUE","TRUE","TRUE","kellyk","Bulk","Bulk device volume, mapped from ADTestEnvironment (Mobile Device)"
"laptop074","LAPTOP-074","IPhone","17.5.1","TRUE","TRUE","TRUE","kellyk","Bulk","Bulk device volume, mapped from ADTestEnvironment (Workstation)"
"seaconten075","SEA-CONTEN-075","Windows","10.0.19045","TRUE","TRUE","TRUE","stano","Bulk","Bulk device volume, mapped from ADTestEnvironment (Workstation)"
"mobile045","MOBILE-045","Windows","10.0.26100","FALSE","TRUE","TRUE","stano","Bulk","Bulk device volume, mapped from ADTestEnvironment (Mobile Device)"
"laptop075","LAPTOP-075","Windows","10.0.26100","TRUE","TRUE","TRUE","stano","Bulk","Bulk device volume, mapped from ADTestEnvironment (Workstation)"
"seaprojec076","SEA-PROJEC-076","MacOS","14.5","TRUE","TRUE","TRUE","miken","Bulk","Bulk device volume, mapped from ADTestEnvironment (Workstation)"
"mobile046","MOBILE-046","MacOS","14.5","FALSE","TRUE","TRUE","miken","Bulk","Bulk device volume, mapped from ADTestEnvironment (Mobile Device)"
"laptop076","LAPTOP-076","Windows","10.0.22631","FALSE","FALSE","TRUE","miken","Bulk","Bulk device volume, mapped from ADTestEnvironment (Workstation)"
"seastrate077","SEA-STRATE-077","IPhone","17.5.1","FALSE","FALSE","TRUE","jennim","Bulk","Bulk device volume, mapped from ADTestEnvironment (Workstation)"
"mobile047","MOBILE-047","MacOS","14.5","FALSE","FALSE","TRUE","jennim","Bulk","Bulk device volume, mapped from ADTestEnvironment (Mobile Device)"
"seaoperat078","SEA-OPERAT-078","MacOS","14.5","FALSE","FALSE","TRUE","keithd","Bulk","Bulk device volume, mapped from ADTestEnvironment (Workstation)"
"mobile048","MOBILE-048","Windows","10.0.22631","TRUE","TRUE","TRUE","keithd","Bulk","Bulk device volume, mapped from ADTestEnvironment (Mobile Device)"
"laptop078","LAPTOP-078","IPhone","17.5.1","TRUE","TRUE","TRUE","keithd","Bulk","Bulk device volume, mapped from ADTestEnvironment (Workstation)"
"seasales079","SEA-SALES-079","IPhone","17.5.1","TRUE","TRUE","TRUE","joses","Bulk","Bulk device volume, mapped from ADTestEnvironment (Workstation)"
"mobile049","MOBILE-049","MacOS","14.5","TRUE","TRUE","TRUE","joses","Bulk","Bulk device volume, mapped from ADTestEnvironment (Mobile Device)"
"laptop079","LAPTOP-079","Android","14","FALSE","FALSE","TRUE","joses","Bulk","Bulk device volume, mapped from ADTestEnvironment (Workstation)"
"remsalese080","REM-SALESE-080","Android","14","FALSE","FALSE","TRUE","lenea","Bulk","Bulk device volume, mapped from ADTestEnvironment (Workstation)"
"mobile050","MOBILE-050","IPhone","17.5.1","TRUE","TRUE","TRUE","lenea","Bulk","Bulk device volume, mapped from ADTestEnvironment (Mobile Device)"
"laptop080","LAPTOP-080","IPhone","17.5.1","TRUE","TRUE","TRUE","lenea","Bulk","Bulk device volume, mapped from ADTestEnvironment (Workstation)"
"seaprojec081","SEA-PROJEC-081","Windows","10.0.22631","TRUE","TRUE","TRUE","barryj","Bulk","Bulk device volume, mapped from ADTestEnvironment (Workstation)"
"mobile051","MOBILE-051","Windows","10.0.19045","TRUE","TRUE","TRUE","barryj","Bulk","Bulk device volume, mapped from ADTestEnvironment (Mobile Device)"
"laptop081","LAPTOP-081","MacOS","14.5","FALSE","TRUE","TRUE","barryj","Bulk","Bulk device volume, mapped from ADTestEnvironment (Workstation)"
"nycstrate082","NYC-STRATE-082","Windows","10.0.26100","TRUE","TRUE","TRUE","ellena","Bulk","Bulk device volume, mapped from ADTestEnvironment (Workstation)"
"mobile052","MOBILE-052","Windows","10.0.26100","TRUE","TRUE","TRUE","ellena","Bulk","Bulk device volume, mapped from ADTestEnvironment (Mobile Device)"
"laptop082","LAPTOP-082","MacOS","14.5","TRUE","TRUE","TRUE","ellena","Bulk","Bulk device volume, mapped from ADTestEnvironment (Workstation)"
"seaoperat083","SEA-OPERAT-083","Android","14","FALSE","FALSE","TRUE","bens","Bulk","Bulk device volume, mapped from ADTestEnvironment (Workstation)"
"mobile053","MOBILE-053","Windows","10.0.22631","FALSE","FALSE","TRUE","bens","Bulk","Bulk device volume, mapped from ADTestEnvironment (Mobile Device)"
"laptop083","LAPTOP-083","Windows","10.0.19045","TRUE","TRUE","TRUE","bens","Bulk","Bulk device volume, mapped from ADTestEnvironment (Workstation)"
"seaengengine084","SEA-ENG-ENGINE-084","Android","14","FALSE","TRUE","TRUE","davidz","Bulk","Bulk device volume, mapped from ADTestEnvironment (Workstation)"
"mobile054","MOBILE-054","Windows","10.0.26100","FALSE","FALSE","TRUE","davidz","Bulk","Bulk device volume, mapped from ADTestEnvironment (Mobile Device)"
"laptop084","LAPTOP-084","Android","14","TRUE","TRUE","TRUE","davidz","Bulk","Bulk device volume, mapped from ADTestEnvironment (Workstation)"
"seaengengine085","SEA-ENG-ENGINE-085","Windows","10.0.22631","FALSE","TRUE","TRUE","carolt","Bulk","Bulk device volume, mapped from ADTestEnvironment (Workstation)"
"mobile055","MOBILE-055","Windows","10.0.19045","FALSE","FALSE","TRUE","carolt","Bulk","Bulk device volume, mapped from ADTestEnvironment (Mobile Device)"
"laptop085","LAPTOP-085","Windows","10.0.26100","TRUE","TRUE","TRUE","carolt","Bulk","Bulk device volume, mapped from ADTestEnvironment (Workstation)"
"seaoperat086","SEA-OPERAT-086","MacOS","14.5","FALSE","FALSE","TRUE","erikac","Bulk","Bulk device volume, mapped from ADTestEnvironment (Workstation)"
"mobile056","MOBILE-056","Windows","10.0.26100","TRUE","TRUE","TRUE","erikac","Bulk","Bulk device volume, mapped from ADTestEnvironment (Mobile Device)"
"laptop086","LAPTOP-086","IPhone","17.5.1","FALSE","FALSE","TRUE","erikac","Bulk","Bulk device volume, mapped from ADTestEnvironment (Workstation)"
"seaprojec087","SEA-PROJEC-087","Windows","10.0.19045","TRUE","TRUE","TRUE","briang","Bulk","Bulk device volume, mapped from ADTestEnvironment (Workstation)"
"mobile057","MOBILE-057","Windows","10.0.26100","TRUE","TRUE","TRUE","briang","Bulk","Bulk device volume, mapped from ADTestEnvironment (Mobile Device)"
"laptop087","LAPTOP-087","IPhone","17.5.1","TRUE","TRUE","TRUE","briang","Bulk","Bulk device volume, mapped from ADTestEnvironment (Workstation)"
"loncrmstr088","LON-CRMSTR-088","Windows","10.0.26100","FALSE","FALSE","TRUE","syeda","Bulk","Bulk device volume, mapped from ADTestEnvironment (Workstation)"
"mobile058","MOBILE-058","Windows","10.0.22631","FALSE","FALSE","TRUE","syeda","Bulk","Bulk device volume, mapped from ADTestEnvironment (Mobile Device)"
"laptop088","LAPTOP-088","Windows","10.0.19045","TRUE","TRUE","TRUE","syeda","Bulk","Bulk device volume, mapped from ADTestEnvironment (Workstation)"
"lonconten089","LON-CONTEN-089","Windows","10.0.26100","TRUE","TRUE","TRUE","pedert","Bulk","Bulk device volume, mapped from ADTestEnvironment (Workstation)"
"mobile059","MOBILE-059","Windows","10.0.26100","FALSE","FALSE","TRUE","pedert","Bulk","Bulk device volume, mapped from ADTestEnvironment (Mobile Device)"
"lonconten090","LON-CONTEN-090","MacOS","14.5","FALSE","FALSE","TRUE","maryc","Bulk","Bulk device volume, mapped from ADTestEnvironment (Workstation)"
"mobile060","MOBILE-060","Windows","10.0.19045","TRUE","TRUE","TRUE","maryc","Bulk","Bulk device volume, mapped from ADTestEnvironment (Mobile Device)"
"lonconten091","LON-CONTEN-091","MacOS","14.5","TRUE","TRUE","TRUE","lisaa","Bulk","Bulk device volume, mapped from ADTestEnvironment (Workstation)"
"mobile061","MOBILE-061","Windows","10.0.26100","FALSE","FALSE","TRUE","lisaa","Bulk","Bulk device volume, mapped from ADTestEnvironment (Mobile Device)"
"lonconten092","LON-CONTEN-092","Windows","10.0.19045","TRUE","TRUE","TRUE","jiml","Bulk","Bulk device volume, mapped from ADTestEnvironment (Workstation)"
"mobile062","MOBILE-062","MacOS","14.5","FALSE","FALSE","TRUE","jiml","Bulk","Bulk device volume, mapped from ADTestEnvironment (Mobile Device)"
"lonconten093","LON-CONTEN-093","IPhone","17.5.1","TRUE","TRUE","TRUE","garethc","Bulk","Bulk device volume, mapped from ADTestEnvironment (Workstation)"
"mobile063","MOBILE-063","Windows","10.0.22631","FALSE","FALSE","TRUE","garethc","Bulk","Bulk device volume, mapped from ADTestEnvironment (Mobile Device)"
"loncrmstr094","LON-CRMSTR-094","Windows","10.0.26100","TRUE","TRUE","TRUE","karinl","Bulk","Bulk device volume, mapped from ADTestEnvironment (Workstation)"
"mobile064","MOBILE-064","Windows","10.0.19045","TRUE","TRUE","TRUE","karinl","Bulk","Bulk device volume, mapped from ADTestEnvironment (Mobile Device)"
"lonconten095","LON-CONTEN-095","Windows","10.0.26100","FALSE","FALSE","TRUE","davidh","Bulk","Bulk device volume, mapped from ADTestEnvironment (Workstation)"
"mobile065","MOBILE-065","Windows","10.0.19045","TRUE","TRUE","TRUE","davidh","Bulk","Bulk device volume, mapped from ADTestEnvironment (Mobile Device)"
"loncrmstr096","LON-CRMSTR-096","Android","14","FALSE","TRUE","TRUE","meravs","Bulk","Bulk device volume, mapped from ADTestEnvironment (Workstation)"
"mobile066","MOBILE-066","Windows","10.0.22631","TRUE","TRUE","TRUE","meravs","Bulk","Bulk device volume, mapped from ADTestEnvironment (Mobile Device)"
"lonconten097","LON-CONTEN-097","IPhone","17.5.1","FALSE","TRUE","TRUE","reinac","Bulk","Bulk device volume, mapped from ADTestEnvironment (Workstation)"
"mobile067","MOBILE-067","Windows","10.0.19045","FALSE","FALSE","TRUE","reinac","Bulk","Bulk device volume, mapped from ADTestEnvironment (Mobile Device)"
"nycconten098","NYC-CONTEN-098","Windows","10.0.19045","TRUE","TRUE","TRUE","robiny","Bulk","Bulk device volume, mapped from ADTestEnvironment (Workstation)"
"mobile068","MOBILE-068","MacOS","14.5","FALSE","FALSE","TRUE","robiny","Bulk","Bulk device volume, mapped from ADTestEnvironment (Mobile Device)"
"nycconten099","NYC-CONTEN-099","Android","14","FALSE","TRUE","TRUE","peters","Bulk","Bulk device volume, mapped from ADTestEnvironment (Workstation)"
"mobile069","MOBILE-069","Windows","10.0.26100","FALSE","FALSE","TRUE","peters","Bulk","Bulk device volume, mapped from ADTestEnvironment (Mobile Device)"
"nycconten100","NYC-CONTEN-100","Windows","10.0.26100","TRUE","TRUE","TRUE","vladime","Bulk","Bulk device volume, mapped from ADTestEnvironment (Workstation)"
"mobile070","MOBILE-070","Windows","10.0.26100","TRUE","TRUE","TRUE","vladime","Bulk","Bulk device volume, mapped from ADTestEnvironment (Mobile Device)"
"lonconten101","LON-CONTEN-101","Windows","10.0.26100","FALSE","FALSE","TRUE","estherv","Bulk","Bulk device volume, mapped from ADTestEnvironment (Workstation)"
"mobile071","MOBILE-071","Android","14","FALSE","TRUE","TRUE","estherv","Bulk","Bulk device volume, mapped from ADTestEnvironment (Mobile Device)"
"seastrate102","SEA-STRATE-102","IPhone","17.5.1","FALSE","TRUE","TRUE","lorik","Bulk","Bulk device volume, mapped from ADTestEnvironment (Workstation)"
"mobile072","MOBILE-072","Windows","10.0.19045","FALSE","FALSE","TRUE","lorik","Bulk","Bulk device volume, mapped from ADTestEnvironment (Mobile Device)"
"seaengengine103","SEA-ENG-ENGINE-103","MacOS","14.5","FALSE","FALSE","TRUE","cliffd","Bulk","Bulk device volume, mapped from ADTestEnvironment (Workstation)"
"mobile073","MOBILE-073","MacOS","14.5","FALSE","FALSE","TRUE","cliffd","Bulk","Bulk device volume, mapped from ADTestEnvironment (Mobile Device)"
"seaengengine104","SEA-ENG-ENGINE-104","Windows","10.0.22631","FALSE","TRUE","TRUE","cheny","Bulk","Bulk device volume, mapped from ADTestEnvironment (Workstation)"
"mobile074","MOBILE-074","Windows","10.0.19045","FALSE","FALSE","TRUE","cheny","Bulk","Bulk device volume, mapped from ADTestEnvironment (Mobile Device)"
"seaengengine105","SEA-ENG-ENGINE-105","Android","14","TRUE","TRUE","TRUE","bernart","Bulk","Bulk device volume, mapped from ADTestEnvironment (Workstation)"
"mobile075","MOBILE-075","Android","14","TRUE","TRUE","TRUE","bernart","Bulk","Bulk device volume, mapped from ADTestEnvironment (Mobile Device)"
"seaengengine106","SEA-ENG-ENGINE-106","IPhone","17.5.1","FALSE","FALSE","TRUE","aris","Bulk","Bulk device volume, mapped from ADTestEnvironment (Workstation)"
"mobile076","MOBILE-076","Windows","10.0.19045","FALSE","TRUE","TRUE","aris","Bulk","Bulk device volume, mapped from ADTestEnvironment (Mobile Device)"
"seacreati107","SEA-CREATI-107","IPhone","17.5.1","FALSE","FALSE","TRUE","anud","Bulk","Bulk device volume, mapped from ADTestEnvironment (Workstation)"
"mobile077","MOBILE-077","Android","14","FALSE","FALSE","TRUE","anud","Bulk","Bulk device volume, mapped from ADTestEnvironment (Mobile Device)"
"seaengengine108","SEA-ENG-ENGINE-108","IPhone","17.5.1","TRUE","TRUE","TRUE","allang","Bulk","Bulk device volume, mapped from ADTestEnvironment (Workstation)"
"mobile078","MOBILE-078","Windows","10.0.22631","FALSE","TRUE","TRUE","allang","Bulk","Bulk device volume, mapped from ADTestEnvironment (Mobile Device)"
"loncrmstr109","LON-CRMSTR-109","IPhone","17.5.1","FALSE","FALSE","TRUE","tobyn","Bulk","Bulk device volume, mapped from ADTestEnvironment (Workstation)"
"mobile079","MOBILE-079","Windows","10.0.19045","FALSE","FALSE","TRUE","tobyn","Bulk","Bulk device volume, mapped from ADTestEnvironment (Mobile Device)"
"loncrmstr110","LON-CRMSTR-110","Android","14","FALSE","FALSE","TRUE","tado","Bulk","Bulk device volume, mapped from ADTestEnvironment (Workstation)"
"mobile080","MOBILE-080","Windows","10.0.26100","TRUE","TRUE","TRUE","tado","Bulk","Bulk device volume, mapped from ADTestEnvironment (Mobile Device)"
"loncrmstr111","LON-CRMSTR-111","Windows","10.0.19045","FALSE","TRUE","TRUE","jeffw","Bulk","Bulk device volume, mapped from ADTestEnvironment (Workstation)"
"mobile081","MOBILE-081","MacOS","14.5","TRUE","TRUE","TRUE","jeffw","Bulk","Bulk device volume, mapped from ADTestEnvironment (Mobile Device)"
"nycstrate112","NYC-STRATE-112","Windows","10.0.26100","TRUE","TRUE","TRUE","frankm","Bulk","Bulk device volume, mapped from ADTestEnvironment (Workstation)"
"mobile082","MOBILE-082","Windows","10.0.19045","FALSE","FALSE","TRUE","frankm","Bulk","Bulk device volume, mapped from ADTestEnvironment (Mobile Device)"
"nycstrate113","NYC-STRATE-113","Android","14","TRUE","TRUE","TRUE","williav","Bulk","Bulk device volume, mapped from ADTestEnvironment (Workstation)"
"mobile083","MOBILE-083","Windows","10.0.19045","FALSE","TRUE","TRUE","williav","Bulk","Bulk device volume, mapped from ADTestEnvironment (Mobile Device)"
"nycstrate114","NYC-STRATE-114","MacOS","14.5","FALSE","FALSE","TRUE","sameert","Bulk","Bulk device volume, mapped from ADTestEnvironment (Workstation)"
"mobile084","MOBILE-084","Windows","10.0.22631","FALSE","FALSE","TRUE","sameert","Bulk","Bulk device volume, mapped from ADTestEnvironment (Mobile Device)"
"seastrate115","SEA-STRATE-115","Windows","10.0.26100","FALSE","FALSE","TRUE","jonj","Bulk","Bulk device volume, mapped from ADTestEnvironment (Workstation)"
"mobile085","MOBILE-085","IPhone","17.5.1","TRUE","TRUE","TRUE","jonj","Bulk","Bulk device volume, mapped from ADTestEnvironment (Mobile Device)"
"nycstrate116","NYC-STRATE-116","IPhone","17.5.1","TRUE","TRUE","TRUE","miker","Bulk","Bulk device volume, mapped from ADTestEnvironment (Workstation)"
"mobile086","MOBILE-086","MacOS","14.5","TRUE","TRUE","TRUE","miker","Bulk","Bulk device volume, mapped from ADTestEnvironment (Mobile Device)"
"seaconten117","SEA-CONTEN-117","Windows","10.0.26100","TRUE","TRUE","TRUE","roberto","Bulk","Bulk device volume, mapped from ADTestEnvironment (Workstation)"
"mobile087","MOBILE-087","Windows","10.0.22631","TRUE","TRUE","TRUE","roberto","Bulk","Bulk device volume, mapped from ADTestEnvironment (Mobile Device)"
"seastrate118","SEA-STRATE-118","Android","14","TRUE","TRUE","TRUE","lisam","Bulk","Bulk device volume, mapped from ADTestEnvironment (Workstation)"
"mobile088","MOBILE-088","Windows","10.0.22631","TRUE","TRUE","TRUE","lisam","Bulk","Bulk device volume, mapped from ADTestEnvironment (Mobile Device)"
"loncrmstr119","LON-CRMSTR-119","Android","14","TRUE","TRUE","TRUE","jasonc","Bulk","Bulk device volume, mapped from ADTestEnvironment (Workstation)"
"mobile089","MOBILE-089","MacOS","14.5","TRUE","TRUE","TRUE","jasonc","Bulk","Bulk device volume, mapped from ADTestEnvironment (Mobile Device)"
"seastrate120","SEA-STRATE-120","Windows","10.0.22631","TRUE","TRUE","TRUE","jimc","Bulk","Bulk device volume, mapped from ADTestEnvironment (Workstation)"
"mobile090","MOBILE-090","MacOS","14.5","FALSE","TRUE","TRUE","jimc","Bulk","Bulk device volume, mapped from ADTestEnvironment (Mobile Device)"
"seastrate121","SEA-STRATE-121","Windows","10.0.26100","TRUE","TRUE","TRUE","jesuse","Bulk","Bulk device volume, mapped from ADTestEnvironment (Workstation)"
"mobile091","MOBILE-091","Windows","10.0.19045","FALSE","TRUE","TRUE","jesuse","Bulk","Bulk device volume, mapped from ADTestEnvironment (Mobile Device)"
"seastrate122","SEA-STRATE-122","Windows","10.0.22631","TRUE","TRUE","TRUE","idanr","Bulk","Bulk device volume, mapped from ADTestEnvironment (Workstation)"
"mobile092","MOBILE-092","Windows","10.0.22631","TRUE","TRUE","TRUE","idanr","Bulk","Bulk device volume, mapped from ADTestEnvironment (Mobile Device)"
"seastrate123","SEA-STRATE-123","IPhone","17.5.1","FALSE","TRUE","TRUE","donh","Bulk","Bulk device volume, mapped from ADTestEnvironment (Workstation)"
"mobile093","MOBILE-093","MacOS","14.5","TRUE","TRUE","TRUE","donh","Bulk","Bulk device volume, mapped from ADTestEnvironment (Mobile Device)"
"seastrate124","SEA-STRATE-124","Windows","10.0.19045","FALSE","TRUE","TRUE","blained","Bulk","Bulk device volume, mapped from ADTestEnvironment (Workstation)"
"mobile094","MOBILE-094","Windows","10.0.26100","TRUE","TRUE","TRUE","blained","Bulk","Bulk device volume, mapped from ADTestEnvironment (Mobile Device)"
"seastrate125","SEA-STRATE-125","MacOS","14.5","TRUE","TRUE","TRUE","annew","Bulk","Bulk device volume, mapped from ADTestEnvironment (Workstation)"
"mobile095","MOBILE-095","Windows","10.0.22631","FALSE","TRUE","TRUE","annew","Bulk","Bulk device volume, mapped from ADTestEnvironment (Mobile Device)"
"seastrate126","SEA-STRATE-126","IPhone","17.5.1","FALSE","TRUE","TRUE","allisob","Bulk","Bulk device volume, mapped from ADTestEnvironment (Workstation)"
"mobile096","MOBILE-096","Windows","10.0.26100","FALSE","FALSE","TRUE","allisob","Bulk","Bulk device volume, mapped from ADTestEnvironment (Mobile Device)"
"seaengengine127","SEA-ENG-ENGINE-127","Windows","10.0.26100","FALSE","FALSE","TRUE","valeryu","Bulk","Bulk device volume, mapped from ADTestEnvironment (Workstation)"
"mobile097","MOBILE-097","Windows","10.0.22631","FALSE","FALSE","TRUE","valeryu","Bulk","Bulk device volume, mapped from ADTestEnvironment (Mobile Device)"
"loncrmstr128","LON-CRMSTR-128","Windows","10.0.19045","TRUE","TRUE","TRUE","toshm","Bulk","Bulk device volume, mapped from ADTestEnvironment (Workstation)"
"mobile098","MOBILE-098","Windows","10.0.22631","FALSE","TRUE","TRUE","toshm","Bulk","Bulk device volume, mapped from ADTestEnvironment (Mobile Device)"
"seaconten129","SEA-CONTEN-129","IPhone","17.5.1","FALSE","FALSE","TRUE","sanjayp","Bulk","Bulk device volume, mapped from ADTestEnvironment (Workstation)"
"mobile099","MOBILE-099","Android","14","FALSE","FALSE","TRUE","sanjayp","Bulk","Bulk device volume, mapped from ADTestEnvironment (Mobile Device)"
"nycstrate130","NYC-STRATE-130","Windows","10.0.22631","TRUE","TRUE","TRUE","rolandw","Bulk","Bulk device volume, mapped from ADTestEnvironment (Workstation)"
"mobile100","MOBILE-100","IPhone","17.5.1","TRUE","TRUE","TRUE","rolandw","Bulk","Bulk device volume, mapped from ADTestEnvironment (Mobile Device)"
"seacontrc131","SEA-CONTRC-131","Windows","10.0.19045","FALSE","FALSE","TRUE","davidd","Bulk","Bulk device volume, mapped from ADTestEnvironment (Workstation)"
"mobile101","MOBILE-101","IPhone","17.5.1","TRUE","TRUE","TRUE","davidd","Bulk","Bulk device volume, mapped from ADTestEnvironment (Mobile Device)"
"laptop131","LAPTOP-131","Windows","10.0.26100","TRUE","TRUE","TRUE","davidd","Bulk","Bulk device volume, mapped from ADTestEnvironment (Workstation)"
"seastrate132","SEA-STRATE-132","Windows","10.0.26100","FALSE","TRUE","TRUE","johny","Bulk","Bulk device volume, mapped from ADTestEnvironment (Workstation)"
"mobile102","MOBILE-102","Windows","10.0.19045","TRUE","TRUE","TRUE","johny","Bulk","Bulk device volume, mapped from ADTestEnvironment (Mobile Device)"
"seacontrc133","SEA-CONTRC-133","Android","14","FALSE","TRUE","TRUE","scottr","Bulk","Bulk device volume, mapped from ADTestEnvironment (Workstation)"
"mobile103","MOBILE-103","Android","14","TRUE","TRUE","TRUE","scottr","Bulk","Bulk device volume, mapped from ADTestEnvironment (Mobile Device)"
"laptop133","LAPTOP-133","Windows","10.0.19045","TRUE","TRUE","TRUE","scottr","Bulk","Bulk device volume, mapped from ADTestEnvironment (Workstation)"
"seacontrc134","SEA-CONTRC-134","Windows","10.0.22631","TRUE","TRUE","TRUE","humbera","Bulk","Bulk device volume, mapped from ADTestEnvironment (Workstation)"
"mobile104","MOBILE-104","Windows","10.0.22631","TRUE","TRUE","TRUE","humbera","Bulk","Bulk device volume, mapped from ADTestEnvironment (Mobile Device)"
"laptop134","LAPTOP-134","Windows","10.0.19045","FALSE","FALSE","TRUE","humbera","Bulk","Bulk device volume, mapped from ADTestEnvironment (Workstation)"
"seacontrc135","SEA-CONTRC-135","Windows","10.0.22631","FALSE","TRUE","TRUE","davids1","Bulk","Bulk device volume, mapped from ADTestEnvironment (Workstation)"
"mobile105","MOBILE-105","Android","14","TRUE","TRUE","TRUE","davids1","Bulk","Bulk device volume, mapped from ADTestEnvironment (Mobile Device)"
"laptop135","LAPTOP-135","Windows","10.0.22631","TRUE","TRUE","TRUE","davids1","Bulk","Bulk device volume, mapped from ADTestEnvironment (Workstation)"
"seacontrc136","SEA-CONTRC-136","Android","14","FALSE","TRUE","TRUE","andersm","Bulk","Bulk device volume, mapped from ADTestEnvironment (Workstation)"
"mobile106","MOBILE-106","Windows","10.0.26100","TRUE","TRUE","TRUE","andersm","Bulk","Bulk device volume, mapped from ADTestEnvironment (Mobile Device)"
"laptop136","LAPTOP-136","Android","14","TRUE","TRUE","TRUE","andersm","Bulk","Bulk device volume, mapped from ADTestEnvironment (Workstation)"
"seacontrc137","SEA-CONTRC-137","Windows","10.0.22631","FALSE","FALSE","TRUE","alexans","Bulk","Bulk device volume, mapped from ADTestEnvironment (Workstation)"
"mobile107","MOBILE-107","Windows","10.0.22631","TRUE","TRUE","TRUE","alexans","Bulk","Bulk device volume, mapped from ADTestEnvironment (Mobile Device)"
"laptop137","LAPTOP-137","Windows","10.0.19045","FALSE","TRUE","TRUE","alexans","Bulk","Bulk device volume, mapped from ADTestEnvironment (Workstation)"
"seacontrc138","SEA-CONTRC-138","Windows","10.0.19045","TRUE","TRUE","TRUE","stuartm","Bulk","Bulk device volume, mapped from ADTestEnvironment (Workstation)"
"mobile108","MOBILE-108","Windows","10.0.26100","FALSE","TRUE","TRUE","stuartm","Bulk","Bulk device volume, mapped from ADTestEnvironment (Mobile Device)"
"laptop138","LAPTOP-138","Windows","10.0.19045","FALSE","TRUE","TRUE","stuartm","Bulk","Bulk device volume, mapped from ADTestEnvironment (Workstation)"
"seacontrc139","SEA-CONTRC-139","Windows","10.0.22631","TRUE","TRUE","TRUE","qiongw","Bulk","Bulk device volume, mapped from ADTestEnvironment (Workstation)"
"mobile109","MOBILE-109","Windows","10.0.19045","TRUE","TRUE","TRUE","qiongw","Bulk","Bulk device volume, mapped from ADTestEnvironment (Mobile Device)"
"laptop139","LAPTOP-139","IPhone","17.5.1","TRUE","TRUE","TRUE","qiongw","Bulk","Bulk device volume, mapped from ADTestEnvironment (Workstation)"
"seacontrc140","SEA-CONTRC-140","Windows","10.0.19045","FALSE","FALSE","TRUE","michiko","Bulk","Bulk device volume, mapped from ADTestEnvironment (Workstation)"
"mobile110","MOBILE-110","MacOS","14.5","TRUE","TRUE","TRUE","michiko","Bulk","Bulk device volume, mapped from ADTestEnvironment (Mobile Device)"
"laptop140","LAPTOP-140","Windows","10.0.19045","FALSE","FALSE","TRUE","michiko","Bulk","Bulk device volume, mapped from ADTestEnvironment (Workstation)"
"seacontrc141","SEA-CONTRC-141","Windows","10.0.22631","TRUE","TRUE","TRUE","michaez","Bulk","Bulk device volume, mapped from ADTestEnvironment (Workstation)"
"mobile111","MOBILE-111","Android","14","TRUE","TRUE","TRUE","michaez","Bulk","Bulk device volume, mapped from ADTestEnvironment (Mobile Device)"
"laptop141","LAPTOP-141","Windows","10.0.19045","TRUE","TRUE","TRUE","michaez","Bulk","Bulk device volume, mapped from ADTestEnvironment (Workstation)"
"seacontrc142","SEA-CONTRC-142","MacOS","14.5","TRUE","TRUE","TRUE","maurict","Bulk","Bulk device volume, mapped from ADTestEnvironment (Workstation)"
"mobile112","MOBILE-112","Android","14","TRUE","TRUE","TRUE","maurict","Bulk","Bulk device volume, mapped from ADTestEnvironment (Mobile Device)"
"laptop142","LAPTOP-142","MacOS","14.5","TRUE","TRUE","TRUE","maurict","Bulk","Bulk device volume, mapped from ADTestEnvironment (Workstation)"
"seacontrc143","SEA-CONTRC-143","MacOS","14.5","FALSE","TRUE","TRUE","guidop","Bulk","Bulk device volume, mapped from ADTestEnvironment (Workstation)"
"mobile113","MOBILE-113","Windows","10.0.22631","FALSE","TRUE","TRUE","guidop","Bulk","Bulk device volume, mapped from ADTestEnvironment (Mobile Device)"
"laptop143","LAPTOP-143","Windows","10.0.19045","TRUE","TRUE","TRUE","guidop","Bulk","Bulk device volume, mapped from ADTestEnvironment (Workstation)"
"seacontrc144","SEA-CONTRC-144","IPhone","17.5.1","TRUE","TRUE","TRUE","jessica","Bulk","Bulk device volume, mapped from ADTestEnvironment (Workstation)"
"mobile114","MOBILE-114","IPhone","17.5.1","TRUE","TRUE","TRUE","jessica","Bulk","Bulk device volume, mapped from ADTestEnvironment (Mobile Device)"
"laptop144","LAPTOP-144","IPhone","17.5.1","TRUE","TRUE","TRUE","jessica","Bulk","Bulk device volume, mapped from ADTestEnvironment (Workstation)"
"seafinaccoun145","SEA-FIN-ACCOUN-145","MacOS","14.5","TRUE","TRUE","TRUE","chasec","Bulk","Bulk device volume, mapped from ADTestEnvironment (Workstation)"
"mobile115","MOBILE-115","Windows","10.0.22631","TRUE","TRUE","TRUE","chasec","Bulk","Bulk device volume, mapped from ADTestEnvironment (Mobile Device)"
"seacontrc146","SEA-CONTRC-146","Windows","10.0.22631","FALSE","TRUE","TRUE","terrenp","Bulk","Bulk device volume, mapped from ADTestEnvironment (Workstation)"
"mobile116","MOBILE-116","Windows","10.0.19045","TRUE","TRUE","TRUE","terrenp","Bulk","Bulk device volume, mapped from ADTestEnvironment (Mobile Device)"
"seacontrc147","SEA-CONTRC-147","Windows","10.0.22631","FALSE","FALSE","TRUE","hugog","Bulk","Bulk device volume, mapped from ADTestEnvironment (Workstation)"
"mobile117","MOBILE-117","IPhone","17.5.1","TRUE","TRUE","TRUE","hugog","Bulk","Bulk device volume, mapped from ADTestEnvironment (Mobile Device)"
"seacontrc148","SEA-CONTRC-148","MacOS","14.5","TRUE","TRUE","TRUE","jeremyl","Bulk","Bulk device volume, mapped from ADTestEnvironment (Workstation)"
"mobile118","MOBILE-118","Windows","10.0.26100","FALSE","TRUE","TRUE","jeremyl","Bulk","Bulk device volume, mapped from ADTestEnvironment (Mobile Device)"
"seacontrc149","SEA-CONTRC-149","IPhone","17.5.1","TRUE","TRUE","TRUE","johng","Bulk","Bulk device volume, mapped from ADTestEnvironment (Workstation)"
"mobile119","MOBILE-119","Windows","10.0.22631","TRUE","TRUE","TRUE","johng","Bulk","Bulk device volume, mapped from ADTestEnvironment (Mobile Device)"
"seacontrc150","SEA-CONTRC-150","Windows","10.0.19045","TRUE","TRUE","TRUE","linaa","Bulk","Bulk device volume, mapped from ADTestEnvironment (Workstation)"
"mobile120","MOBILE-120","Windows","10.0.26100","TRUE","TRUE","TRUE","linaa","Bulk","Bulk device volume, mapped from ADTestEnvironment (Mobile Device)"
"seacontrc151","SEA-CONTRC-151","Windows","10.0.22631","TRUE","TRUE","TRUE","markh","Bulk","Bulk device volume, mapped from ADTestEnvironment (Workstation)"
"mobile121","MOBILE-121","Windows","10.0.19045","TRUE","TRUE","TRUE","markh","Bulk","Bulk device volume, mapped from ADTestEnvironment (Mobile Device)"
"seacontrc152","SEA-CONTRC-152","Windows","10.0.19045","FALSE","TRUE","TRUE","jakas","Bulk","Bulk device volume, mapped from ADTestEnvironment (Workstation)"
"mobile122","MOBILE-122","Windows","10.0.26100","FALSE","TRUE","TRUE","jakas","Bulk","Bulk device volume, mapped from ADTestEnvironment (Mobile Device)"
"laptop152","LAPTOP-152","Windows","10.0.19045","FALSE","TRUE","TRUE","jakas","Bulk","Bulk device volume, mapped from ADTestEnvironment (Workstation)"
"seacontrc153","SEA-CONTRC-153","MacOS","14.5","TRUE","TRUE","TRUE","stevenw","Bulk","Bulk device volume, mapped from ADTestEnvironment (Workstation)"
"mobile123","MOBILE-123","Windows","10.0.19045","TRUE","TRUE","TRUE","stevenw","Bulk","Bulk device volume, mapped from ADTestEnvironment (Mobile Device)"
"seacontrc154","SEA-CONTRC-154","Windows","10.0.19045","TRUE","TRUE","TRUE","doughm","Bulk","Bulk device volume, mapped from ADTestEnvironment (Workstation)"
"mobile124","MOBILE-124","MacOS","14.5","TRUE","TRUE","TRUE","doughm","Bulk","Bulk device volume, mapped from ADTestEnvironment (Mobile Device)"
"laptop154","LAPTOP-154","Windows","10.0.22631","TRUE","TRUE","TRUE","doughm","Bulk","Bulk device volume, mapped from ADTestEnvironment (Workstation)"
"seacontrc155","SEA-CONTRC-155","Android","14","TRUE","TRUE","TRUE","andread","Bulk","Bulk device volume, mapped from ADTestEnvironment (Workstation)"
"mobile125","MOBILE-125","Windows","10.0.19045","FALSE","TRUE","TRUE","andread","Bulk","Bulk device volume, mapped from ADTestEnvironment (Mobile Device)"
"laptop155","LAPTOP-155","Windows","10.0.19045","TRUE","TRUE","TRUE","andread","Bulk","Bulk device volume, mapped from ADTestEnvironment (Workstation)"
"seacontrc156","SEA-CONTRC-156","Windows","10.0.22631","TRUE","TRUE","TRUE","carlosg","Bulk","Bulk device volume, mapped from ADTestEnvironment (Workstation)"
"mobile126","MOBILE-126","MacOS","14.5","FALSE","FALSE","TRUE","carlosg","Bulk","Bulk device volume, mapped from ADTestEnvironment (Mobile Device)"
"laptop156","LAPTOP-156","Windows","10.0.22631","FALSE","FALSE","TRUE","carlosg","Bulk","Bulk device volume, mapped from ADTestEnvironment (Workstation)"
"seacontrc157","SEA-CONTRC-157","MacOS","14.5","TRUE","TRUE","TRUE","chrism","Bulk","Bulk device volume, mapped from ADTestEnvironment (Workstation)"
"mobile127","MOBILE-127","Windows","10.0.19045","FALSE","FALSE","TRUE","chrism","Bulk","Bulk device volume, mapped from ADTestEnvironment (Mobile Device)"
"laptop157","LAPTOP-157","Windows","10.0.19045","FALSE","TRUE","TRUE","chrism","Bulk","Bulk device volume, mapped from ADTestEnvironment (Workstation)"
"seacontrc158","SEA-CONTRC-158","Windows","10.0.22631","TRUE","TRUE","TRUE","danb","Bulk","Bulk device volume, mapped from ADTestEnvironment (Workstation)"
"mobile128","MOBILE-128","Windows","10.0.19045","TRUE","TRUE","TRUE","danb","Bulk","Bulk device volume, mapped from ADTestEnvironment (Mobile Device)"
"laptop158","LAPTOP-158","Windows","10.0.19045","FALSE","TRUE","TRUE","danb","Bulk","Bulk device volume, mapped from ADTestEnvironment (Workstation)"
"seacontrc159","SEA-CONTRC-159","Windows","10.0.22631","TRUE","TRUE","TRUE","danield","Bulk","Bulk device volume, mapped from ADTestEnvironment (Workstation)"
"mobile129","MOBILE-129","Windows","10.0.19045","FALSE","FALSE","TRUE","danield","Bulk","Bulk device volume, mapped from ADTestEnvironment (Mobile Device)"
"laptop159","LAPTOP-159","Windows","10.0.22631","TRUE","TRUE","TRUE","danield","Bulk","Bulk device volume, mapped from ADTestEnvironment (Workstation)"
"seafinaccoun160","SEA-FIN-ACCOUN-160","IPhone","17.5.1","FALSE","TRUE","TRUE","jamesw","Bulk","Bulk device volume, mapped from ADTestEnvironment (Workstation)"
"mobile130","MOBILE-130","Windows","10.0.26100","TRUE","TRUE","TRUE","jamesw","Bulk","Bulk device volume, mapped from ADTestEnvironment (Mobile Device)"
"seacontrc161","SEA-CONTRC-161","MacOS","14.5","FALSE","FALSE","TRUE","scottm","Bulk","Bulk device volume, mapped from ADTestEnvironment (Workstation)"
"mobile131","MOBILE-131","Windows","10.0.19045","TRUE","TRUE","TRUE","scottm","Bulk","Bulk device volume, mapped from ADTestEnvironment (Mobile Device)"
"seastrate162","SEA-STRATE-162","Windows","10.0.22631","TRUE","TRUE","TRUE","reneel","Bulk","Bulk device volume, mapped from ADTestEnvironment (Workstation)"
"mobile132","MOBILE-132","MacOS","14.5","TRUE","TRUE","TRUE","reneel","Bulk","Bulk device volume, mapped from ADTestEnvironment (Mobile Device)"
"nycconten163","NYC-CONTEN-163","Windows","10.0.22631","FALSE","TRUE","TRUE","carid","Bulk","Bulk device volume, mapped from ADTestEnvironment (Workstation)"
"mobile133","MOBILE-133","MacOS","14.5","TRUE","TRUE","TRUE","carid","Bulk","Bulk device volume, mapped from ADTestEnvironment (Mobile Device)"
"seaconten164","SEA-CONTEN-164","Windows","10.0.26100","FALSE","FALSE","TRUE","alfonsp","Bulk","Bulk device volume, mapped from ADTestEnvironment (Workstation)"
"mobile134","MOBILE-134","Windows","10.0.26100","FALSE","TRUE","TRUE","alfonsp","Bulk","Bulk device volume, mapped from ADTestEnvironment (Mobile Device)"
"seaconten165","SEA-CONTEN-165","IPhone","17.5.1","FALSE","FALSE","TRUE","matth","Bulk","Bulk device volume, mapped from ADTestEnvironment (Workstation)"
"mobile135","MOBILE-135","MacOS","14.5","TRUE","TRUE","TRUE","matth","Bulk","Bulk device volume, mapped from ADTestEnvironment (Mobile Device)"
"loncrmstr166","LON-CRMSTR-166","Windows","10.0.26100","TRUE","TRUE","TRUE","lorrain","Bulk","Bulk device volume, mapped from ADTestEnvironment (Workstation)"
"mobile136","MOBILE-136","Windows","10.0.26100","TRUE","TRUE","TRUE","lorrain","Bulk","Bulk device volume, mapped from ADTestEnvironment (Mobile Device)"
"seastrate167","SEA-STRATE-167","Windows","10.0.19045","FALSE","TRUE","TRUE","ibent","Bulk","Bulk device volume, mapped from ADTestEnvironment (Workstation)"
"mobile137","MOBILE-137","Android","14","TRUE","TRUE","TRUE","ibent","Bulk","Bulk device volume, mapped from ADTestEnvironment (Mobile Device)"
"seaconten168","SEA-CONTEN-168","Windows","10.0.26100","FALSE","TRUE","TRUE","magnush","Bulk","Bulk device volume, mapped from ADTestEnvironment (Workstation)"
"mobile138","MOBILE-138","MacOS","14.5","TRUE","TRUE","TRUE","magnush","Bulk","Bulk device volume, mapped from ADTestEnvironment (Mobile Device)"
"laptop168","LAPTOP-168","IPhone","17.5.1","FALSE","FALSE","TRUE","magnush","Bulk","Bulk device volume, mapped from ADTestEnvironment (Workstation)"
"seaconten169","SEA-CONTEN-169","MacOS","14.5","FALSE","FALSE","TRUE","erica","Bulk","Bulk device volume, mapped from ADTestEnvironment (Workstation)"
"mobile139","MOBILE-139","Android","14","FALSE","FALSE","TRUE","erica","Bulk","Bulk device volume, mapped from ADTestEnvironment (Mobile Device)"
"seaengengine170","SEA-ENG-ENGINE-170","Windows","10.0.22631","TRUE","TRUE","TRUE","corinnb","Bulk","Bulk device volume, mapped from ADTestEnvironment (Workstation)"
"mobile140","MOBILE-140","MacOS","14.5","FALSE","TRUE","TRUE","corinnb","Bulk","Bulk device volume, mapped from ADTestEnvironment (Mobile Device)"
"seastrate171","SEA-STRATE-171","Windows","10.0.26100","FALSE","FALSE","TRUE","treyp","Bulk","Bulk device volume, mapped from ADTestEnvironment (Workstation)"
"mobile141","MOBILE-141","Windows","10.0.22631","TRUE","TRUE","TRUE","treyp","Bulk","Bulk device volume, mapped from ADTestEnvironment (Mobile Device)"
"seasales172","SEA-SALES-172","IPhone","17.5.1","TRUE","TRUE","TRUE","johnk","Bulk","Bulk device volume, mapped from ADTestEnvironment (Workstation)"
"mobile142","MOBILE-142","Windows","10.0.22631","TRUE","TRUE","TRUE","johnk","Bulk","Bulk device volume, mapped from ADTestEnvironment (Mobile Device)"
"seastrate173","SEA-STRATE-173","Windows","10.0.19045","TRUE","TRUE","TRUE","parnak","Bulk","Bulk device volume, mapped from ADTestEnvironment (Workstation)"
"mobile143","MOBILE-143","Windows","10.0.22631","TRUE","TRUE","TRUE","parnak","Bulk","Bulk device volume, mapped from ADTestEnvironment (Mobile Device)"
"seastrate174","SEA-STRATE-174","Windows","10.0.19045","TRUE","TRUE","TRUE","kimr","Bulk","Bulk device volume, mapped from ADTestEnvironment (Workstation)"
"mobile144","MOBILE-144","Android","14","FALSE","TRUE","TRUE","kimr","Bulk","Bulk device volume, mapped from ADTestEnvironment (Mobile Device)"
"seastrate175","SEA-STRATE-175","Android","14","FALSE","FALSE","TRUE","jank","Bulk","Bulk device volume, mapped from ADTestEnvironment (Workstation)"
"mobile145","MOBILE-145","Windows","10.0.26100","FALSE","TRUE","TRUE","jank","Bulk","Bulk device volume, mapped from ADTestEnvironment (Mobile Device)"
"seacontrc176","SEA-CONTRC-176","Windows","10.0.19045","FALSE","TRUE","TRUE","thomash","Bulk","Bulk device volume, mapped from ADTestEnvironment (Workstation)"
"mobile146","MOBILE-146","Windows","10.0.26100","TRUE","TRUE","TRUE","thomash","Bulk","Bulk device volume, mapped from ADTestEnvironment (Mobile Device)"
"laptop176","LAPTOP-176","MacOS","14.5","TRUE","TRUE","TRUE","thomash","Bulk","Bulk device volume, mapped from ADTestEnvironment (Workstation)"
"seastrate177","SEA-STRATE-177","Windows","10.0.19045","FALSE","FALSE","TRUE","lolans","Bulk","Bulk device volume, mapped from ADTestEnvironment (Workstation)"
"mobile147","MOBILE-147","IPhone","17.5.1","TRUE","TRUE","TRUE","lolans","Bulk","Bulk device volume, mapped from ADTestEnvironment (Mobile Device)"
"seafinaccoun178","SEA-FIN-ACCOUN-178","Android","14","FALSE","FALSE","TRUE","larsh","Bulk","Bulk device volume, mapped from ADTestEnvironment (Workstation)"
"mobile148","MOBILE-148","Android","14","FALSE","FALSE","TRUE","larsh","Bulk","Bulk device volume, mapped from ADTestEnvironment (Mobile Device)"
"laptop178","LAPTOP-178","Android","14","TRUE","TRUE","TRUE","larsh","Bulk","Bulk device volume, mapped from ADTestEnvironment (Workstation)"
"seafinaccoun179","SEA-FIN-ACCOUN-179","MacOS","14.5","FALSE","FALSE","TRUE","jillf","Bulk","Bulk device volume, mapped from ADTestEnvironment (Workstation)"
"mobile149","MOBILE-149","Windows","10.0.22631","TRUE","TRUE","TRUE","jillf","Bulk","Bulk device volume, mapped from ADTestEnvironment (Mobile Device)"
"seafinaccoun180","SEA-FIN-ACCOUN-180","Android","14","TRUE","TRUE","TRUE","joell","Bulk","Bulk device volume, mapped from ADTestEnvironment (Workstation)"
"mobile150","MOBILE-150","MacOS","14.5","FALSE","TRUE","TRUE","joell","Bulk","Bulk device volume, mapped from ADTestEnvironment (Mobile Device)"
"seastrate181","SEA-STRATE-181","Android","14","TRUE","TRUE","TRUE","johne","Bulk","Bulk device volume, mapped from ADTestEnvironment (Workstation)"
"mobile151","MOBILE-151","Windows","10.0.26100","FALSE","TRUE","TRUE","johne","Bulk","Bulk device volume, mapped from ADTestEnvironment (Mobile Device)"
"seastrate182","SEA-STRATE-182","Windows","10.0.26100","TRUE","TRUE","TRUE","junc","Bulk","Bulk device volume, mapped from ADTestEnvironment (Workstation)"
"mobile152","MOBILE-152","Android","14","TRUE","TRUE","TRUE","junc","Bulk","Bulk device volume, mapped from ADTestEnvironment (Mobile Device)"
"seastrate183","SEA-STRATE-183","MacOS","14.5","TRUE","TRUE","TRUE","tonyw","Bulk","Bulk device volume, mapped from ADTestEnvironment (Workstation)"
"mobile153","MOBILE-153","IPhone","17.5.1","TRUE","TRUE","TRUE","tonyw","Bulk","Bulk device volume, mapped from ADTestEnvironment (Mobile Device)"
"seastrate184","SEA-STRATE-184","Windows","10.0.19045","TRUE","TRUE","TRUE","kennetc","Bulk","Bulk device volume, mapped from ADTestEnvironment (Workstation)"
"mobile154","MOBILE-154","Windows","10.0.22631","TRUE","TRUE","TRUE","kennetc","Bulk","Bulk device volume, mapped from ADTestEnvironment (Mobile Device)"
"seastrate185","SEA-STRATE-185","Windows","10.0.22631","TRUE","TRUE","TRUE","stevem","Bulk","Bulk device volume, mapped from ADTestEnvironment (Workstation)"
"mobile155","MOBILE-155","Android","14","TRUE","TRUE","TRUE","stevem","Bulk","Bulk device volume, mapped from ADTestEnvironment (Mobile Device)"
"seastrate186","SEA-STRATE-186","Windows","10.0.22631","FALSE","TRUE","TRUE","lubork","Bulk","Bulk device volume, mapped from ADTestEnvironment (Workstation)"
"mobile156","MOBILE-156","Windows","10.0.19045","FALSE","TRUE","TRUE","lubork","Bulk","Bulk device volume, mapped from ADTestEnvironment (Mobile Device)"
"seastrate187","SEA-STRATE-187","Windows","10.0.22631","FALSE","FALSE","TRUE","michael","Bulk","Bulk device volume, mapped from ADTestEnvironment (Workstation)"
"mobile157","MOBILE-157","MacOS","14.5","FALSE","FALSE","TRUE","michael","Bulk","Bulk device volume, mapped from ADTestEnvironment (Mobile Device)"
"seastrate188","SEA-STRATE-188","Windows","10.0.19045","FALSE","FALSE","TRUE","michal1","Bulk","Bulk device volume, mapped from ADTestEnvironment (Workstation)"
"mobile158","MOBILE-158","Windows","10.0.19045","TRUE","TRUE","TRUE","michal1","Bulk","Bulk device volume, mapped from ADTestEnvironment (Mobile Device)"
"seastrate189","SEA-STRATE-189","Windows","10.0.22631","TRUE","TRUE","TRUE","michaes","Bulk","Bulk device volume, mapped from ADTestEnvironment (Workstation)"
"mobile159","MOBILE-159","MacOS","14.5","FALSE","FALSE","TRUE","michaes","Bulk","Bulk device volume, mapped from ADTestEnvironment (Mobile Device)"
"seastrate190","SEA-STRATE-190","Windows","10.0.19045","TRUE","TRUE","TRUE","rayc","Bulk","Bulk device volume, mapped from ADTestEnvironment (Workstation)"
"mobile160","MOBILE-160","Windows","10.0.26100","TRUE","TRUE","TRUE","rayc","Bulk","Bulk device volume, mapped from ADTestEnvironment (Mobile Device)"
"nycconten191","NYC-CONTEN-191","Android","14","TRUE","TRUE","TRUE","dianeg","Bulk","Bulk device volume, mapped from ADTestEnvironment (Workstation)"
"mobile161","MOBILE-161","Windows","10.0.19045","FALSE","TRUE","TRUE","dianeg","Bulk","Bulk device volume, mapped from ADTestEnvironment (Mobile Device)"
"seastrate192","SEA-STRATE-192","Windows","10.0.26100","FALSE","FALSE","TRUE","kenm","Bulk","Bulk device volume, mapped from ADTestEnvironment (Workstation)"
"mobile162","MOBILE-162","Windows","10.0.22631","FALSE","FALSE","TRUE","kenm","Bulk","Bulk device volume, mapped from ADTestEnvironment (Mobile Device)"
"seaprojec193","SEA-PROJEC-193","Windows","10.0.22631","TRUE","TRUE","TRUE","manueam","Bulk","Bulk device volume, mapped from ADTestEnvironment (Workstation)"
"mobile163","MOBILE-163","Windows","10.0.19045","TRUE","TRUE","TRUE","manueam","Bulk","Bulk device volume, mapped from ADTestEnvironment (Mobile Device)"
"laptop193","LAPTOP-193","MacOS","14.5","FALSE","TRUE","TRUE","manueam","Bulk","Bulk device volume, mapped from ADTestEnvironment (Workstation)"
"seasales194","SEA-SALES-194","IPhone","17.5.1","FALSE","FALSE","TRUE","lucad","Bulk","Bulk device volume, mapped from ADTestEnvironment (Workstation)"
"mobile164","MOBILE-164","Windows","10.0.22631","TRUE","TRUE","TRUE","lucad","Bulk","Bulk device volume, mapped from ADTestEnvironment (Mobile Device)"
"seaprojec195","SEA-PROJEC-195","Windows","10.0.19045","TRUE","TRUE","TRUE","ivos","Bulk","Bulk device volume, mapped from ADTestEnvironment (Workstation)"
"mobile165","MOBILE-165","Windows","10.0.19045","FALSE","TRUE","TRUE","ivos","Bulk","Bulk device volume, mapped from ADTestEnvironment (Mobile Device)"
"laptop195","LAPTOP-195","Android","14","TRUE","TRUE","TRUE","ivos","Bulk","Bulk device volume, mapped from ADTestEnvironment (Workstation)"
"lonsales196","LON-SALES-196","IPhone","17.5.1","TRUE","TRUE","TRUE","howardg","Bulk","Bulk device volume, mapped from ADTestEnvironment (Workstation)"
"mobile166","MOBILE-166","IPhone","17.5.1","TRUE","TRUE","TRUE","howardg","Bulk","Bulk device volume, mapped from ADTestEnvironment (Mobile Device)"
"bossales197","BOS-SALES-197","Windows","10.0.26100","TRUE","TRUE","TRUE","elizaba","Bulk","Bulk device volume, mapped from ADTestEnvironment (Workstation)"
"mobile167","MOBILE-167","Windows","10.0.22631","TRUE","TRUE","TRUE","elizaba","Bulk","Bulk device volume, mapped from ADTestEnvironment (Mobile Device)"
"seaprojec198","SEA-PROJEC-198","MacOS","14.5","TRUE","TRUE","TRUE","denisd","Bulk","Bulk device volume, mapped from ADTestEnvironment (Workstation)"
"mobile168","MOBILE-168","MacOS","14.5","FALSE","TRUE","TRUE","denisd","Bulk","Bulk device volume, mapped from ADTestEnvironment (Mobile Device)"
"laptop198","LAPTOP-198","MacOS","14.5","TRUE","TRUE","TRUE","denisd","Bulk","Bulk device volume, mapped from ADTestEnvironment (Workstation)"
"atlsales199","ATL-SALES-199","Windows","10.0.22631","TRUE","TRUE","TRUE","davidw","Bulk","Bulk device volume, mapped from ADTestEnvironment (Workstation)"
"mobile169","MOBILE-169","Windows","10.0.19045","TRUE","TRUE","TRUE","davidw","Bulk","Bulk device volume, mapped from ADTestEnvironment (Mobile Device)"
"seaprojec200","SEA-PROJEC-200","Windows","10.0.26100","FALSE","TRUE","TRUE","chrisb","Bulk","Bulk device volume, mapped from ADTestEnvironment (Workstation)"
"mobile170","MOBILE-170","IPhone","17.5.1","TRUE","TRUE","TRUE","chrisb","Bulk","Bulk device volume, mapped from ADTestEnvironment (Mobile Device)"
"laptop200","LAPTOP-200","Windows","10.0.22631","FALSE","TRUE","TRUE","chrisb","Bulk","Bulk device volume, mapped from ADTestEnvironment (Workstation)"
"seaprojec201","SEA-PROJEC-201","Android","14","TRUE","TRUE","TRUE","aylak","Bulk","Bulk device volume, mapped from ADTestEnvironment (Workstation)"
"mobile171","MOBILE-171","Windows","10.0.19045","TRUE","TRUE","TRUE","aylak","Bulk","Bulk device volume, mapped from ADTestEnvironment (Mobile Device)"
"laptop201","LAPTOP-201","Windows","10.0.19045","FALSE","FALSE","TRUE","aylak","Bulk","Bulk device volume, mapped from ADTestEnvironment (Workstation)"
"seaprojec202","SEA-PROJEC-202","Windows","10.0.19045","FALSE","TRUE","TRUE","alisal","Bulk","Bulk device volume, mapped from ADTestEnvironment (Workstation)"
"mobile172","MOBILE-172","IPhone","17.5.1","TRUE","TRUE","TRUE","alisal","Bulk","Bulk device volume, mapped from ADTestEnvironment (Mobile Device)"
"laptop202","LAPTOP-202","Windows","10.0.26100","FALSE","FALSE","TRUE","alisal","Bulk","Bulk device volume, mapped from ADTestEnvironment (Workstation)"
"seaprojec203","SEA-PROJEC-203","Windows","10.0.26100","FALSE","FALSE","TRUE","simonr","Bulk","Bulk device volume, mapped from ADTestEnvironment (Workstation)"
"mobile173","MOBILE-173","MacOS","14.5","TRUE","TRUE","TRUE","simonr","Bulk","Bulk device volume, mapped from ADTestEnvironment (Mobile Device)"
"laptop203","LAPTOP-203","Android","14","FALSE","FALSE","TRUE","simonr","Bulk","Bulk device volume, mapped from ADTestEnvironment (Workstation)"
"seaprojec204","SEA-PROJEC-204","IPhone","17.5.1","TRUE","TRUE","TRUE","robb","Bulk","Bulk device volume, mapped from ADTestEnvironment (Workstation)"
"mobile174","MOBILE-174","IPhone","17.5.1","TRUE","TRUE","TRUE","robb","Bulk","Bulk device volume, mapped from ADTestEnvironment (Mobile Device)"
"laptop204","LAPTOP-204","Windows","10.0.22631","TRUE","TRUE","TRUE","robb","Bulk","Bulk device volume, mapped from ADTestEnvironment (Workstation)"
"seasales205","SEA-SALES-205","Windows","10.0.26100","FALSE","TRUE","TRUE","hazema","Bulk","Bulk device volume, mapped from ADTestEnvironment (Workstation)"
"mobile175","MOBILE-175","Windows","10.0.22631","TRUE","TRUE","TRUE","hazema","Bulk","Bulk device volume, mapped from ADTestEnvironment (Mobile Device)"
"seaprojec206","SEA-PROJEC-206","IPhone","17.5.1","TRUE","TRUE","TRUE","nedf","Bulk","Bulk device volume, mapped from ADTestEnvironment (Workstation)"
"mobile176","MOBILE-176","Windows","10.0.26100","TRUE","TRUE","TRUE","nedf","Bulk","Bulk device volume, mapped from ADTestEnvironment (Mobile Device)"
"laptop206","LAPTOP-206","Windows","10.0.22631","FALSE","FALSE","TRUE","nedf","Bulk","Bulk device volume, mapped from ADTestEnvironment (Workstation)"
"seaprojec207","SEA-PROJEC-207","Android","14","TRUE","TRUE","TRUE","richart","Bulk","Bulk device volume, mapped from ADTestEnvironment (Workstation)"
"mobile177","MOBILE-177","Windows","10.0.19045","TRUE","TRUE","TRUE","richart","Bulk","Bulk device volume, mapped from ADTestEnvironment (Mobile Device)"
"laptop207","LAPTOP-207","Android","14","TRUE","TRUE","TRUE","richart","Bulk","Bulk device volume, mapped from ADTestEnvironment (Workstation)"
"seaprojec208","SEA-PROJEC-208","Android","14","FALSE","TRUE","TRUE","donf","Bulk","Bulk device volume, mapped from ADTestEnvironment (Workstation)"
"mobile178","MOBILE-178","Android","14","TRUE","TRUE","TRUE","donf","Bulk","Bulk device volume, mapped from ADTestEnvironment (Mobile Device)"
"laptop208","LAPTOP-208","Android","14","TRUE","TRUE","TRUE","donf","Bulk","Bulk device volume, mapped from ADTestEnvironment (Workstation)"
"seaprojec209","SEA-PROJEC-209","Windows","10.0.22631","TRUE","TRUE","TRUE","daven","Bulk","Bulk device volume, mapped from ADTestEnvironment (Workstation)"
"mobile179","MOBILE-179","IPhone","17.5.1","TRUE","TRUE","TRUE","daven","Bulk","Bulk device volume, mapped from ADTestEnvironment (Mobile Device)"
"laptop209","LAPTOP-209","Windows","10.0.22631","TRUE","TRUE","TRUE","daven","Bulk","Bulk device volume, mapped from ADTestEnvironment (Workstation)"
"seaprojec210","SEA-PROJEC-210","Windows","10.0.19045","TRUE","TRUE","TRUE","christr","Bulk","Bulk device volume, mapped from ADTestEnvironment (Workstation)"
"mobile180","MOBILE-180","MacOS","14.5","FALSE","TRUE","TRUE","christr","Bulk","Bulk device volume, mapped from ADTestEnvironment (Mobile Device)"
"laptop210","LAPTOP-210","Windows","10.0.19045","TRUE","TRUE","TRUE","christr","Bulk","Bulk device volume, mapped from ADTestEnvironment (Workstation)"
"seaprojec211","SEA-PROJEC-211","IPhone","17.5.1","FALSE","FALSE","TRUE","tedb","Bulk","Bulk device volume, mapped from ADTestEnvironment (Workstation)"
"mobile181","MOBILE-181","MacOS","14.5","FALSE","FALSE","TRUE","tedb","Bulk","Bulk device volume, mapped from ADTestEnvironment (Mobile Device)"
"laptop211","LAPTOP-211","IPhone","17.5.1","FALSE","TRUE","TRUE","tedb","Bulk","Bulk device volume, mapped from ADTestEnvironment (Workstation)"
"seaprojec212","SEA-PROJEC-212","Android","14","TRUE","TRUE","TRUE","seanp","Bulk","Bulk device volume, mapped from ADTestEnvironment (Workstation)"
"mobile182","MOBILE-182","IPhone","17.5.1","FALSE","FALSE","TRUE","seanp","Bulk","Bulk device volume, mapped from ADTestEnvironment (Mobile Device)"
"laptop212","LAPTOP-212","Windows","10.0.19045","TRUE","TRUE","TRUE","seanp","Bulk","Bulk device volume, mapped from ADTestEnvironment (Workstation)"
"seaprojec213","SEA-PROJEC-213","IPhone","17.5.1","FALSE","TRUE","TRUE","raym","Bulk","Bulk device volume, mapped from ADTestEnvironment (Workstation)"
"mobile183","MOBILE-183","Windows","10.0.19045","FALSE","FALSE","TRUE","raym","Bulk","Bulk device volume, mapped from ADTestEnvironment (Mobile Device)"
"laptop213","LAPTOP-213","Windows","10.0.22631","TRUE","TRUE","TRUE","raym","Bulk","Bulk device volume, mapped from ADTestEnvironment (Workstation)"
"seaprojec214","SEA-PROJEC-214","Windows","10.0.26100","FALSE","TRUE","TRUE","miket","Bulk","Bulk device volume, mapped from ADTestEnvironment (Workstation)"
"mobile184","MOBILE-184","Windows","10.0.19045","TRUE","TRUE","TRUE","miket","Bulk","Bulk device volume, mapped from ADTestEnvironment (Mobile Device)"
"laptop214","LAPTOP-214","Windows","10.0.22631","FALSE","TRUE","TRUE","miket","Bulk","Bulk device volume, mapped from ADTestEnvironment (Workstation)"
"seaprojec215","SEA-PROJEC-215","Windows","10.0.26100","TRUE","TRUE","TRUE","margara","Bulk","Bulk device volume, mapped from ADTestEnvironment (Workstation)"
"mobile185","MOBILE-185","Windows","10.0.22631","TRUE","TRUE","TRUE","margara","Bulk","Bulk device volume, mapped from ADTestEnvironment (Mobile Device)"
"laptop215","LAPTOP-215","Windows","10.0.19045","TRUE","TRUE","TRUE","margara","Bulk","Bulk device volume, mapped from ADTestEnvironment (Workstation)"
"seaprojec216","SEA-PROJEC-216","MacOS","14.5","TRUE","TRUE","TRUE","jespera","Bulk","Bulk device volume, mapped from ADTestEnvironment (Workstation)"
"mobile186","MOBILE-186","Android","14","TRUE","TRUE","TRUE","jespera","Bulk","Bulk device volume, mapped from ADTestEnvironment (Mobile Device)"
"laptop216","LAPTOP-216","Windows","10.0.22631","FALSE","TRUE","TRUE","jespera","Bulk","Bulk device volume, mapped from ADTestEnvironment (Workstation)"
"seaprojec217","SEA-PROJEC-217","Windows","10.0.22631","TRUE","TRUE","TRUE","dannio","Bulk","Bulk device volume, mapped from ADTestEnvironment (Workstation)"
"mobile187","MOBILE-187","Windows","10.0.19045","FALSE","FALSE","TRUE","dannio","Bulk","Bulk device volume, mapped from ADTestEnvironment (Mobile Device)"
"laptop217","LAPTOP-217","Android","14","TRUE","TRUE","TRUE","dannio","Bulk","Bulk device volume, mapped from ADTestEnvironment (Workstation)"
"seaprojec218","SEA-PROJEC-218","Windows","10.0.26100","TRUE","TRUE","TRUE","andyj","Bulk","Bulk device volume, mapped from ADTestEnvironment (Workstation)"
"mobile188","MOBILE-188","Windows","10.0.22631","TRUE","TRUE","TRUE","andyj","Bulk","Bulk device volume, mapped from ADTestEnvironment (Mobile Device)"
"laptop218","LAPTOP-218","IPhone","17.5.1","TRUE","TRUE","TRUE","andyj","Bulk","Bulk device volume, mapped from ADTestEnvironment (Workstation)"
"seaoperat219","SEA-OPERAT-219","MacOS","14.5","TRUE","TRUE","TRUE","mchielw","Bulk","Bulk device volume, mapped from ADTestEnvironment (Workstation)"
"mobile189","MOBILE-189","Windows","10.0.19045","FALSE","TRUE","TRUE","mchielw","Bulk","Bulk device volume, mapped from ADTestEnvironment (Mobile Device)"
"laptop219","LAPTOP-219","Windows","10.0.19045","TRUE","TRUE","TRUE","mchielw","Bulk","Bulk device volume, mapped from ADTestEnvironment (Workstation)"
"seaprojec220","SEA-PROJEC-220","IPhone","17.5.1","TRUE","TRUE","TRUE","nuriag","Bulk","Bulk device volume, mapped from ADTestEnvironment (Workstation)"
"mobile190","MOBILE-190","Windows","10.0.19045","FALSE","FALSE","TRUE","nuriag","Bulk","Bulk device volume, mapped from ADTestEnvironment (Mobile Device)"
"laptop220","LAPTOP-220","MacOS","14.5","FALSE","FALSE","TRUE","nuriag","Bulk","Bulk device volume, mapped from ADTestEnvironment (Workstation)"
"remsalese221","REM-SALESE-221","Windows","10.0.22631","TRUE","TRUE","TRUE","tyc","Bulk","Bulk device volume, mapped from ADTestEnvironment (Workstation)"
"mobile191","MOBILE-191","Windows","10.0.22631","TRUE","TRUE","TRUE","tyc","Bulk","Bulk device volume, mapped from ADTestEnvironment (Mobile Device)"
"seasenior222","SEA-SENIOR-222","Windows","10.0.26100","FALSE","TRUE","TRUE","cassieh","Bulk","Bulk device volume, mapped from ADTestEnvironment (Workstation)"
"mobile192","MOBILE-192","Android","14","TRUE","TRUE","TRUE","cassieh","Bulk","Bulk device volume, mapped from ADTestEnvironment (Mobile Device)"
"laptop222","LAPTOP-222","MacOS","14.5","TRUE","TRUE","TRUE","cassieh","Bulk","Bulk device volume, mapped from ADTestEnvironment (Workstation)"
"seasenior223","SEA-SENIOR-223","Windows","10.0.26100","TRUE","TRUE","TRUE","seanc","Bulk","Bulk device volume, mapped from ADTestEnvironment (Workstation)"
"mobile193","MOBILE-193","Windows","10.0.26100","TRUE","TRUE","TRUE","seanc","Bulk","Bulk device volume, mapped from ADTestEnvironment (Mobile Device)"
"laptop223","LAPTOP-223","Windows","10.0.26100","FALSE","TRUE","TRUE","seanc","Bulk","Bulk device volume, mapped from ADTestEnvironment (Workstation)"
"seasenior224","SEA-SENIOR-224","Windows","10.0.19045","TRUE","TRUE","TRUE","toddr","Bulk","Bulk device volume, mapped from ADTestEnvironment (Workstation)"
"mobile194","MOBILE-194","IPhone","17.5.1","TRUE","TRUE","TRUE","toddr","Bulk","Bulk device volume, mapped from ADTestEnvironment (Mobile Device)"
"seacvpofi225","SEA-CVPOFI-225","Windows","10.0.22631","FALSE","FALSE","TRUE","tail","Bulk","Bulk device volume, mapped from ADTestEnvironment (Workstation)"
"mobile195","MOBILE-195","Windows","10.0.22631","FALSE","TRUE","TRUE","tail","Bulk","Bulk device volume, mapped from ADTestEnvironment (Mobile Device)"
"seasenior226","SEA-SENIOR-226","Windows","10.0.26100","FALSE","FALSE","TRUE","gregw","Bulk","Bulk device volume, mapped from ADTestEnvironment (Workstation)"
"mobile196","MOBILE-196","Android","14","TRUE","TRUE","TRUE","gregw","Bulk","Bulk device volume, mapped from ADTestEnvironment (Mobile Device)"
"seaexecut227","SEA-EXECUT-227","Android","14","FALSE","TRUE","TRUE","sanjays","Bulk","Bulk device volume, mapped from ADTestEnvironment (Workstation)"
"mobile197","MOBILE-197","Windows","10.0.19045","FALSE","FALSE","TRUE","sanjays","Bulk","Bulk device volume, mapped from ADTestEnvironment (Mobile Device)"
"seaexecut228","SEA-EXECUT-228","Windows","10.0.22631","FALSE","FALSE","TRUE","tonip","Bulk","Bulk device volume, mapped from ADTestEnvironment (Workstation)"
"mobile198","MOBILE-198","Windows","10.0.26100","FALSE","TRUE","TRUE","tonip","Bulk","Bulk device volume, mapped from ADTestEnvironment (Mobile Device)"
"seaexecut229","SEA-EXECUT-229","IPhone","17.5.1","TRUE","TRUE","TRUE","jimd","Bulk","Bulk device volume, mapped from ADTestEnvironment (Workstation)"
"mobile199","MOBILE-199","Windows","10.0.26100","FALSE","FALSE","TRUE","jimd","Bulk","Bulk device volume, mapped from ADTestEnvironment (Mobile Device)"
"laptop229","LAPTOP-229","Android","14","TRUE","TRUE","TRUE","jimd","Bulk","Bulk device volume, mapped from ADTestEnvironment (Workstation)"
"seasalese230","SEA-SALESE-230","IPhone","17.5.1","TRUE","TRUE","TRUE","tomy","Bulk","Bulk device volume, mapped from ADTestEnvironment (Workstation)"
"mobile200","MOBILE-200","MacOS","14.5","TRUE","TRUE","TRUE","tomy","Bulk","Bulk device volume, mapped from ADTestEnvironment (Mobile Device)"
"seasalese231","SEA-SALESE-231","Windows","10.0.19045","FALSE","TRUE","TRUE","kerimh","Bulk","Bulk device volume, mapped from ADTestEnvironment (Workstation)"
"mobile201","MOBILE-201","Windows","10.0.22631","FALSE","FALSE","TRUE","kerimh","Bulk","Bulk device volume, mapped from ADTestEnvironment (Mobile Device)"
"seasalese232","SEA-SALESE-232","Windows","10.0.22631","TRUE","TRUE","TRUE","jamier","Bulk","Bulk device volume, mapped from ADTestEnvironment (Workstation)"
"mobile202","MOBILE-202","IPhone","17.5.1","FALSE","TRUE","TRUE","jamier","Bulk","Bulk device volume, mapped from ADTestEnvironment (Mobile Device)"
"seasalese233","SEA-SALESE-233","IPhone","17.5.1","FALSE","FALSE","TRUE","yex","Bulk","Bulk device volume, mapped from ADTestEnvironment (Workstation)"
"mobile203","MOBILE-203","Windows","10.0.22631","TRUE","TRUE","TRUE","yex","Bulk","Bulk device volume, mapped from ADTestEnvironment (Mobile Device)"
"seasales234","SEA-SALES-234","Windows","10.0.26100","TRUE","TRUE","TRUE","markoz","Bulk","Bulk device volume, mapped from ADTestEnvironment (Workstation)"
"mobile204","MOBILE-204","MacOS","14.5","TRUE","TRUE","TRUE","markoz","Bulk","Bulk device volume, mapped from ADTestEnvironment (Mobile Device)"
"seasalese235","SEA-SALESE-235","Windows","10.0.19045","TRUE","TRUE","TRUE","fabricc","Bulk","Bulk device volume, mapped from ADTestEnvironment (Workstation)"
"mobile205","MOBILE-205","IPhone","17.5.1","TRUE","TRUE","TRUE","fabricc","Bulk","Bulk device volume, mapped from ADTestEnvironment (Mobile Device)"
"seasales236","SEA-SALES-236","Windows","10.0.22631","TRUE","TRUE","TRUE","pavels","Bulk","Bulk device volume, mapped from ADTestEnvironment (Workstation)"
"mobile206","MOBILE-206","IPhone","17.5.1","TRUE","TRUE","TRUE","pavels","Bulk","Bulk device volume, mapped from ADTestEnvironment (Mobile Device)"
"remsalese237","REM-SALESE-237","Windows","10.0.26100","FALSE","TRUE","TRUE","vernettp","Bulk","Bulk device volume, mapped from ADTestEnvironment (Workstation)"
"mobile207","MOBILE-207","Windows","10.0.19045","FALSE","TRUE","TRUE","vernettp","Bulk","Bulk device volume, mapped from ADTestEnvironment (Mobile Device)"
"remsalese238","REM-SALESE-238","IPhone","17.5.1","TRUE","TRUE","TRUE","nates","Bulk","Bulk device volume, mapped from ADTestEnvironment (Workstation)"
"mobile208","MOBILE-208","IPhone","17.5.1","TRUE","TRUE","TRUE","nates","Bulk","Bulk device volume, mapped from ADTestEnvironment (Mobile Device)"
"ricsalese239","RIC-SALESE-239","IPhone","17.5.1","TRUE","TRUE","TRUE","tinam","Bulk","Bulk device volume, mapped from ADTestEnvironment (Workstation)"
"mobile209","MOBILE-209","MacOS","14.5","FALSE","FALSE","TRUE","tinam","Bulk","Bulk device volume, mapped from ADTestEnvironment (Mobile Device)"
"ricsalese240","RIC-SALESE-240","IPhone","17.5.1","FALSE","TRUE","TRUE","neilo","Bulk","Bulk device volume, mapped from ADTestEnvironment (Workstation)"
"mobile210","MOBILE-210","IPhone","17.5.1","TRUE","TRUE","TRUE","neilo","Bulk","Bulk device volume, mapped from ADTestEnvironment (Mobile Device)"
"ricsalese241","RIC-SALESE-241","Windows","10.0.19045","FALSE","FALSE","TRUE","lukaa","Bulk","Bulk device volume, mapped from ADTestEnvironment (Workstation)"
"mobile211","MOBILE-211","Windows","10.0.22631","FALSE","TRUE","TRUE","lukaa","Bulk","Bulk device volume, mapped from ADTestEnvironment (Mobile Device)"
"ricsalese242","RIC-SALESE-242","Android","14","FALSE","TRUE","TRUE","euang","Bulk","Bulk device volume, mapped from ADTestEnvironment (Workstation)"
"mobile212","MOBILE-212","MacOS","14.5","FALSE","TRUE","TRUE","euang","Bulk","Bulk device volume, mapped from ADTestEnvironment (Mobile Device)"
"laxsales243","LAX-SALES-243","MacOS","14.5","FALSE","FALSE","TRUE","eranh","Bulk","Bulk device volume, mapped from ADTestEnvironment (Workstation)"
"mobile213","MOBILE-213","Android","14","FALSE","FALSE","TRUE","eranh","Bulk","Bulk device volume, mapped from ADTestEnvironment (Mobile Device)"
"seasales244","SEA-SALES-244","Windows","10.0.22631","FALSE","FALSE","TRUE","michaeo","Bulk","Bulk device volume, mapped from ADTestEnvironment (Workstation)"
"mobile214","MOBILE-214","MacOS","14.5","TRUE","TRUE","TRUE","michaeo","Bulk","Bulk device volume, mapped from ADTestEnvironment (Mobile Device)"
"seasales245","SEA-SALES-245","MacOS","14.5","TRUE","TRUE","TRUE","kima","Bulk","Bulk device volume, mapped from ADTestEnvironment (Workstation)"
"mobile215","MOBILE-215","MacOS","14.5","FALSE","FALSE","TRUE","kima","Bulk","Bulk device volume, mapped from ADTestEnvironment (Mobile Device)"
"seaoperat246","SEA-OPERAT-246","Android","14","TRUE","TRUE","TRUE","roby","Bulk","Bulk device volume, mapped from ADTestEnvironment (Workstation)"
"mobile216","MOBILE-216","Android","14","FALSE","FALSE","TRUE","roby","Bulk","Bulk device volume, mapped from ADTestEnvironment (Mobile Device)"
"laptop246","LAPTOP-246","Windows","10.0.19045","TRUE","TRUE","TRUE","roby","Bulk","Bulk device volume, mapped from ADTestEnvironment (Workstation)"
"seaprojec247","SEA-PROJEC-247","Android","14","FALSE","FALSE","TRUE","terrye","Bulk","Bulk device volume, mapped from ADTestEnvironment (Workstation)"
"mobile217","MOBILE-217","Windows","10.0.19045","FALSE","TRUE","TRUE","terrye","Bulk","Bulk device volume, mapped from ADTestEnvironment (Mobile Device)"
"laptop247","LAPTOP-247","Android","14","FALSE","FALSE","TRUE","terrye","Bulk","Bulk device volume, mapped from ADTestEnvironment (Workstation)"
"seaoperat248","SEA-OPERAT-248","Windows","10.0.26100","TRUE","TRUE","TRUE","michaem","Bulk","Bulk device volume, mapped from ADTestEnvironment (Workstation)"
"mobile218","MOBILE-218","Windows","10.0.19045","TRUE","TRUE","TRUE","michaem","Bulk","Bulk device volume, mapped from ADTestEnvironment (Mobile Device)"
"laptop248","LAPTOP-248","Windows","10.0.22631","TRUE","TRUE","TRUE","michaem","Bulk","Bulk device volume, mapped from ADTestEnvironment (Workstation)"
"seasalese249","SEA-SALESE-249","Windows","10.0.22631","TRUE","TRUE","TRUE","svenb","Bulk","Bulk device volume, mapped from ADTestEnvironment (Workstation)"
"mobile219","MOBILE-219","Windows","10.0.19045","FALSE","TRUE","TRUE","svenb","Bulk","Bulk device volume, mapped from ADTestEnvironment (Mobile Device)"
"seasales250","SEA-SALES-250","Windows","10.0.19045","TRUE","TRUE","TRUE","ericg","Bulk","Bulk device volume, mapped from ADTestEnvironment (Workstation)"
"mobile220","MOBILE-220","Windows","10.0.19045","TRUE","TRUE","TRUE","ericg","Bulk","Bulk device volume, mapped from ADTestEnvironment (Mobile Device)"
"seaoperat251","SEA-OPERAT-251","Android","14","FALSE","FALSE","TRUE","jellev","Bulk","Bulk device volume, mapped from ADTestEnvironment (Workstation)"
"mobile221","MOBILE-221","IPhone","17.5.1","TRUE","TRUE","TRUE","jellev","Bulk","Bulk device volume, mapped from ADTestEnvironment (Mobile Device)"
"laptop251","LAPTOP-251","Android","14","FALSE","FALSE","TRUE","jellev","Bulk","Bulk device volume, mapped from ADTestEnvironment (Workstation)"
"seasales252","SEA-SALES-252","MacOS","14.5","TRUE","TRUE","TRUE","erikg","Bulk","Bulk device volume, mapped from ADTestEnvironment (Workstation)"
"mobile222","MOBILE-222","IPhone","17.5.1","FALSE","FALSE","TRUE","erikg","Bulk","Bulk device volume, mapped from ADTestEnvironment (Mobile Device)"
"nycsales253","NYC-SALES-253","Windows","10.0.19045","TRUE","TRUE","TRUE","dominip","Bulk","Bulk device volume, mapped from ADTestEnvironment (Workstation)"
"mobile223","MOBILE-223","Windows","10.0.26100","TRUE","TRUE","TRUE","dominip","Bulk","Bulk device volume, mapped from ADTestEnvironment (Mobile Device)"
"seasales254","SEA-SALES-254","Windows","10.0.22631","FALSE","TRUE","TRUE","danh","Bulk","Bulk device volume, mapped from ADTestEnvironment (Workstation)"
"mobile224","MOBILE-224","Windows","10.0.19045","FALSE","TRUE","TRUE","danh","Bulk","Bulk device volume, mapped from ADTestEnvironment (Mobile Device)"
"seasales255","SEA-SALES-255","Windows","10.0.22631","TRUE","TRUE","TRUE","tinal","Bulk","Bulk device volume, mapped from ADTestEnvironment (Workstation)"
"mobile225","MOBILE-225","Windows","10.0.22631","TRUE","TRUE","TRUE","tinal","Bulk","Bulk device volume, mapped from ADTestEnvironment (Mobile Device)"
"seasales256","SEA-SALES-256","Android","14","TRUE","TRUE","TRUE","nunof","Bulk","Bulk device volume, mapped from ADTestEnvironment (Workstation)"
"mobile226","MOBILE-226","Windows","10.0.26100","TRUE","TRUE","TRUE","nunof","Bulk","Bulk device volume, mapped from ADTestEnvironment (Mobile Device)"
"seasales257","SEA-SALES-257","Android","14","TRUE","TRUE","TRUE","marus","Bulk","Bulk device volume, mapped from ADTestEnvironment (Workstation)"
"mobile227","MOBILE-227","Windows","10.0.19045","FALSE","TRUE","TRUE","marus","Bulk","Bulk device volume, mapped from ADTestEnvironment (Mobile Device)"
"laxsales258","LAX-SALES-258","Windows","10.0.19045","TRUE","TRUE","TRUE","marcf","Bulk","Bulk device volume, mapped from ADTestEnvironment (Workstation)"
"mobile228","MOBILE-228","Windows","10.0.26100","TRUE","TRUE","TRUE","marcf","Bulk","Bulk device volume, mapped from ADTestEnvironment (Mobile Device)"
"seasales259","SEA-SALES-259","Android","14","TRUE","TRUE","TRUE","karif","Bulk","Bulk device volume, mapped from ADTestEnvironment (Workstation)"
"mobile229","MOBILE-229","Windows","10.0.22631","TRUE","TRUE","TRUE","karif","Bulk","Bulk device volume, mapped from ADTestEnvironment (Mobile Device)"
"seasenior260","SEA-SENIOR-260","IPhone","17.5.1","TRUE","TRUE","TRUE","karenb","Bulk","Bulk device volume, mapped from ADTestEnvironment (Workstation)"
"mobile230","MOBILE-230","IPhone","17.5.1","TRUE","TRUE","TRUE","karenb","Bulk","Bulk device volume, mapped from ADTestEnvironment (Mobile Device)"
"laptop260","LAPTOP-260","Windows","10.0.26100","FALSE","TRUE","TRUE","karenb","Bulk","Bulk device volume, mapped from ADTestEnvironment (Workstation)"
"seahumanr261","SEA-HUMANR-261","Windows","10.0.19045","TRUE","TRUE","TRUE","iant","Bulk","Bulk device volume, mapped from ADTestEnvironment (Workstation)"
"mobile231","MOBILE-231","Windows","10.0.19045","TRUE","TRUE","TRUE","iant","Bulk","Bulk device volume, mapped from ADTestEnvironment (Mobile Device)"
"seasales262","SEA-SALES-262","Android","14","FALSE","TRUE","TRUE","scottg","Bulk","Bulk device volume, mapped from ADTestEnvironment (Workstation)"
"mobile232","MOBILE-232","Windows","10.0.19045","TRUE","TRUE","TRUE","scottg","Bulk","Bulk device volume, mapped from ADTestEnvironment (Mobile Device)"
"seasales263","SEA-SALES-263","Windows","10.0.19045","TRUE","TRUE","TRUE","ginab","Bulk","Bulk device volume, mapped from ADTestEnvironment (Workstation)"
"mobile233","MOBILE-233","MacOS","14.5","TRUE","TRUE","TRUE","ginab","Bulk","Bulk device volume, mapped from ADTestEnvironment (Mobile Device)"
"seasales264","SEA-SALES-264","Windows","10.0.26100","TRUE","TRUE","TRUE","anneliz","Bulk","Bulk device volume, mapped from ADTestEnvironment (Workstation)"
"mobile234","MOBILE-234","Android","14","FALSE","FALSE","TRUE","anneliz","Bulk","Bulk device volume, mapped from ADTestEnvironment (Mobile Device)"
"seasales265","SEA-SALES-265","Android","14","FALSE","TRUE","TRUE","davidb","Bulk","Bulk device volume, mapped from ADTestEnvironment (Workstation)"
"mobile235","MOBILE-235","Windows","10.0.19045","TRUE","TRUE","TRUE","davidb","Bulk","Bulk device volume, mapped from ADTestEnvironment (Mobile Device)"
"seasales266","SEA-SALES-266","IPhone","17.5.1","TRUE","TRUE","TRUE","aliciat","Bulk","Bulk device volume, mapped from ADTestEnvironment (Workstation)"
"mobile236","MOBILE-236","IPhone","17.5.1","FALSE","FALSE","TRUE","aliciat","Bulk","Bulk device volume, mapped from ADTestEnvironment (Mobile Device)"
"seasales267","SEA-SALES-267","MacOS","14.5","TRUE","TRUE","TRUE","marcelt","Bulk","Bulk device volume, mapped from ADTestEnvironment (Workstation)"
"mobile237","MOBILE-237","MacOS","14.5","TRUE","TRUE","TRUE","marcelt","Bulk","Bulk device volume, mapped from ADTestEnvironment (Mobile Device)"
"seaengengine268","SEA-ENG-ENGINE-268","Windows","10.0.19045","FALSE","TRUE","TRUE","tonym","Bulk","Bulk device volume, mapped from ADTestEnvironment (Workstation)"
"mobile238","MOBILE-238","Windows","10.0.26100","TRUE","TRUE","TRUE","tonym","Bulk","Bulk device volume, mapped from ADTestEnvironment (Mobile Device)"
"seaengengine269","SEA-ENG-ENGINE-269","Windows","10.0.19045","TRUE","TRUE","TRUE","sunilk","Bulk","Bulk device volume, mapped from ADTestEnvironment (Workstation)"
"mobile239","MOBILE-239","IPhone","17.5.1","TRUE","TRUE","TRUE","sunilk","Bulk","Bulk device volume, mapped from ADTestEnvironment (Mobile Device)"
"seaengengine270","SEA-ENG-ENGINE-270","Windows","10.0.19045","TRUE","TRUE","TRUE","simonp","Bulk","Bulk device volume, mapped from ADTestEnvironment (Workstation)"
"mobile240","MOBILE-240","Windows","10.0.26100","FALSE","FALSE","TRUE","simonp","Bulk","Bulk device volume, mapped from ADTestEnvironment (Mobile Device)"
"seaengengine271","SEA-ENG-ENGINE-271","Windows","10.0.26100","FALSE","TRUE","TRUE","pauld","Bulk","Bulk device volume, mapped from ADTestEnvironment (Workstation)"
"mobile241","MOBILE-241","Windows","10.0.22631","TRUE","TRUE","TRUE","pauld","Bulk","Bulk device volume, mapped from ADTestEnvironment (Mobile Device)"
"seaengengine272","SEA-ENG-ENGINE-272","Windows","10.0.26100","TRUE","TRUE","TRUE","katet","Bulk","Bulk device volume, mapped from ADTestEnvironment (Workstation)"
"mobile242","MOBILE-242","Windows","10.0.26100","FALSE","FALSE","TRUE","katet","Bulk","Bulk device volume, mapped from ADTestEnvironment (Mobile Device)"
"seaengengine273","SEA-ENG-ENGINE-273","Windows","10.0.26100","TRUE","TRUE","TRUE","chrisg","Bulk","Bulk device volume, mapped from ADTestEnvironment (Workstation)"
"mobile243","MOBILE-243","MacOS","14.5","TRUE","TRUE","TRUE","chrisg","Bulk","Bulk device volume, mapped from ADTestEnvironment (Mobile Device)"
"seaengengine274","SEA-ENG-ENGINE-274","Windows","10.0.19045","FALSE","FALSE","TRUE","stephed","Bulk","Bulk device volume, mapped from ADTestEnvironment (Workstation)"
"mobile244","MOBILE-244","MacOS","14.5","TRUE","TRUE","TRUE","stephed","Bulk","Bulk device volume, mapped from ADTestEnvironment (Mobile Device)"
"seaengengine275","SEA-ENG-ENGINE-275","Android","14","FALSE","TRUE","TRUE","olivief","Bulk","Bulk device volume, mapped from ADTestEnvironment (Workstation)"
"mobile245","MOBILE-245","IPhone","17.5.1","TRUE","TRUE","TRUE","olivief","Bulk","Bulk device volume, mapped from ADTestEnvironment (Mobile Device)"
"seaengengine276","SEA-ENG-ENGINE-276","IPhone","17.5.1","TRUE","TRUE","TRUE","michelf","Bulk","Bulk device volume, mapped from ADTestEnvironment (Workstation)"
"mobile246","MOBILE-246","IPhone","17.5.1","TRUE","TRUE","TRUE","michelf","Bulk","Bulk device volume, mapped from ADTestEnvironment (Mobile Device)"
"seastrate277","SEA-STRATE-277","Windows","10.0.19045","FALSE","FALSE","TRUE","arleneh","Bulk","Bulk device volume, mapped from ADTestEnvironment (Workstation)"
"mobile247","MOBILE-247","Windows","10.0.19045","TRUE","TRUE","TRUE","arleneh","Bulk","Bulk device volume, mapped from ADTestEnvironment (Mobile Device)"
"seamarket278","SEA-MARKET-278","Android","14","FALSE","TRUE","TRUE","pieterw","Bulk","Bulk device volume, mapped from ADTestEnvironment (Workstation)"
"mobile248","MOBILE-248","MacOS","14.5","TRUE","TRUE","TRUE","pieterw","Bulk","Bulk device volume, mapped from ADTestEnvironment (Mobile Device)"
"seaengengine279","SEA-ENG-ENGINE-279","Windows","10.0.26100","FALSE","TRUE","TRUE","erwinz","Bulk","Bulk device volume, mapped from ADTestEnvironment (Workstation)"
"mobile249","MOBILE-249","Windows","10.0.22631","FALSE","TRUE","TRUE","erwinz","Bulk","Bulk device volume, mapped from ADTestEnvironment (Mobile Device)"
"seaoperat280","SEA-OPERAT-280","Windows","10.0.26100","FALSE","TRUE","TRUE","lukask","Bulk","Bulk device volume, mapped from ADTestEnvironment (Workstation)"
"mobile250","MOBILE-250","Windows","10.0.26100","TRUE","TRUE","TRUE","lukask","Bulk","Bulk device volume, mapped from ADTestEnvironment (Mobile Device)"
"laptop280","LAPTOP-280","Windows","10.0.26100","TRUE","TRUE","TRUE","lukask","Bulk","Bulk device volume, mapped from ADTestEnvironment (Workstation)"
"seaoperat281","SEA-OPERAT-281","Windows","10.0.19045","FALSE","FALSE","TRUE","kene","Bulk","Bulk device volume, mapped from ADTestEnvironment (Workstation)"
"mobile251","MOBILE-251","Windows","10.0.26100","TRUE","TRUE","TRUE","kene","Bulk","Bulk device volume, mapped from ADTestEnvironment (Mobile Device)"
"laptop281","LAPTOP-281","Windows","10.0.26100","TRUE","TRUE","TRUE","kene","Bulk","Bulk device volume, mapped from ADTestEnvironment (Workstation)"
"seaoperat282","SEA-OPERAT-282","IPhone","17.5.1","TRUE","TRUE","TRUE","justint","Bulk","Bulk device volume, mapped from ADTestEnvironment (Workstation)"
"mobile252","MOBILE-252","Windows","10.0.26100","TRUE","TRUE","TRUE","justint","Bulk","Bulk device volume, mapped from ADTestEnvironment (Mobile Device)"
"laptop282","LAPTOP-282","Windows","10.0.26100","FALSE","FALSE","TRUE","justint","Bulk","Bulk device volume, mapped from ADTestEnvironment (Workstation)"
"seaoperat283","SEA-OPERAT-283","Windows","10.0.26100","TRUE","TRUE","TRUE","jong","Bulk","Bulk device volume, mapped from ADTestEnvironment (Workstation)"
"mobile253","MOBILE-253","Android","14","TRUE","TRUE","TRUE","jong","Bulk","Bulk device volume, mapped from ADTestEnvironment (Mobile Device)"
"laptop283","LAPTOP-283","MacOS","14.5","TRUE","TRUE","TRUE","jong","Bulk","Bulk device volume, mapped from ADTestEnvironment (Workstation)"
"seaoperat284","SEA-OPERAT-284","Windows","10.0.26100","TRUE","TRUE","TRUE","job","Bulk","Bulk device volume, mapped from ADTestEnvironment (Workstation)"
"mobile254","MOBILE-254","Android","14","FALSE","TRUE","TRUE","job","Bulk","Bulk device volume, mapped from ADTestEnvironment (Mobile Device)"
"laptop284","LAPTOP-284","Android","14","TRUE","TRUE","TRUE","job","Bulk","Bulk device volume, mapped from ADTestEnvironment (Workstation)"
"seaoperat285","SEA-OPERAT-285","MacOS","14.5","TRUE","TRUE","TRUE","hansg","Bulk","Bulk device volume, mapped from ADTestEnvironment (Workstation)"
"mobile255","MOBILE-255","Android","14","TRUE","TRUE","TRUE","hansg","Bulk","Bulk device volume, mapped from ADTestEnvironment (Mobile Device)"
"laptop285","LAPTOP-285","Windows","10.0.22631","TRUE","TRUE","TRUE","hansg","Bulk","Bulk device volume, mapped from ADTestEnvironment (Workstation)"
"seaoperat286","SEA-OPERAT-286","Android","14","TRUE","TRUE","TRUE","davidb1","Bulk","Bulk device volume, mapped from ADTestEnvironment (Workstation)"
"mobile256","MOBILE-256","Windows","10.0.22631","TRUE","TRUE","TRUE","davidb1","Bulk","Bulk device volume, mapped from ADTestEnvironment (Mobile Device)"
"laptop286","LAPTOP-286","Windows","10.0.26100","FALSE","FALSE","TRUE","davidb1","Bulk","Bulk device volume, mapped from ADTestEnvironment (Workstation)"
"seaoperat287","SEA-OPERAT-287","Windows","10.0.22631","FALSE","FALSE","TRUE","maried","Bulk","Bulk device volume, mapped from ADTestEnvironment (Workstation)"
"mobile257","MOBILE-257","Windows","10.0.22631","TRUE","TRUE","TRUE","maried","Bulk","Bulk device volume, mapped from ADTestEnvironment (Mobile Device)"
"laptop287","LAPTOP-287","Windows","10.0.19045","FALSE","TRUE","TRUE","maried","Bulk","Bulk device volume, mapped from ADTestEnvironment (Workstation)"
"seaoperat288","SEA-OPERAT-288","Windows","10.0.22631","TRUE","TRUE","TRUE","kevink","Bulk","Bulk device volume, mapped from ADTestEnvironment (Workstation)"
"mobile258","MOBILE-258","Windows","10.0.26100","TRUE","TRUE","TRUE","kevink","Bulk","Bulk device volume, mapped from ADTestEnvironment (Mobile Device)"
"laptop288","LAPTOP-288","Windows","10.0.19045","TRUE","TRUE","TRUE","kevink","Bulk","Bulk device volume, mapped from ADTestEnvironment (Workstation)"
"seaoperat289","SEA-OPERAT-289","Windows","10.0.26100","TRUE","TRUE","TRUE","kaia","Bulk","Bulk device volume, mapped from ADTestEnvironment (Workstation)"
"mobile259","MOBILE-259","IPhone","17.5.1","TRUE","TRUE","TRUE","kaia","Bulk","Bulk device volume, mapped from ADTestEnvironment (Mobile Device)"
"laptop289","LAPTOP-289","MacOS","14.5","TRUE","TRUE","TRUE","kaia","Bulk","Bulk device volume, mapped from ADTestEnvironment (Workstation)"
"seasales290","SEA-SALES-290","MacOS","14.5","FALSE","TRUE","TRUE","manishc","Bulk","Bulk device volume, mapped from ADTestEnvironment (Workstation)"
"mobile260","MOBILE-260","MacOS","14.5","TRUE","TRUE","TRUE","manishc","Bulk","Bulk device volume, mapped from ADTestEnvironment (Mobile Device)"
"seamarket291","SEA-MARKET-291","IPhone","17.5.1","TRUE","TRUE","TRUE","sunilu","Bulk","Bulk device volume, mapped from ADTestEnvironment (Workstation)"
"mobile261","MOBILE-261","IPhone","17.5.1","TRUE","TRUE","TRUE","sunilu","Bulk","Bulk device volume, mapped from ADTestEnvironment (Mobile Device)"
"seasales292","SEA-SALES-292","IPhone","17.5.1","TRUE","TRUE","TRUE","luisb","Bulk","Bulk device volume, mapped from ADTestEnvironment (Workstation)"
"mobile262","MOBILE-262","Windows","10.0.22631","TRUE","TRUE","TRUE","luisb","Bulk","Bulk device volume, mapped from ADTestEnvironment (Mobile Device)"
"seasales293","SEA-SALES-293","IPhone","17.5.1","FALSE","FALSE","TRUE","kevinv","Bulk","Bulk device volume, mapped from ADTestEnvironment (Workstation)"
"mobile263","MOBILE-263","IPhone","17.5.1","TRUE","TRUE","TRUE","kevinv","Bulk","Bulk device volume, mapped from ADTestEnvironment (Mobile Device)"
"seamarket294","SEA-MARKET-294","MacOS","14.5","TRUE","TRUE","TRUE","christj","Bulk","Bulk device volume, mapped from ADTestEnvironment (Workstation)"
"mobile264","MOBILE-264","Android","14","TRUE","TRUE","TRUE","christj","Bulk","Bulk device volume, mapped from ADTestEnvironment (Mobile Device)"
"seamarket295","SEA-MARKET-295","IPhone","17.5.1","FALSE","TRUE","TRUE","felipem","Bulk","Bulk device volume, mapped from ADTestEnvironment (Workstation)"
"mobile265","MOBILE-265","Android","14","TRUE","TRUE","TRUE","felipem","Bulk","Bulk device volume, mapped from ADTestEnvironment (Mobile Device)"
"seamarket296","SEA-MARKET-296","Windows","10.0.26100","TRUE","TRUE","TRUE","johnev","Bulk","Bulk device volume, mapped from ADTestEnvironment (Workstation)"
"mobile266","MOBILE-266","Windows","10.0.26100","TRUE","TRUE","TRUE","johnev","Bulk","Bulk device volume, mapped from ADTestEnvironment (Mobile Device)"
"seaoperat297","SEA-OPERAT-297","Windows","10.0.22631","FALSE","TRUE","TRUE","heinrif","Bulk","Bulk device volume, mapped from ADTestEnvironment (Workstation)"
"mobile267","MOBILE-267","Android","14","TRUE","TRUE","TRUE","heinrif","Bulk","Bulk device volume, mapped from ADTestEnvironment (Mobile Device)"
"laptop297","LAPTOP-297","IPhone","17.5.1","TRUE","TRUE","TRUE","heinrif","Bulk","Bulk device volume, mapped from ADTestEnvironment (Workstation)"
"seasales298","SEA-SALES-298","IPhone","17.5.1","FALSE","FALSE","TRUE","kirkj","Bulk","Bulk device volume, mapped from ADTestEnvironment (Workstation)"
"mobile268","MOBILE-268","Android","14","FALSE","TRUE","TRUE","kirkj","Bulk","Bulk device volume, mapped from ADTestEnvironment (Mobile Device)"
"seaoperat299","SEA-OPERAT-299","IPhone","17.5.1","FALSE","TRUE","TRUE","brianc","Bulk","Bulk device volume, mapped from ADTestEnvironment (Workstation)"
"mobile269","MOBILE-269","IPhone","17.5.1","TRUE","TRUE","TRUE","brianc","Bulk","Bulk device volume, mapped from ADTestEnvironment (Mobile Device)"
"laptop299","LAPTOP-299","MacOS","14.5","FALSE","FALSE","TRUE","brianc","Bulk","Bulk device volume, mapped from ADTestEnvironment (Workstation)"
"chisales300","CHI-SALES-300","Windows","10.0.26100","FALSE","FALSE","TRUE","patricd","Bulk","Bulk device volume, mapped from ADTestEnvironment (Workstation)"
"mobile270","MOBILE-270","Android","14","TRUE","TRUE","TRUE","patricd","Bulk","Bulk device volume, mapped from ADTestEnvironment (Mobile Device)"
"bossales301","BOS-SALES-301","Windows","10.0.22631","TRUE","TRUE","TRUE","rong","Bulk","Bulk device volume, mapped from ADTestEnvironment (Workstation)"
"mobile271","MOBILE-271","MacOS","14.5","TRUE","TRUE","TRUE","rong","Bulk","Bulk device volume, mapped from ADTestEnvironment (Mobile Device)"
"atlsales302","ATL-SALES-302","IPhone","17.5.1","TRUE","TRUE","TRUE","shmuely","Bulk","Bulk device volume, mapped from ADTestEnvironment (Workstation)"
"mobile272","MOBILE-272","Android","14","FALSE","FALSE","TRUE","shmuely","Bulk","Bulk device volume, mapped from ADTestEnvironment (Mobile Device)"
"seamarket303","SEA-MARKET-303","Windows","10.0.22631","FALSE","FALSE","TRUE","phyllih","Bulk","Bulk device volume, mapped from ADTestEnvironment (Workstation)"
"mobile273","MOBILE-273","IPhone","17.5.1","FALSE","FALSE","TRUE","phyllih","Bulk","Bulk device volume, mapped from ADTestEnvironment (Mobile Device)"
"seasales304","SEA-SALES-304","Windows","10.0.26100","TRUE","TRUE","TRUE","jennyl","Bulk","Bulk device volume, mapped from ADTestEnvironment (Workstation)"
"mobile274","MOBILE-274","IPhone","17.5.1","TRUE","TRUE","TRUE","jennyl","Bulk","Bulk device volume, mapped from ADTestEnvironment (Mobile Device)"
"seamarket305","SEA-MARKET-305","Windows","10.0.26100","FALSE","TRUE","TRUE","jordaom","Bulk","Bulk device volume, mapped from ADTestEnvironment (Workstation)"
"mobile275","MOBILE-275","Windows","10.0.26100","TRUE","TRUE","TRUE","jordaom","Bulk","Bulk device volume, mapped from ADTestEnvironment (Mobile Device)"
"seasales306","SEA-SALES-306","MacOS","14.5","TRUE","TRUE","TRUE","joshe","Bulk","Bulk device volume, mapped from ADTestEnvironment (Workstation)"
"mobile276","MOBILE-276","Windows","10.0.26100","TRUE","TRUE","TRUE","joshe","Bulk","Bulk device volume, mapped from ADTestEnvironment (Mobile Device)"
"seamarket307","SEA-MARKET-307","IPhone","17.5.1","FALSE","FALSE","TRUE","chrisj","Bulk","Bulk device volume, mapped from ADTestEnvironment (Workstation)"
"mobile277","MOBILE-277","Windows","10.0.19045","TRUE","TRUE","TRUE","chrisj","Bulk","Bulk device volume, mapped from ADTestEnvironment (Mobile Device)"
"seaoperat308","SEA-OPERAT-308","MacOS","14.5","TRUE","TRUE","TRUE","krisj","Bulk","Bulk device volume, mapped from ADTestEnvironment (Workstation)"
"mobile278","MOBILE-278","Android","14","FALSE","FALSE","TRUE","krisj","Bulk","Bulk device volume, mapped from ADTestEnvironment (Mobile Device)"
"laptop308","LAPTOP-308","Android","14","FALSE","TRUE","TRUE","krisj","Bulk","Bulk device volume, mapped from ADTestEnvironment (Workstation)"
"seafinaccoun309","SEA-FIN-ACCOUN-309","Windows","10.0.19045","TRUE","TRUE","TRUE","chrisjoh","Bulk","Bulk device volume, mapped from ADTestEnvironment (Workstation)"
"mobile279","MOBILE-279","Windows","10.0.19045","TRUE","TRUE","TRUE","chrisjoh","Bulk","Bulk device volume, mapped from ADTestEnvironment (Mobile Device)"
"seaengengine310","SEA-ENG-ENGINE-310","Windows","10.0.22631","TRUE","TRUE","TRUE","chrisjohn","Bulk","Bulk device volume, mapped from ADTestEnvironment (Workstation)"
"mobile280","MOBILE-280","Windows","10.0.26100","FALSE","FALSE","TRUE","chrisjohn","Bulk","Bulk device volume, mapped from ADTestEnvironment (Mobile Device)"
"seasalese311","SEA-SALESE-311","Windows","10.0.19045","FALSE","TRUE","TRUE","chrisjohns","Bulk","Bulk device volume, mapped from ADTestEnvironment (Workstation)"
"mobile281","MOBILE-281","Windows","10.0.22631","FALSE","FALSE","TRUE","chrisjohns","Bulk","Bulk device volume, mapped from ADTestEnvironment (Mobile Device)"
"seaengengine312","SEA-ENG-ENGINE-312","IPhone","17.5.1","FALSE","FALSE","TRUE","sarahc","Bulk","Bulk device volume, mapped from ADTestEnvironment (Workstation)"
"seamarket313","SEA-MARKET-313","Windows","10.0.26100","TRUE","TRUE","TRUE","jamesw2","Bulk","Bulk device volume, mapped from ADTestEnvironment (Workstation)"
"seahumanr314","SEA-HUMANR-314","MacOS","14.5","FALSE","FALSE","TRUE","emilyr","Bulk","Bulk device volume, mapped from ADTestEnvironment (Workstation)"
"chidc001","CHI-DC-001","Windows","10.0.22631","FALSE","FALSE","TRUE","","Bulk","Bulk device volume, mapped from ADTestEnvironment (Domain Controller)"
"chifile001","CHI-FILE-001","IPhone","17.5.1","FALSE","TRUE","TRUE","","Bulk","Bulk device volume, mapped from ADTestEnvironment (File Server)"
"chiprint001","CHI-PRINT-001","IPhone","17.5.1","TRUE","TRUE","TRUE","","Bulk","Bulk device volume, mapped from ADTestEnvironment (Printer)"
"atldc001","ATL-DC-001","Windows","10.0.19045","FALSE","FALSE","TRUE","","Bulk","Bulk device volume, mapped from ADTestEnvironment (Domain Controller)"
"atlfile001","ATL-FILE-001","IPhone","17.5.1","TRUE","TRUE","TRUE","","Bulk","Bulk device volume, mapped from ADTestEnvironment (File Server)"
"atlprint001","ATL-PRINT-001","IPhone","17.5.1","TRUE","TRUE","TRUE","","Bulk","Bulk device volume, mapped from ADTestEnvironment (Printer)"
"bosdc001","BOS-DC-001","Windows","10.0.22631","FALSE","FALSE","TRUE","","Bulk","Bulk device volume, mapped from ADTestEnvironment (Domain Controller)"
"bosfile001","BOS-FILE-001","Android","14","TRUE","TRUE","TRUE","","Bulk","Bulk device volume, mapped from ADTestEnvironment (File Server)"
"bosprint001","BOS-PRINT-001","Android","14","FALSE","TRUE","TRUE","","Bulk","Bulk device volume, mapped from ADTestEnvironment (Printer)"
"laxdc001","LAX-DC-001","Windows","10.0.19045","FALSE","FALSE","TRUE","","Bulk","Bulk device volume, mapped from ADTestEnvironment (Domain Controller)"
"laxfile001","LAX-FILE-001","Windows","10.0.19045","FALSE","FALSE","TRUE","","Bulk","Bulk device volume, mapped from ADTestEnvironment (File Server)"
"laxprint001","LAX-PRINT-001","Android","14","TRUE","TRUE","TRUE","","Bulk","Bulk device volume, mapped from ADTestEnvironment (Printer)"
"sfodc001","SFO-DC-001","Windows","10.0.26100","FALSE","TRUE","TRUE","","Bulk","Bulk device volume, mapped from ADTestEnvironment (Domain Controller)"
"sfofile001","SFO-FILE-001","Android","14","TRUE","TRUE","TRUE","","Bulk","Bulk device volume, mapped from ADTestEnvironment (File Server)"
"sfoprint001","SFO-PRINT-001","IPhone","17.5.1","TRUE","TRUE","TRUE","","Bulk","Bulk device volume, mapped from ADTestEnvironment (Printer)"
"ricdc001","RIC-DC-001","IPhone","17.5.1","FALSE","TRUE","TRUE","","Bulk","Bulk device volume, mapped from ADTestEnvironment (Domain Controller)"
"ricfile001","RIC-FILE-001","Windows","10.0.19045","FALSE","TRUE","TRUE","","Bulk","Bulk device volume, mapped from ADTestEnvironment (File Server)"
"ricprint001","RIC-PRINT-001","Windows","10.0.22631","TRUE","TRUE","TRUE","","Bulk","Bulk device volume, mapped from ADTestEnvironment (Printer)"
"londc001","LON-DC-001","Android","14","TRUE","TRUE","TRUE","","Bulk","Bulk device volume, mapped from ADTestEnvironment (Domain Controller)"
"lonfile001","LON-FILE-001","Android","14","FALSE","TRUE","TRUE","","Bulk","Bulk device volume, mapped from ADTestEnvironment (File Server)"
"lonprint001","LON-PRINT-001","Android","14","TRUE","TRUE","TRUE","","Bulk","Bulk device volume, mapped from ADTestEnvironment (Printer)"
